source_key,source_filename,stem_relpath,vocal_ratio,active_ratio,stem_rms_db,n_frames,active_frames,vocal_like_frames,vocal_valid
pair_10_comp_104s,pair_10_comp_104s.wav,pair_10_comp_104s/vocals.wav,0.9651,0.86,-24.39,1000,860,830,True
pair_10_comp_11s,pair_10_comp_11s.wav,pair_10_comp_11s/vocals.wav,0.9789,0.852,-27.58,1000,852,834,True
pair_10_comp_46s,pair_10_comp_46s.wav,pair_10_comp_46s/vocals.wav,1.0,0.629,-28.09,1000,629,629,True
pair_10_comp_58s,pair_10_comp_58s.wav,pair_10_comp_58s/vocals.wav,0.9843,0.829,-27.22,1000,829,816,True
pair_10_comp_92s,pair_10_comp_92s.wav,pair_10_comp_92s/vocals.wav,0.9964,0.83,-27.28,1000,830,827,True
pair_10_ori_132s,pair_10_ori_132s.wav,pair_10_ori_132s/vocals.wav,1.0,0.779,-20.86,1000,779,779,True
pair_10_ori_152s,pair_10_ori_152s.wav,pair_10_ori_152s/vocals.wav,0.9751,0.882,-19.25,1000,882,860,True
pair_10_ori_194s,pair_10_ori_194s.wav,pair_10_ori_194s/vocals.wav,0.9519,0.831,-19.15,1000,831,791,True
pair_10_ori_213s,pair_10_ori_213s.wav,pair_10_ori_213s/vocals.wav,0.9767,0.772,-19.48,1000,772,754,True
pair_10_ori_22s,pair_10_ori_22s.wav,pair_10_ori_22s/vocals.wav,0.941,0.78,-20.52,1000,780,734,True
pair_10_ori_42s,pair_10_ori_42s.wav,pair_10_ori_42s/vocals.wav,0.9752,0.766,-20.97,1000,766,747,True
pair_10_ori_61s,pair_10_ori_61s.wav,pair_10_ori_61s/vocals.wav,0.9606,0.939,-19.65,1000,939,902,True
pair_11_comp_104s,pair_11_comp_104s.wav,pair_11_comp_104s/vocals.wav,0.9216,0.97,-21.55,1000,970,894,True
pair_11_comp_119s,pair_11_comp_119s.wav,pair_11_comp_119s/vocals.wav,0.9498,0.956,-19.34,1000,956,908,True
pair_11_comp_136s,pair_11_comp_136s.wav,pair_11_comp_136s/vocals.wav,0.9949,0.978,-19.2,1000,978,973,True
pair_11_comp_152s,pair_11_comp_152s.wav,pair_11_comp_152s/vocals.wav,1.0,0.956,-18.77,1000,956,956,True
pair_11_comp_183s,pair_11_comp_183s.wav,pair_11_comp_183s/vocals.wav,0.999,0.966,-21.92,1000,966,965,True
pair_11_comp_23s,pair_11_comp_23s.wav,pair_11_comp_23s/vocals.wav,0.9225,0.852,-24.45,1000,852,786,True
pair_11_comp_39s,pair_11_comp_39s.wav,pair_11_comp_39s/vocals.wav,0.9512,0.923,-23.15,1000,923,878,True
pair_11_comp_54s,pair_11_comp_54s.wav,pair_11_comp_54s/vocals.wav,0.9395,0.925,-21.12,1000,925,869,True
pair_11_comp_71s,pair_11_comp_71s.wav,pair_11_comp_71s/vocals.wav,0.9868,0.986,-20.3,1000,986,973,True
pair_11_comp_7s,pair_11_comp_7s.wav,pair_11_comp_7s/vocals.wav,0.9345,0.87,-25.23,1000,870,813,True
pair_11_comp_86s,pair_11_comp_86s.wav,pair_11_comp_86s/vocals.wav,0.9947,0.942,-19.37,1000,942,937,True
pair_11_ori_112s,pair_11_ori_112s.wav,pair_11_ori_112s/vocals.wav,0.9054,0.497,-20.55,1000,497,450,True
pair_11_ori_13s,pair_11_ori_13s.wav,pair_11_ori_13s/vocals.wav,0.9084,0.841,-19.83,1000,841,764,True
pair_11_ori_155s,pair_11_ori_155s.wav,pair_11_ori_155s/vocals.wav,0.9686,0.542,-20.38,1000,542,525,True
pair_11_ori_169s,pair_11_ori_169s.wav,pair_11_ori_169s/vocals.wav,0.9704,0.541,-19.67,1000,541,525,True
pair_11_ori_184s,pair_11_ori_184s.wav,pair_11_ori_184s/vocals.wav,0.971,0.552,-21.61,1000,552,536,True
pair_11_ori_198s,pair_11_ori_198s.wav,pair_11_ori_198s/vocals.wav,0.9747,0.513,-23.93,1000,513,500,True
pair_11_ori_212s,pair_11_ori_212s.wav,pair_11_ori_212s/vocals.wav,0.9742,0.698,-23.5,1000,698,680,True
pair_11_ori_226s,pair_11_ori_226s.wav,pair_11_ori_226s/vocals.wav,0.9827,0.808,-24.96,1000,808,794,True
pair_11_ori_27s,pair_11_ori_27s.wav,pair_11_ori_27s/vocals.wav,0.8992,0.645,-21.15,1000,645,580,True
pair_11_ori_41s,pair_11_ori_41s.wav,pair_11_ori_41s/vocals.wav,0.9494,0.869,-20.29,1000,869,825,True
pair_11_ori_55s,pair_11_ori_55s.wav,pair_11_ori_55s/vocals.wav,0.9295,0.539,-21.72,1000,539,501,True
pair_11_ori_70s,pair_11_ori_70s.wav,pair_11_ori_70s/vocals.wav,0.9534,0.537,-20.2,1000,537,512,True
pair_11_ori_84s,pair_11_ori_84s.wav,pair_11_ori_84s/vocals.wav,0.9557,0.7,-20.19,1000,700,669,True
pair_11_ori_98s,pair_11_ori_98s.wav,pair_11_ori_98s/vocals.wav,0.9198,0.91,-18.1,1000,910,837,True
pair_12_comp_130s,pair_12_comp_130s.wav,pair_12_comp_130s/vocals.wav,0.9484,0.91,-20.05,1000,910,863,True
pair_12_comp_136s,pair_12_comp_136s.wav,pair_12_comp_136s/vocals.wav,0.9365,0.834,-20.79,1000,834,781,True
pair_12_comp_142s,pair_12_comp_142s.wav,pair_12_comp_142s/vocals.wav,0.936,0.875,-21.05,1000,875,819,True
pair_12_comp_147s,pair_12_comp_147s.wav,pair_12_comp_147s/vocals.wav,0.923,0.844,-21.37,1000,844,779,True
pair_12_comp_176s,pair_12_comp_176s.wav,pair_12_comp_176s/vocals.wav,0.9759,0.995,-18.29,1000,995,971,True
pair_12_comp_182s,pair_12_comp_182s.wav,pair_12_comp_182s/vocals.wav,0.983,1.0,-19.08,1000,1000,983,True
pair_12_comp_188s,pair_12_comp_188s.wav,pair_12_comp_188s/vocals.wav,0.98,1.0,-20.07,1000,1000,980,True
pair_12_comp_194s,pair_12_comp_194s.wav,pair_12_comp_194s/vocals.wav,0.981,0.999,-19.68,1000,999,980,True
pair_12_comp_200s,pair_12_comp_200s.wav,pair_12_comp_200s/vocals.wav,0.9869,0.996,-18.56,1000,996,983,True
pair_12_comp_206s,pair_12_comp_206s.wav,pair_12_comp_206s/vocals.wav,0.9787,0.941,-18.25,1000,941,921,True
pair_12_comp_212s,pair_12_comp_212s.wav,pair_12_comp_212s/vocals.wav,0.9829,0.8351,-19.0,770,643,632,True
pair_12_comp_218s,pair_12_comp_218s.wav,pair_12_comp_218s/vocals.wav,0.9842,0.6723,-25.09,470,316,311,True
pair_12_comp_24s,pair_12_comp_24s.wav,pair_12_comp_24s/vocals.wav,0.8524,0.813,-20.34,1000,813,693,True
pair_12_comp_30s,pair_12_comp_30s.wav,pair_12_comp_30s/vocals.wav,0.8695,0.835,-20.41,1000,835,726,True
pair_12_comp_71s,pair_12_comp_71s.wav,pair_12_comp_71s/vocals.wav,0.9544,0.9,-19.72,1000,900,859,True
pair_12_comp_77s,pair_12_comp_77s.wav,pair_12_comp_77s/vocals.wav,0.9399,0.749,-20.33,1000,749,704,True
pair_12_comp_83s,pair_12_comp_83s.wav,pair_12_comp_83s/vocals.wav,0.9497,0.855,-19.53,1000,855,812,True
pair_12_comp_89s,pair_12_comp_89s.wav,pair_12_comp_89s/vocals.wav,0.9478,0.823,-19.95,1000,823,780,True
pair_12_ori_154s,pair_12_ori_154s.wav,pair_12_ori_154s/vocals.wav,1.0,0.932,-19.97,1000,932,932,True
pair_12_ori_160s,pair_12_ori_160s.wav,pair_12_ori_160s/vocals.wav,0.9989,0.911,-20.13,1000,911,910,True
pair_12_ori_167s,pair_12_ori_167s.wav,pair_12_ori_167s/vocals.wav,0.9978,0.926,-19.81,1000,926,924,True
pair_12_ori_169s,pair_12_ori_169s.wav,pair_12_ori_169s/vocals.wav,0.9978,0.929,-19.49,1000,929,927,True
pair_12_ori_40s,pair_12_ori_40s.wav,pair_12_ori_40s/vocals.wav,0.9973,0.749,-22.35,1000,749,747,True
pair_12_ori_45s,pair_12_ori_45s.wav,pair_12_ori_45s/vocals.wav,0.998,0.497,-24.09,1000,497,496,True
pair_12_ori_90s,pair_12_ori_90s.wav,pair_12_ori_90s/vocals.wav,0.9988,0.803,-21.5,1000,803,802,True
pair_12_ori_97s,pair_12_ori_97s.wav,pair_12_ori_97s/vocals.wav,0.998,0.503,-24.1,1000,503,502,True
pair_13_comp_110s,pair_13_comp_110s.wav,pair_13_comp_110s/vocals.wav,0.9771,0.916,-17.23,1000,916,895,True
pair_13_comp_138s,pair_13_comp_138s.wav,pair_13_comp_138s/vocals.wav,0.9713,0.975,-16.87,1000,975,947,True
pair_13_comp_152s,pair_13_comp_152s.wav,pair_13_comp_152s/vocals.wav,0.964,0.583,-19.25,1000,583,562,True
pair_13_comp_31s,pair_13_comp_31s.wav,pair_13_comp_31s/vocals.wav,0.9799,0.997,-16.45,1000,997,977,True
pair_13_comp_44s,pair_13_comp_44s.wav,pair_13_comp_44s/vocals.wav,0.9937,0.638,-18.42,1000,638,634,True
pair_13_comp_97s,pair_13_comp_97s.wav,pair_13_comp_97s/vocals.wav,0.9779,0.996,-16.49,1000,996,974,True
pair_13_ori_107s,pair_13_ori_107s.wav,pair_13_ori_107s/vocals.wav,0.9928,0.694,-20.79,1000,694,689,True
pair_13_ori_140s,pair_13_ori_140s.wav,pair_13_ori_140s/vocals.wav,1.0,0.727,-21.07,1000,727,727,True
pair_13_ori_26s,pair_13_ori_26s.wav,pair_13_ori_26s/vocals.wav,0.9502,0.723,-20.48,1000,723,687,True
pair_13_ori_42s,pair_13_ori_42s.wav,pair_13_ori_42s/vocals.wav,0.9184,0.723,-19.89,1000,723,664,True
pair_13_ori_59s,pair_13_ori_59s.wav,pair_13_ori_59s/vocals.wav,0.9609,0.665,-20.31,1000,665,639,True
pair_13_ori_91s,pair_13_ori_91s.wav,pair_13_ori_91s/vocals.wav,0.9241,0.751,-21.31,1000,751,694,True
pair_14_comp_0s,pair_14_comp_0s.wav,pair_14_comp_0s/vocals.wav,0.0,0.0,-75.76,1000,0,0,False
pair_14_comp_162s,pair_14_comp_162s.wav,pair_14_comp_162s/vocals.wav,0.9622,0.661,-26.89,1000,661,636,True
pair_14_comp_170s,pair_14_comp_170s.wav,pair_14_comp_170s/vocals.wav,0.9831,0.827,-23.87,1000,827,813,True
pair_14_comp_36s,pair_14_comp_36s.wav,pair_14_comp_36s/vocals.wav,0.9171,0.422,-35.68,1000,422,387,True
pair_14_comp_45s,pair_14_comp_45s.wav,pair_14_comp_45s/vocals.wav,0.9397,0.481,-32.65,1000,481,452,True
pair_14_comp_53s,pair_14_comp_53s.wav,pair_14_comp_53s/vocals.wav,0.9415,0.53,-31.1,1000,530,499,True
pair_14_comp_68s,pair_14_comp_68s.wav,pair_14_comp_68s/vocals.wav,0.9701,0.67,-27.19,1000,670,650,True
pair_14_comp_76s,pair_14_comp_76s.wav,pair_14_comp_76s/vocals.wav,0.988,0.83,-23.89,1000,830,820,True
pair_14_comp_8s,pair_14_comp_8s.wav,pair_14_comp_8s/vocals.wav,0.0,0.0,-64.12,1000,0,0,False
pair_14_ori_0s,pair_14_ori_0s.wav,pair_14_ori_0s/vocals.wav,0.0,0.0,-76.28,1000,0,0,False
pair_14_ori_144s,pair_14_ori_144s.wav,pair_14_ori_144s/vocals.wav,0.9547,0.64,-20.34,1000,640,611,True
pair_14_ori_151s,pair_14_ori_151s.wav,pair_14_ori_151s/vocals.wav,0.9587,0.774,-18.15,1000,774,742,True
pair_14_ori_159s,pair_14_ori_159s.wav,pair_14_ori_159s/vocals.wav,0.962,0.763,-17.99,1000,763,734,True
pair_14_ori_175s,pair_14_ori_175s.wav,pair_14_ori_175s/vocals.wav,0.9812,0.693,-18.88,1000,693,680,True
pair_14_ori_182s,pair_14_ori_182s.wav,pair_14_ori_182s/vocals.wav,0.9669,0.816,-17.31,1000,816,789,True
pair_14_ori_190s,pair_14_ori_190s.wav,pair_14_ori_190s/vocals.wav,0.9479,0.73,-16.67,1000,730,692,True
pair_14_ori_206s,pair_14_ori_206s.wav,pair_14_ori_206s/vocals.wav,0.9723,0.903,-16.33,1000,903,878,True
pair_14_ori_214s,pair_14_ori_214s.wav,pair_14_ori_214s/vocals.wav,0.9866,0.971,-15.91,1000,971,958,True
pair_14_ori_24s,pair_14_ori_24s.wav,pair_14_ori_24s/vocals.wav,0.952,0.687,-20.16,1000,687,654,True
pair_14_ori_32s,pair_14_ori_32s.wav,pair_14_ori_32s/vocals.wav,0.9683,0.756,-19.85,1000,756,732,True
pair_14_ori_39s,pair_14_ori_39s.wav,pair_14_ori_39s/vocals.wav,0.9206,0.693,-20.15,1000,693,638,True
pair_14_ori_55s,pair_14_ori_55s.wav,pair_14_ori_55s/vocals.wav,0.9539,0.716,-19.68,1000,716,683,True
pair_14_ori_62s,pair_14_ori_62s.wav,pair_14_ori_62s/vocals.wav,0.9517,0.848,-18.44,1000,848,807,True
pair_14_ori_70s,pair_14_ori_70s.wav,pair_14_ori_70s/vocals.wav,0.9372,0.748,-17.92,1000,748,701,True
pair_14_ori_85s,pair_14_ori_85s.wav,pair_14_ori_85s/vocals.wav,0.9614,0.856,-16.58,1000,856,823,True
pair_14_ori_93s,pair_14_ori_93s.wav,pair_14_ori_93s/vocals.wav,0.9695,0.919,-15.65,1000,919,891,True
pair_15_comp_132s,pair_15_comp_132s.wav,pair_15_comp_132s/vocals.wav,0.9447,0.922,-24.58,1000,922,871,True
pair_15_comp_142s,pair_15_comp_142s.wav,pair_15_comp_142s/vocals.wav,0.9666,0.898,-24.47,1000,898,868,True
pair_15_comp_151s,pair_15_comp_151s.wav,pair_15_comp_151s/vocals.wav,0.9723,0.902,-24.59,1000,902,877,True
pair_15_comp_161s,pair_15_comp_161s.wav,pair_15_comp_161s/vocals.wav,0.9524,0.883,-25.23,1000,883,841,True
pair_15_comp_175s,pair_15_comp_175s.wav,pair_15_comp_175s/vocals.wav,0.9498,0.937,-24.76,1000,937,890,True
pair_15_comp_185s,pair_15_comp_185s.wav,pair_15_comp_185s/vocals.wav,0.9702,0.907,-24.79,1000,907,880,True
pair_15_comp_195s,pair_15_comp_195s.wav,pair_15_comp_195s/vocals.wav,0.9702,0.906,-25.36,1000,906,879,True
pair_15_comp_204s,pair_15_comp_204s.wav,pair_15_comp_204s/vocals.wav,0.9447,0.868,-25.81,1000,868,820,True
pair_15_comp_65s,pair_15_comp_65s.wav,pair_15_comp_65s/vocals.wav,0.9358,0.904,-24.66,1000,904,846,True
pair_15_comp_75s,pair_15_comp_75s.wav,pair_15_comp_75s/vocals.wav,0.9592,0.883,-24.78,1000,883,847,True
pair_15_comp_84s,pair_15_comp_84s.wav,pair_15_comp_84s/vocals.wav,0.9703,0.908,-24.76,1000,908,881,True
pair_15_comp_94s,pair_15_comp_94s.wav,pair_15_comp_94s/vocals.wav,0.9628,0.565,-27.66,1000,565,544,True
pair_15_ori_127s,pair_15_ori_127s.wav,pair_15_ori_127s/vocals.wav,0.9025,0.954,-18.51,1000,954,861,True
pair_15_ori_135s,pair_15_ori_135s.wav,pair_15_ori_135s/vocals.wav,0.9583,0.96,-17.88,1000,960,920,True
pair_15_ori_144s,pair_15_ori_144s.wav,pair_15_ori_144s/vocals.wav,0.956,1.0,-17.32,1000,1000,956,True
pair_15_ori_152s,pair_15_ori_152s.wav,pair_15_ori_152s/vocals.wav,0.9548,0.974,-20.89,1000,974,930,True
pair_15_ori_182s,pair_15_ori_182s.wav,pair_15_ori_182s/vocals.wav,0.9247,0.93,-18.29,1000,930,860,True
pair_15_ori_190s,pair_15_ori_190s.wav,pair_15_ori_190s/vocals.wav,0.9645,0.985,-17.54,1000,985,950,True
pair_15_ori_198s,pair_15_ori_198s.wav,pair_15_ori_198s/vocals.wav,0.9569,0.974,-17.54,1000,974,932,True
pair_15_ori_207s,pair_15_ori_207s.wav,pair_15_ori_207s/vocals.wav,0.9275,0.69,-21.61,1000,690,640,True
pair_15_ori_51s,pair_15_ori_51s.wav,pair_15_ori_51s/vocals.wav,0.9121,0.876,-19.35,1000,876,799,True
pair_15_ori_59s,pair_15_ori_59s.wav,pair_15_ori_59s/vocals.wav,0.96,0.901,-19.08,1000,901,865,True
pair_15_ori_68s,pair_15_ori_68s.wav,pair_15_ori_68s/vocals.wav,0.9459,0.851,-19.27,1000,851,805,True
pair_15_ori_76s,pair_15_ori_76s.wav,pair_15_ori_76s/vocals.wav,0.8961,0.558,-22.63,1000,558,500,True
pair_16_comp_0s,pair_16_comp_0s.wav,pair_16_comp_0s/vocals.wav,0.9323,0.399,-24.56,1000,399,372,True
pair_16_comp_108s,pair_16_comp_108s.wav,pair_16_comp_108s/vocals.wav,0.9551,0.757,-21.19,1000,757,723,True
pair_16_comp_116s,pair_16_comp_116s.wav,pair_16_comp_116s/vocals.wav,0.9626,0.855,-20.94,1000,855,823,True
pair_16_comp_125s,pair_16_comp_125s.wav,pair_16_comp_125s/vocals.wav,0.9464,0.989,-19.55,1000,989,936,True
pair_16_comp_133s,pair_16_comp_133s.wav,pair_16_comp_133s/vocals.wav,0.9421,0.984,-18.77,1000,984,927,True
pair_16_comp_142s,pair_16_comp_142s.wav,pair_16_comp_142s/vocals.wav,0.9279,0.985,-19.62,1000,985,914,True
pair_16_comp_160s,pair_16_comp_160s.wav,pair_16_comp_160s/vocals.wav,0.979,1.0,-15.65,1000,1000,979,True
pair_16_comp_175s,pair_16_comp_175s.wav,pair_16_comp_175s/vocals.wav,0.968,0.344,-20.99,1000,344,333,True
pair_16_comp_18s,pair_16_comp_18s.wav,pair_16_comp_18s/vocals.wav,0.9526,0.886,-21.41,1000,886,844,True
pair_16_comp_192s,pair_16_comp_192s.wav,pair_16_comp_192s/vocals.wav,0.9278,0.914,-19.65,1000,914,848,True
pair_16_comp_230s,pair_16_comp_230s.wav,pair_16_comp_230s/vocals.wav,1.0,0.1599,-19.59,957,153,153,True
pair_16_comp_27s,pair_16_comp_27s.wav,pair_16_comp_27s/vocals.wav,0.9432,0.774,-20.7,1000,774,730,True
pair_16_comp_35s,pair_16_comp_35s.wav,pair_16_comp_35s/vocals.wav,0.9567,0.854,-20.12,1000,854,817,True
pair_16_comp_44s,pair_16_comp_44s.wav,pair_16_comp_44s/vocals.wav,0.9388,0.981,-18.97,1000,981,921,True
pair_16_comp_53s,pair_16_comp_53s.wav,pair_16_comp_53s/vocals.wav,0.9424,0.973,-18.81,1000,973,917,True
pair_16_comp_62s,pair_16_comp_62s.wav,pair_16_comp_62s/vocals.wav,0.9496,0.973,-19.47,1000,973,924,True
pair_16_comp_79s,pair_16_comp_79s.wav,pair_16_comp_79s/vocals.wav,0.9726,0.985,-15.96,1000,985,958,True
pair_16_comp_99s,pair_16_comp_99s.wav,pair_16_comp_99s/vocals.wav,0.9407,0.472,-23.69,1000,472,444,True
pair_16_comp_9s,pair_16_comp_9s.wav,pair_16_comp_9s/vocals.wav,0.9503,0.845,-21.41,1000,845,803,True
pair_16_ori_0s,pair_16_ori_0s.wav,pair_16_ori_0s/vocals.wav,0.9679,0.405,-21.63,1000,405,392,True
pair_16_ori_109s,pair_16_ori_109s.wav,pair_16_ori_109s/vocals.wav,0.9539,0.434,-21.81,1000,434,414,True
pair_16_ori_10s,pair_16_ori_10s.wav,pair_16_ori_10s/vocals.wav,0.9817,0.874,-18.32,1000,874,858,True
pair_16_ori_119s,pair_16_ori_119s.wav,pair_16_ori_119s/vocals.wav,0.9744,0.819,-18.97,1000,819,798,True
pair_16_ori_129s,pair_16_ori_129s.wav,pair_16_ori_129s/vocals.wav,0.9794,0.875,-18.16,1000,875,857,True
pair_16_ori_139s,pair_16_ori_139s.wav,pair_16_ori_139s/vocals.wav,0.9688,0.96,-18.23,1000,960,930,True
pair_16_ori_149s,pair_16_ori_149s.wav,pair_16_ori_149s/vocals.wav,0.9717,0.991,-18.64,1000,991,963,True
pair_16_ori_159s,pair_16_ori_159s.wav,pair_16_ori_159s/vocals.wav,0.978,1.0,-17.84,1000,1000,978,True
pair_16_ori_169s,pair_16_ori_169s.wav,pair_16_ori_169s/vocals.wav,0.9969,0.973,-16.74,1000,973,970,True
pair_16_ori_179s,pair_16_ori_179s.wav,pair_16_ori_179s/vocals.wav,0.9846,0.973,-16.7,1000,973,958,True
pair_16_ori_188s,pair_16_ori_188s.wav,pair_16_ori_188s/vocals.wav,0.9836,0.912,-18.56,1000,912,897,True
pair_16_ori_20s,pair_16_ori_20s.wav,pair_16_ori_20s/vocals.wav,0.982,0.889,-18.13,1000,889,873,True
pair_16_ori_216s,pair_16_ori_216s.wav,pair_16_ori_216s/vocals.wav,0.9784,0.97,-16.86,1000,970,949,True
pair_16_ori_225s,pair_16_ori_225s.wav,pair_16_ori_225s/vocals.wav,0.9818,0.987,-16.52,1000,987,969,True
pair_16_ori_235s,pair_16_ori_235s.wav,pair_16_ori_235s/vocals.wav,0.9819,0.997,-16.49,1000,997,979,True
pair_16_ori_245s,pair_16_ori_245s.wav,pair_16_ori_245s/vocals.wav,0.9723,0.541,-19.57,1000,541,526,True
pair_16_ori_30s,pair_16_ori_30s.wav,pair_16_ori_30s/vocals.wav,0.9847,0.847,-18.52,1000,847,834,True
pair_16_ori_40s,pair_16_ori_40s.wav,pair_16_ori_40s/vocals.wav,0.9908,0.871,-18.21,1000,871,863,True
pair_16_ori_50s,pair_16_ori_50s.wav,pair_16_ori_50s/vocals.wav,0.9859,0.919,-17.75,1000,919,906,True
pair_16_ori_60s,pair_16_ori_60s.wav,pair_16_ori_60s/vocals.wav,0.9781,0.96,-18.01,1000,960,939,True
pair_16_ori_70s,pair_16_ori_70s.wav,pair_16_ori_70s/vocals.wav,0.9763,0.972,-17.21,1000,972,949,True
pair_16_ori_79s,pair_16_ori_79s.wav,pair_16_ori_79s/vocals.wav,0.9812,0.956,-17.07,1000,956,938,True
pair_16_ori_89s,pair_16_ori_89s.wav,pair_16_ori_89s/vocals.wav,0.9795,0.925,-18.31,1000,925,906,True
pair_16_ori_99s,pair_16_ori_99s.wav,pair_16_ori_99s/vocals.wav,0.9733,0.487,-21.43,1000,487,474,True
pair_17_comp_117s,pair_17_comp_117s.wav,pair_17_comp_117s/vocals.wav,0.9729,0.998,-15.39,1000,998,971,True
pair_17_comp_125s,pair_17_comp_125s.wav,pair_17_comp_125s/vocals.wav,0.982,0.998,-15.35,1000,998,980,True
pair_17_comp_133s,pair_17_comp_133s.wav,pair_17_comp_133s/vocals.wav,0.9582,0.98,-16.29,1000,980,939,True
pair_17_comp_141s,pair_17_comp_141s.wav,pair_17_comp_141s/vocals.wav,0.9558,0.972,-17.58,1000,972,929,True
pair_17_comp_167s,pair_17_comp_167s.wav,pair_17_comp_167s/vocals.wav,0.997,0.984,-20.6,1000,984,981,True
pair_17_comp_175s,pair_17_comp_175s.wav,pair_17_comp_175s/vocals.wav,1.0,0.981,-20.15,1000,981,981,True
pair_17_comp_183s,pair_17_comp_183s.wav,pair_17_comp_183s/vocals.wav,0.966,0.999,-18.24,1000,999,965,True
pair_17_comp_191s,pair_17_comp_191s.wav,pair_17_comp_191s/vocals.wav,0.956,1.0,-16.56,1000,1000,956,True
pair_17_comp_199s,pair_17_comp_199s.wav,pair_17_comp_199s/vocals.wav,0.954,0.999,-15.98,1000,999,953,True
pair_17_comp_207s,pair_17_comp_207s.wav,pair_17_comp_207s/vocals.wav,0.9749,0.998,-15.57,1000,998,973,True
pair_17_comp_215s,pair_17_comp_215s.wav,pair_17_comp_215s/vocals.wav,0.9848,0.853,-16.35,1000,853,840,True
pair_17_comp_223s,pair_17_comp_223s.wav,pair_17_comp_223s/vocals.wav,0.9889,0.4788,-19.75,942,451,446,True
pair_17_comp_51s,pair_17_comp_51s.wav,pair_17_comp_51s/vocals.wav,0.972,0.999,-15.44,1000,999,971,True
pair_17_comp_59s,pair_17_comp_59s.wav,pair_17_comp_59s/vocals.wav,0.982,1.0,-15.37,1000,1000,982,True
pair_17_comp_67s,pair_17_comp_67s.wav,pair_17_comp_67s/vocals.wav,0.9835,0.851,-16.37,1000,851,837,True
pair_17_comp_75s,pair_17_comp_75s.wav,pair_17_comp_75s/vocals.wav,0.9978,0.451,-19.91,1000,451,450,True
pair_17_ori_10s,pair_17_ori_10s.wav,pair_17_ori_10s/vocals.wav,0.0,0.0,-76.91,1000,0,0,False
pair_17_ori_17s,pair_17_ori_17s.wav,pair_17_ori_17s/vocals.wav,0.0,0.0,-75.46,1000,0,0,False
pair_17_ori_25s,pair_17_ori_25s.wav,pair_17_ori_25s/vocals.wav,0.0,0.0,-76.66,1000,0,0,False
pair_17_ori_2s,pair_17_ori_2s.wav,pair_17_ori_2s/vocals.wav,0.0,0.0,-77.3,1000,0,0,False
pair_18_comp_106s,pair_18_comp_106s.wav,pair_18_comp_106s/vocals.wav,0.9648,0.853,-20.3,1000,853,823,True
pair_18_comp_113s,pair_18_comp_113s.wav,pair_18_comp_113s/vocals.wav,0.982,0.999,-20.23,1000,999,981,True
pair_18_comp_120s,pair_18_comp_120s.wav,pair_18_comp_120s/vocals.wav,0.989,0.996,-20.48,1000,996,985,True
pair_18_comp_126s,pair_18_comp_126s.wav,pair_18_comp_126s/vocals.wav,0.9827,0.692,-22.55,1000,692,680,True
pair_18_comp_133s,pair_18_comp_133s.wav,pair_18_comp_133s/vocals.wav,0.9729,0.332,-25.25,1000,332,323,True
pair_18_comp_140s,pair_18_comp_140s.wav,pair_18_comp_140s/vocals.wav,0.0,0.0,-70.05,1000,0,0,False
pair_18_comp_153s,pair_18_comp_153s.wav,pair_18_comp_153s/vocals.wav,0.9211,0.266,-23.99,1000,266,245,True
pair_18_comp_160s,pair_18_comp_160s.wav,pair_18_comp_160s/vocals.wav,0.9441,0.59,-21.34,1000,590,557,True
pair_18_comp_167s,pair_18_comp_167s.wav,pair_18_comp_167s/vocals.wav,0.9617,0.888,-19.85,1000,888,854,True
pair_18_comp_174s,pair_18_comp_174s.wav,pair_18_comp_174s/vocals.wav,0.9752,0.767,-20.97,1000,767,748,True
pair_18_comp_181s,pair_18_comp_181s.wav,pair_18_comp_181s/vocals.wav,0.9751,0.763,-21.32,1000,763,744,True
pair_18_comp_188s,pair_18_comp_188s.wav,pair_18_comp_188s/vocals.wav,0.978,0.863,-21.13,1000,863,844,True
pair_18_comp_194s,pair_18_comp_194s.wav,pair_18_comp_194s/vocals.wav,0.9836,0.977,-20.92,1000,977,961,True
pair_18_comp_201s,pair_18_comp_201s.wav,pair_18_comp_201s/vocals.wav,0.9838,0.99,-20.89,1000,990,974,True
pair_18_comp_208s,pair_18_comp_208s.wav,pair_18_comp_208s/vocals.wav,0.987,0.924,-20.34,1000,924,912,True
pair_18_comp_215s,pair_18_comp_215s.wav,pair_18_comp_215s/vocals.wav,0.9862,0.944,-19.55,1000,944,931,True
pair_18_comp_222s,pair_18_comp_222s.wav,pair_18_comp_222s/vocals.wav,0.9872,0.627,-21.27,1000,627,619,True
pair_18_comp_227s,pair_18_comp_227s.wav,pair_18_comp_227s/vocals.wav,0.9806,0.412,-23.79,1000,412,404,True
pair_18_comp_228s,pair_18_comp_228s.wav,pair_18_comp_228s/vocals.wav,0.9751,0.362,-24.61,1000,362,353,True
pair_18_comp_235s,pair_18_comp_235s.wav,pair_18_comp_235s/vocals.wav,1.0,0.037,-40.58,1000,37,37,False
pair_18_comp_242s,pair_18_comp_242s.wav,pair_18_comp_242s/vocals.wav,1.0,0.087,-33.88,1000,87,87,True
pair_18_comp_249s,pair_18_comp_249s.wav,pair_18_comp_249s/vocals.wav,1.0,0.1378,-31.54,900,124,124,True
pair_18_comp_256s,pair_18_comp_256s.wav,pair_18_comp_256s/vocals.wav,1.0,0.14,-30.67,550,77,77,True
pair_18_comp_29s,pair_18_comp_29s.wav,pair_18_comp_29s/vocals.wav,0.9914,0.116,-34.06,1000,116,115,True
pair_18_comp_2s,pair_18_comp_2s.wav,pair_18_comp_2s/vocals.wav,0.9817,0.71,-19.55,1000,710,697,True
pair_18_comp_36s,pair_18_comp_36s.wav,pair_18_comp_36s/vocals.wav,1.0,0.035,-40.81,1000,35,35,False
pair_18_comp_44s,pair_18_comp_44s.wav,pair_18_comp_44s/vocals.wav,0.0,0.0,-74.97,1000,0,0,False
pair_18_comp_51s,pair_18_comp_51s.wav,pair_18_comp_51s/vocals.wav,0.0,0.0,-66.49,1000,0,0,False
pair_18_comp_58s,pair_18_comp_58s.wav,pair_18_comp_58s/vocals.wav,0.0,0.0,-68.36,1000,0,0,False
pair_18_comp_65s,pair_18_comp_65s.wav,pair_18_comp_65s/vocals.wav,0.0,0.0,-70.82,1000,0,0,False
pair_18_comp_72s,pair_18_comp_72s.wav,pair_18_comp_72s/vocals.wav,0.9718,0.248,-24.58,1000,248,241,True
pair_18_comp_79s,pair_18_comp_79s.wav,pair_18_comp_79s/vocals.wav,0.9813,0.588,-21.26,1000,588,577,True
pair_18_comp_86s,pair_18_comp_86s.wav,pair_18_comp_86s/vocals.wav,0.9836,0.856,-19.71,1000,856,842,True
pair_18_comp_92s,pair_18_comp_92s.wav,pair_18_comp_92s/vocals.wav,0.979,0.763,-20.2,1000,763,747,True
pair_18_comp_99s,pair_18_comp_99s.wav,pair_18_comp_99s/vocals.wav,0.9668,0.754,-20.43,1000,754,729,True
pair_18_comp_9s,pair_18_comp_9s.wav,pair_18_comp_9s/vocals.wav,0.9818,0.384,-22.34,1000,384,377,True
pair_18_ori_105s,pair_18_ori_105s.wav,pair_18_ori_105s/vocals.wav,0.9921,0.381,-38.13,1000,381,378,True
pair_18_ori_112s,pair_18_ori_112s.wav,pair_18_ori_112s/vocals.wav,0.9695,0.558,-21.1,1000,558,541,True
pair_18_ori_119s,pair_18_ori_119s.wav,pair_18_ori_119s/vocals.wav,0.9822,0.843,-17.76,1000,843,828,True
pair_18_ori_126s,pair_18_ori_126s.wav,pair_18_ori_126s/vocals.wav,0.9844,0.963,-15.94,1000,963,948,True
pair_18_ori_132s,pair_18_ori_132s.wav,pair_18_ori_132s/vocals.wav,0.9904,0.934,-16.27,1000,934,925,True
pair_18_ori_139s,pair_18_ori_139s.wav,pair_18_ori_139s/vocals.wav,0.9864,0.88,-16.81,1000,880,868,True
pair_18_ori_146s,pair_18_ori_146s.wav,pair_18_ori_146s/vocals.wav,0.975,0.92,-16.76,1000,920,897,True
pair_18_ori_153s,pair_18_ori_153s.wav,pair_18_ori_153s/vocals.wav,0.9788,0.989,-16.43,1000,989,968,True
pair_18_ori_160s,pair_18_ori_160s.wav,pair_18_ori_160s/vocals.wav,0.9645,0.985,-16.31,1000,985,950,True
pair_18_ori_166s,pair_18_ori_166s.wav,pair_18_ori_166s/vocals.wav,0.9746,0.946,-16.82,1000,946,922,True
pair_18_ori_173s,pair_18_ori_173s.wav,pair_18_ori_173s/vocals.wav,0.9717,0.92,-17.54,1000,920,894,True
pair_18_ori_180s,pair_18_ori_180s.wav,pair_18_ori_180s/vocals.wav,0.9807,0.672,-18.95,1000,672,659,True
pair_18_ori_187s,pair_18_ori_187s.wav,pair_18_ori_187s/vocals.wav,0.9874,0.318,-22.89,1000,318,314,True
pair_18_ori_193s,pair_18_ori_193s.wav,pair_18_ori_193s/vocals.wav,0.3333,0.0092,-55.14,980,9,3,False
pair_18_ori_1s,pair_18_ori_1s.wav,pair_18_ori_1s/vocals.wav,1.0,0.024,-49.66,1000,24,24,False
pair_18_ori_200s,pair_18_ori_200s.wav,pair_18_ori_200s/vocals.wav,0.0,0.0,-65.58,630,0,0,False
pair_18_ori_30s,pair_18_ori_30s.wav,pair_18_ori_30s/vocals.wav,0.9636,0.852,-21.11,1000,852,821,True
pair_18_ori_37s,pair_18_ori_37s.wav,pair_18_ori_37s/vocals.wav,0.9551,0.935,-17.99,1000,935,893,True
pair_18_ori_44s,pair_18_ori_44s.wav,pair_18_ori_44s/vocals.wav,0.9503,0.965,-16.92,1000,965,917,True
pair_18_ori_51s,pair_18_ori_51s.wav,pair_18_ori_51s/vocals.wav,0.9732,0.896,-16.7,1000,896,872,True
pair_18_ori_58s,pair_18_ori_58s.wav,pair_18_ori_58s/vocals.wav,0.9878,0.9,-16.11,1000,900,889,True
pair_18_ori_65s,pair_18_ori_65s.wav,pair_18_ori_65s/vocals.wav,0.9773,0.926,-16.71,1000,926,905,True
pair_18_ori_71s,pair_18_ori_71s.wav,pair_18_ori_71s/vocals.wav,0.9787,0.984,-16.37,1000,984,963,True
pair_18_ori_78s,pair_18_ori_78s.wav,pair_18_ori_78s/vocals.wav,0.9655,0.986,-15.99,1000,986,952,True
pair_18_ori_85s,pair_18_ori_85s.wav,pair_18_ori_85s/vocals.wav,0.9735,0.718,-18.19,1000,718,699,True
pair_18_ori_8s,pair_18_ori_8s.wav,pair_18_ori_8s/vocals.wav,1.0,0.021,-50.7,1000,21,21,False
pair_18_ori_92s,pair_18_ori_92s.wav,pair_18_ori_92s/vocals.wav,0.9544,0.417,-21.43,1000,417,398,True
pair_18_ori_98s,pair_18_ori_98s.wav,pair_18_ori_98s/vocals.wav,0.993,0.716,-33.65,1000,716,711,True
pair_19_comp_103s,pair_19_comp_103s.wav,pair_19_comp_103s/vocals.wav,0.9228,0.984,-18.56,1000,984,908,True
pair_19_comp_110s,pair_19_comp_110s.wav,pair_19_comp_110s/vocals.wav,0.9273,0.977,-18.28,1000,977,906,True
pair_19_comp_116s,pair_19_comp_116s.wav,pair_19_comp_116s/vocals.wav,0.9239,0.985,-18.57,1000,985,910,True
pair_19_comp_11s,pair_19_comp_11s.wav,pair_19_comp_11s/vocals.wav,0.9324,0.947,-19.78,1000,947,883,True
pair_19_comp_122s,pair_19_comp_122s.wav,pair_19_comp_122s/vocals.wav,0.9438,0.996,-18.05,1000,996,940,True
pair_19_comp_128s,pair_19_comp_128s.wav,pair_19_comp_128s/vocals.wav,0.9549,0.997,-17.5,1000,997,952,True
pair_19_comp_134s,pair_19_comp_134s.wav,pair_19_comp_134s/vocals.wav,0.9716,0.986,-17.51,1000,986,958,True
pair_19_comp_178s,pair_19_comp_178s.wav,pair_19_comp_178s/vocals.wav,0.9162,0.919,-19.86,1000,919,842,True
pair_19_comp_17s,pair_19_comp_17s.wav,pair_19_comp_17s/vocals.wav,0.9304,0.977,-18.61,1000,977,909,True
pair_19_comp_184s,pair_19_comp_184s.wav,pair_19_comp_184s/vocals.wav,0.9336,0.964,-19.49,1000,964,900,True
pair_19_comp_190s,pair_19_comp_190s.wav,pair_19_comp_190s/vocals.wav,0.9467,0.995,-18.76,1000,995,942,True
pair_19_comp_196s,pair_19_comp_196s.wav,pair_19_comp_196s/vocals.wav,0.9445,0.991,-18.23,1000,991,936,True
pair_19_comp_202s,pair_19_comp_202s.wav,pair_19_comp_202s/vocals.wav,0.9328,0.997,-18.14,1000,997,930,True
pair_19_comp_209s,pair_19_comp_209s.wav,pair_19_comp_209s/vocals.wav,0.9302,0.888,-18.85,1000,888,826,True
pair_19_comp_215s,pair_19_comp_215s.wav,pair_19_comp_215s/vocals.wav,0.9305,0.59,-20.76,1000,590,549,True
pair_19_comp_221s,pair_19_comp_221s.wav,pair_19_comp_221s/vocals.wav,0.9521,0.292,-23.59,1000,292,278,True
pair_19_comp_23s,pair_19_comp_23s.wav,pair_19_comp_23s/vocals.wav,0.9303,0.976,-17.64,1000,976,908,True
pair_19_comp_29s,pair_19_comp_29s.wav,pair_19_comp_29s/vocals.wav,0.9292,0.989,-17.64,1000,989,919,True
pair_19_comp_35s,pair_19_comp_35s.wav,pair_19_comp_35s/vocals.wav,0.9368,0.997,-17.58,1000,997,934,True
pair_19_comp_41s,pair_19_comp_41s.wav,pair_19_comp_41s/vocals.wav,0.9427,0.994,-18.33,1000,994,937,True
pair_19_comp_48s,pair_19_comp_48s.wav,pair_19_comp_48s/vocals.wav,0.9567,0.971,-19.56,1000,971,929,True
pair_19_comp_4s,pair_19_comp_4s.wav,pair_19_comp_4s/vocals.wav,0.9277,0.941,-21.88,1000,941,873,True
pair_19_comp_91s,pair_19_comp_91s.wav,pair_19_comp_91s/vocals.wav,0.9215,0.93,-19.92,1000,930,857,True
pair_19_comp_97s,pair_19_comp_97s.wav,pair_19_comp_97s/vocals.wav,0.9265,0.952,-19.15,1000,952,882,True
pair_19_ori_100s,pair_19_ori_100s.wav,pair_19_ori_100s/vocals.wav,0.8821,0.992,-15.83,1000,992,875,True
pair_19_ori_106s,pair_19_ori_106s.wav,pair_19_ori_106s/vocals.wav,0.905,1.0,-16.09,1000,1000,905,True
pair_19_ori_13s,pair_19_ori_13s.wav,pair_19_ori_13s/vocals.wav,0.7504,0.653,-22.28,1000,653,490,True
pair_19_ori_174s,pair_19_ori_174s.wav,pair_19_ori_174s/vocals.wav,0.8129,0.834,-17.81,1000,834,678,True
pair_19_ori_180s,pair_19_ori_180s.wav,pair_19_ori_180s/vocals.wav,0.8286,0.531,-19.57,1000,531,440,True
pair_19_ori_187s,pair_19_ori_187s.wav,pair_19_ori_187s/vocals.wav,0.8947,0.228,-22.75,1000,228,204,True
pair_19_ori_193s,pair_19_ori_193s.wav,pair_19_ori_193s/vocals.wav,0.0,0.0,-72.1,1000,0,0,False
pair_19_ori_19s,pair_19_ori_19s.wav,pair_19_ori_19s/vocals.wav,0.7728,0.92,-20.55,1000,920,711,True
pair_19_ori_1s,pair_19_ori_1s.wav,pair_19_ori_1s/vocals.wav,0.6635,0.104,-37.79,1000,104,69,True
pair_19_ori_211s,pair_19_ori_211s.wav,pair_19_ori_211s/vocals.wav,0.0,0.0,-79.54,1000,0,0,False
pair_19_ori_218s,pair_19_ori_218s.wav,pair_19_ori_218s/vocals.wav,0.0,0.0,-67.03,1000,0,0,False
pair_19_ori_224s,pair_19_ori_224s.wav,pair_19_ori_224s/vocals.wav,0.0,0.0,-68.2,1000,0,0,False
pair_19_ori_230s,pair_19_ori_230s.wav,pair_19_ori_230s/vocals.wav,0.9783,0.23,-30.48,1000,230,225,True
pair_19_ori_63s,pair_19_ori_63s.wav,pair_19_ori_63s/vocals.wav,0.8542,0.974,-17.73,1000,974,832,True
pair_19_ori_69s,pair_19_ori_69s.wav,pair_19_ori_69s/vocals.wav,0.7816,0.957,-17.31,1000,957,748,True
pair_19_ori_75s,pair_19_ori_75s.wav,pair_19_ori_75s/vocals.wav,0.7913,0.939,-16.65,1000,939,743,True
pair_19_ori_7s,pair_19_ori_7s.wav,pair_19_ori_7s/vocals.wav,0.7573,0.379,-26.34,1000,379,287,True
pair_19_ori_81s,pair_19_ori_81s.wav,pair_19_ori_81s/vocals.wav,0.7673,0.954,-15.89,1000,954,732,True
pair_19_ori_88s,pair_19_ori_88s.wav,pair_19_ori_88s/vocals.wav,0.8217,0.959,-16.09,1000,959,788,True
pair_19_ori_94s,pair_19_ori_94s.wav,pair_19_ori_94s/vocals.wav,0.8534,0.989,-15.71,1000,989,844,True
pair_1_comp_101s,pair_1_comp_101s.wav,pair_1_comp_101s/vocals.wav,0.9766,0.984,-15.28,1000,984,961,True
pair_1_comp_204s,pair_1_comp_204s.wav,pair_1_comp_204s/vocals.wav,0.9639,0.998,-14.02,1000,998,962,True
pair_1_comp_219s,pair_1_comp_219s.wav,pair_1_comp_219s/vocals.wav,0.9803,0.966,-14.81,1000,966,947,True
pair_1_comp_86s,pair_1_comp_86s.wav,pair_1_comp_86s/vocals.wav,0.961,0.999,-14.14,1000,999,960,True
pair_1_ori_145s,pair_1_ori_145s.wav,pair_1_ori_145s/vocals.wav,0.9877,0.975,-20.84,1000,975,963,True
pair_1_ori_153s,pair_1_ori_153s.wav,pair_1_ori_153s/vocals.wav,0.9919,0.985,-20.83,1000,985,977,True
pair_1_ori_73s,pair_1_ori_73s.wav,pair_1_ori_73s/vocals.wav,0.9869,0.918,-21.72,1000,918,906,True
pair_1_ori_81s,pair_1_ori_81s.wav,pair_1_ori_81s/vocals.wav,0.9825,0.913,-21.94,1000,913,897,True
pair_20_comp_118s,pair_20_comp_118s.wav,pair_20_comp_118s/vocals.wav,0.9756,0.985,-14.73,1000,985,961,True
pair_20_comp_128s,pair_20_comp_128s.wav,pair_20_comp_128s/vocals.wav,0.9522,0.962,-16.68,1000,962,916,True
pair_20_comp_173s,pair_20_comp_173s.wav,pair_20_comp_173s/vocals.wav,0.97,1.0,-14.14,1000,1000,970,True
pair_20_comp_183s,pair_20_comp_183s.wav,pair_20_comp_183s/vocals.wav,0.9763,0.803,-17.21,1000,803,784,True
pair_20_comp_50s,pair_20_comp_50s.wav,pair_20_comp_50s/vocals.wav,0.9645,0.986,-15.83,1000,986,951,True
pair_20_comp_60s,pair_20_comp_60s.wav,pair_20_comp_60s/vocals.wav,0.9227,0.931,-18.01,1000,931,859,True
pair_20_ori_104s,pair_20_ori_104s.wav,pair_20_ori_104s/vocals.wav,0.9254,0.978,-15.11,1000,978,905,True
pair_20_ori_114s,pair_20_ori_114s.wav,pair_20_ori_114s/vocals.wav,0.9623,0.689,-17.59,1000,689,663,True
pair_20_ori_173s,pair_20_ori_173s.wav,pair_20_ori_173s/vocals.wav,0.9566,0.968,-14.93,1000,968,926,True
pair_20_ori_183s,pair_20_ori_183s.wav,pair_20_ori_183s/vocals.wav,0.9508,0.955,-15.17,1000,955,908,True
pair_20_ori_191s,pair_20_ori_191s.wav,pair_20_ori_191s/vocals.wav,0.9555,0.966,-15.08,1000,966,923,True
pair_20_ori_201s,pair_20_ori_201s.wav,pair_20_ori_201s/vocals.wav,0.9567,0.647,-17.64,1000,647,619,True
pair_20_ori_52s,pair_20_ori_52s.wav,pair_20_ori_52s/vocals.wav,0.9285,0.979,-15.74,1000,979,909,True
pair_20_ori_63s,pair_20_ori_63s.wav,pair_20_ori_63s/vocals.wav,0.9723,0.685,-18.47,1000,685,666,True
pair_21_comp_0s,pair_21_comp_0s.wav,pair_21_comp_0s/vocals.wav,0.845,0.613,-20.01,1000,613,518,True
pair_21_comp_105s,pair_21_comp_105s.wav,pair_21_comp_105s/vocals.wav,0.894,1.0,-18.63,1000,1000,894,True
pair_21_comp_112s,pair_21_comp_112s.wav,pair_21_comp_112s/vocals.wav,0.9076,0.931,-19.87,1000,931,845,True
pair_21_comp_120s,pair_21_comp_120s.wav,pair_21_comp_120s/vocals.wav,0.924,0.842,-21.52,1000,842,778,True
pair_21_comp_127s,pair_21_comp_127s.wav,pair_21_comp_127s/vocals.wav,0.9056,0.773,-21.63,1000,773,700,True
pair_21_comp_135s,pair_21_comp_135s.wav,pair_21_comp_135s/vocals.wav,0.924,0.921,-20.02,1000,921,851,True
pair_21_comp_142s,pair_21_comp_142s.wav,pair_21_comp_142s/vocals.wav,0.9584,0.961,-19.24,1000,961,921,True
pair_21_comp_150s,pair_21_comp_150s.wav,pair_21_comp_150s/vocals.wav,0.944,0.929,-18.52,1000,929,877,True
pair_21_comp_15s,pair_21_comp_15s.wav,pair_21_comp_15s/vocals.wav,0.8428,0.948,-18.44,1000,948,799,True
pair_21_comp_22s,pair_21_comp_22s.wav,pair_21_comp_22s/vocals.wav,0.8641,0.942,-18.4,1000,942,814,True
pair_21_comp_30s,pair_21_comp_30s.wav,pair_21_comp_30s/vocals.wav,0.9028,0.988,-18.53,1000,988,892,True
pair_21_comp_37s,pair_21_comp_37s.wav,pair_21_comp_37s/vocals.wav,0.9124,0.925,-19.98,1000,925,844,True
pair_21_comp_45s,pair_21_comp_45s.wav,pair_21_comp_45s/vocals.wav,0.9528,0.911,-21.04,1000,911,868,True
pair_21_comp_53s,pair_21_comp_53s.wav,pair_21_comp_53s/vocals.wav,0.9181,0.806,-21.38,1000,806,740,True
pair_21_comp_60s,pair_21_comp_60s.wav,pair_21_comp_60s/vocals.wav,0.9382,0.923,-18.9,1000,923,866,True
pair_21_comp_67s,pair_21_comp_67s.wav,pair_21_comp_67s/vocals.wav,0.9126,0.915,-18.82,1000,915,835,True
pair_21_comp_75s,pair_21_comp_75s.wav,pair_21_comp_75s/vocals.wav,0.8503,0.855,-18.64,1000,855,727,True
pair_21_comp_7s,pair_21_comp_7s.wav,pair_21_comp_7s/vocals.wav,0.8414,0.952,-18.46,1000,952,801,True
pair_21_comp_82s,pair_21_comp_82s.wav,pair_21_comp_82s/vocals.wav,0.8455,0.984,-18.53,1000,984,832,True
pair_21_comp_90s,pair_21_comp_90s.wav,pair_21_comp_90s/vocals.wav,0.8606,0.99,-18.51,1000,990,852,True
pair_21_comp_97s,pair_21_comp_97s.wav,pair_21_comp_97s/vocals.wav,0.8633,0.995,-18.48,1000,995,859,True
pair_21_ori_0s,pair_21_ori_0s.wav,pair_21_ori_0s/vocals.wav,0.8652,0.586,-19.77,1000,586,507,True
pair_21_ori_101s,pair_21_ori_101s.wav,pair_21_ori_101s/vocals.wav,0.9121,0.99,-17.2,1000,990,903,True
pair_21_ori_109s,pair_21_ori_109s.wav,pair_21_ori_109s/vocals.wav,0.9165,0.994,-17.99,1000,994,911,True
pair_21_ori_117s,pair_21_ori_117s.wav,pair_21_ori_117s/vocals.wav,0.9328,0.997,-18.13,1000,997,930,True
pair_21_ori_125s,pair_21_ori_125s.wav,pair_21_ori_125s/vocals.wav,0.9175,0.921,-18.03,1000,921,845,True
pair_21_ori_150s,pair_21_ori_150s.wav,pair_21_ori_150s/vocals.wav,0.9421,0.985,-17.23,1000,985,928,True
pair_21_ori_158s,pair_21_ori_158s.wav,pair_21_ori_158s/vocals.wav,0.9435,0.992,-18.2,1000,992,936,True
pair_21_ori_166s,pair_21_ori_166s.wav,pair_21_ori_166s/vocals.wav,0.8733,0.9,-19.22,1000,900,786,True
pair_21_ori_16s,pair_21_ori_16s.wav,pair_21_ori_16s/vocals.wav,0.8609,0.913,-17.82,1000,913,786,True
pair_21_ori_173s,pair_21_ori_173s.wav,pair_21_ori_173s/vocals.wav,0.8501,0.814,-19.29,1000,814,692,True
pair_21_ori_23s,pair_21_ori_23s.wav,pair_21_ori_23s/vocals.wav,0.8737,0.942,-17.54,1000,942,823,True
pair_21_ori_31s,pair_21_ori_31s.wav,pair_21_ori_31s/vocals.wav,0.8769,0.983,-17.12,1000,983,862,True
pair_21_ori_39s,pair_21_ori_39s.wav,pair_21_ori_39s/vocals.wav,0.8739,0.936,-17.8,1000,936,818,True
pair_21_ori_46s,pair_21_ori_46s.wav,pair_21_ori_46s/vocals.wav,0.8919,0.749,-19.81,1000,749,668,True
pair_21_ori_55s,pair_21_ori_55s.wav,pair_21_ori_55s/vocals.wav,0.9102,0.557,-21.56,1000,557,507,True
pair_21_ori_63s,pair_21_ori_63s.wav,pair_21_ori_63s/vocals.wav,0.8486,0.865,-19.31,1000,865,734,True
pair_21_ori_70s,pair_21_ori_70s.wav,pair_21_ori_70s/vocals.wav,0.8497,0.985,-18.84,1000,985,837,True
pair_21_ori_78s,pair_21_ori_78s.wav,pair_21_ori_78s/vocals.wav,0.8638,0.991,-18.33,1000,991,856,True
pair_21_ori_86s,pair_21_ori_86s.wav,pair_21_ori_86s/vocals.wav,0.8618,0.991,-17.81,1000,991,854,True
pair_21_ori_8s,pair_21_ori_8s.wav,pair_21_ori_8s/vocals.wav,0.8861,0.904,-17.96,1000,904,801,True
pair_21_ori_93s,pair_21_ori_93s.wav,pair_21_ori_93s/vocals.wav,0.8731,0.977,-17.64,1000,977,853,True
pair_22_comp_116s,pair_22_comp_116s.wav,pair_22_comp_116s/vocals.wav,0.9853,0.882,-22.63,1000,882,869,True
pair_22_comp_125s,pair_22_comp_125s.wav,pair_22_comp_125s/vocals.wav,0.9911,0.898,-22.93,1000,898,890,True
pair_22_comp_133s,pair_22_comp_133s.wav,pair_22_comp_133s/vocals.wav,0.9989,0.904,-22.89,1000,904,903,True
pair_22_comp_13s,pair_22_comp_13s.wav,pair_22_comp_13s/vocals.wav,0.9922,0.892,-25.61,1000,892,885,True
pair_22_comp_141s,pair_22_comp_141s.wav,pair_22_comp_141s/vocals.wav,1.0,0.903,-23.48,1000,903,903,True
pair_22_comp_149s,pair_22_comp_149s.wav,pair_22_comp_149s/vocals.wav,0.9944,0.9,-22.86,1000,900,895,True
pair_22_comp_157s,pair_22_comp_157s.wav,pair_22_comp_157s/vocals.wav,0.9889,0.72,-23.43,1000,720,712,True
pair_22_comp_165s,pair_22_comp_165s.wav,pair_22_comp_165s/vocals.wav,0.994,0.332,-26.31,1000,332,330,True
pair_22_comp_171s,pair_22_comp_171s.wav,pair_22_comp_171s/vocals.wav,1.0,0.0497,-44.8,724,36,36,False
pair_22_comp_1s,pair_22_comp_1s.wav,pair_22_comp_1s/vocals.wav,0.9905,0.316,-31.24,1000,316,313,True
pair_22_comp_22s,pair_22_comp_22s.wav,pair_22_comp_22s/vocals.wav,0.9877,0.894,-24.82,1000,894,883,True
pair_22_comp_29s,pair_22_comp_29s.wav,pair_22_comp_29s/vocals.wav,0.9937,0.947,-24.22,1000,947,941,True
pair_22_comp_37s,pair_22_comp_37s.wav,pair_22_comp_37s/vocals.wav,1.0,0.879,-23.3,1000,879,879,True
pair_22_comp_45s,pair_22_comp_45s.wav,pair_22_comp_45s/vocals.wav,0.9956,0.906,-23.74,1000,906,902,True
pair_22_comp_53s,pair_22_comp_53s.wav,pair_22_comp_53s/vocals.wav,0.9902,0.919,-23.83,1000,919,910,True
pair_22_comp_61s,pair_22_comp_61s.wav,pair_22_comp_61s/vocals.wav,0.9944,0.892,-24.74,1000,892,887,True
pair_22_comp_69s,pair_22_comp_69s.wav,pair_22_comp_69s/vocals.wav,0.9946,0.928,-23.74,1000,928,923,True
pair_22_comp_78s,pair_22_comp_78s.wav,pair_22_comp_78s/vocals.wav,0.9935,0.93,-22.56,1000,930,924,True
pair_22_comp_86s,pair_22_comp_86s.wav,pair_22_comp_86s/vocals.wav,0.9929,0.843,-23.62,1000,843,837,True
pair_22_comp_93s,pair_22_comp_93s.wav,pair_22_comp_93s/vocals.wav,0.9921,0.504,-26.5,1000,504,500,True
pair_22_comp_9s,pair_22_comp_9s.wav,pair_22_comp_9s/vocals.wav,0.9896,0.673,-27.4,1000,673,666,True
pair_22_ori_100s,pair_22_ori_100s.wav,pair_22_ori_100s/vocals.wav,0.9968,0.942,-20.28,1000,942,939,True
pair_22_ori_140s,pair_22_ori_140s.wav,pair_22_ori_140s/vocals.wav,0.9949,0.981,-16.03,1000,981,976,True
pair_22_ori_147s,pair_22_ori_147s.wav,pair_22_ori_147s/vocals.wav,0.9957,0.939,-16.83,1000,939,935,True
pair_22_ori_153s,pair_22_ori_153s.wav,pair_22_ori_153s/vocals.wav,0.9941,0.851,-17.46,1000,851,846,True
pair_22_ori_160s,pair_22_ori_160s.wav,pair_22_ori_160s/vocals.wav,0.9832,0.894,-17.41,1000,894,879,True
pair_22_ori_167s,pair_22_ori_167s.wav,pair_22_ori_167s/vocals.wav,0.9838,0.924,-17.09,1000,924,909,True
pair_22_ori_174s,pair_22_ori_174s.wav,pair_22_ori_174s/vocals.wav,0.9969,0.953,-16.24,1000,953,950,True
pair_22_ori_181s,pair_22_ori_181s.wav,pair_22_ori_181s/vocals.wav,1.0,0.802,-16.86,1000,802,802,True
pair_22_ori_188s,pair_22_ori_188s.wav,pair_22_ori_188s/vocals.wav,1.0,0.503,-19.47,1000,503,503,True
pair_22_ori_195s,pair_22_ori_195s.wav,pair_22_ori_195s/vocals.wav,1.0,0.135,-25.55,1000,135,135,True
pair_22_ori_23s,pair_22_ori_23s.wav,pair_22_ori_23s/vocals.wav,0.9953,0.633,-17.84,1000,633,630,True
pair_22_ori_30s,pair_22_ori_30s.wav,pair_22_ori_30s/vocals.wav,0.9964,0.825,-15.45,1000,825,822,True
pair_22_ori_33s,pair_22_ori_33s.wav,pair_22_ori_33s/vocals.wav,0.9937,0.955,-14.9,1000,955,949,True
pair_22_ori_40s,pair_22_ori_40s.wav,pair_22_ori_40s/vocals.wav,0.9928,0.971,-15.4,1000,971,964,True
pair_22_ori_46s,pair_22_ori_46s.wav,pair_22_ori_46s/vocals.wav,0.9917,0.961,-16.03,1000,961,953,True
pair_22_ori_53s,pair_22_ori_53s.wav,pair_22_ori_53s/vocals.wav,0.9958,0.952,-16.45,1000,952,948,True
pair_22_ori_60s,pair_22_ori_60s.wav,pair_22_ori_60s/vocals.wav,0.9916,0.947,-16.68,1000,947,939,True
pair_22_ori_67s,pair_22_ori_67s.wav,pair_22_ori_67s/vocals.wav,0.9969,0.959,-17.26,1000,959,956,True
pair_22_ori_73s,pair_22_ori_73s.wav,pair_22_ori_73s/vocals.wav,0.9967,0.904,-17.56,1000,904,901,True
pair_22_ori_80s,pair_22_ori_80s.wav,pair_22_ori_80s/vocals.wav,0.9978,0.917,-18.17,1000,917,915,True
pair_22_ori_87s,pair_22_ori_87s.wav,pair_22_ori_87s/vocals.wav,0.9902,0.915,-17.83,1000,915,906,True
pair_22_ori_93s,pair_22_ori_93s.wav,pair_22_ori_93s/vocals.wav,0.9866,0.893,-19.23,1000,893,881,True
pair_24_comp_21s,pair_24_comp_21s.wav,pair_24_comp_21s/vocals.wav,0.987,0.844,-21.1,1000,844,833,True
pair_24_ori_27s,pair_24_ori_27s.wav,pair_24_ori_27s/vocals.wav,0.962,0.632,-26.6,1000,632,608,True
pair_25_comp_110s,pair_25_comp_110s.wav,pair_25_comp_110s/vocals.wav,0.9778,0.63,-20.82,1000,630,616,True
pair_25_comp_126s,pair_25_comp_126s.wav,pair_25_comp_126s/vocals.wav,0.9531,0.832,-18.59,1000,832,793,True
pair_25_comp_140s,pair_25_comp_140s.wav,pair_25_comp_140s/vocals.wav,0.9648,0.967,-17.12,1000,967,933,True
pair_25_comp_202s,pair_25_comp_202s.wav,pair_25_comp_202s/vocals.wav,0.9939,0.983,-17.13,1000,983,977,True
pair_25_comp_217s,pair_25_comp_217s.wav,pair_25_comp_217s/vocals.wav,0.9873,0.867,-18.62,1000,867,856,True
pair_25_comp_232s,pair_25_comp_232s.wav,pair_25_comp_232s/vocals.wav,0.991,0.332,-24.98,1000,332,329,True
pair_25_comp_248s,pair_25_comp_248s.wav,pair_25_comp_248s/vocals.wav,0.0,0.0,-94.81,408,0,0,False
pair_25_comp_95s,pair_25_comp_95s.wav,pair_25_comp_95s/vocals.wav,0.9789,0.711,-19.39,1000,711,696,True
pair_25_ori_83s,pair_25_ori_83s.wav,pair_25_ori_83s/vocals.wav,0.9908,0.867,-22.32,1000,867,859,True
pair_25_ori_90s,pair_25_ori_90s.wav,pair_25_ori_90s/vocals.wav,0.9762,0.883,-20.69,1000,883,862,True
pair_25_ori_98s,pair_25_ori_98s.wav,pair_25_ori_98s/vocals.wav,0.9871,0.927,-19.34,1000,927,915,True
pair_27_comp_132s,pair_27_comp_132s.wav,pair_27_comp_132s/vocals.wav,0.9525,0.737,-23.08,1000,737,702,True
pair_27_comp_139s,pair_27_comp_139s.wav,pair_27_comp_139s/vocals.wav,0.9285,0.769,-22.78,1000,769,714,True
pair_27_comp_146s,pair_27_comp_146s.wav,pair_27_comp_146s/vocals.wav,0.9095,0.718,-23.72,1000,718,653,True
pair_27_comp_154s,pair_27_comp_154s.wav,pair_27_comp_154s/vocals.wav,0.9263,0.746,-22.85,1000,746,691,True
pair_27_comp_180s,pair_27_comp_180s.wav,pair_27_comp_180s/vocals.wav,0.9395,0.794,-22.54,1000,794,746,True
pair_27_comp_187s,pair_27_comp_187s.wav,pair_27_comp_187s/vocals.wav,0.9435,0.779,-22.42,1000,779,735,True
pair_27_comp_194s,pair_27_comp_194s.wav,pair_27_comp_194s/vocals.wav,0.9547,0.816,-22.57,1000,816,779,True
pair_27_comp_202s,pair_27_comp_202s.wav,pair_27_comp_202s/vocals.wav,0.9387,0.816,-23.81,1000,816,766,True
pair_27_comp_210s,pair_27_comp_210s.wav,pair_27_comp_210s/vocals.wav,0.9013,0.537,-27.47,1000,537,484,True
pair_27_comp_217s,pair_27_comp_217s.wav,pair_27_comp_217s/vocals.wav,0.8598,0.2271,-37.16,722,164,141,True
pair_27_comp_21s,pair_27_comp_21s.wav,pair_27_comp_21s/vocals.wav,0.9125,0.743,-22.97,1000,743,678,True
pair_27_comp_28s,pair_27_comp_28s.wav,pair_27_comp_28s/vocals.wav,0.9302,0.745,-22.94,1000,745,693,True
pair_27_comp_36s,pair_27_comp_36s.wav,pair_27_comp_36s/vocals.wav,0.9401,0.701,-23.9,1000,701,659,True
pair_27_comp_43s,pair_27_comp_43s.wav,pair_27_comp_43s/vocals.wav,0.9376,0.721,-23.19,1000,721,676,True
pair_27_comp_69s,pair_27_comp_69s.wav,pair_27_comp_69s/vocals.wav,0.9452,0.748,-23.2,1000,748,707,True
pair_27_comp_76s,pair_27_comp_76s.wav,pair_27_comp_76s/vocals.wav,0.919,0.765,-23.0,1000,765,703,True
pair_27_comp_84s,pair_27_comp_84s.wav,pair_27_comp_84s/vocals.wav,0.8395,0.567,-25.09,1000,567,476,True
pair_27_comp_91s,pair_27_comp_91s.wav,pair_27_comp_91s/vocals.wav,0.7477,0.329,-28.52,1000,329,246,True
pair_27_ori_120s,pair_27_ori_120s.wav,pair_27_ori_120s/vocals.wav,0.9768,0.603,-19.02,1000,603,589,True
pair_27_ori_127s,pair_27_ori_127s.wav,pair_27_ori_127s/vocals.wav,0.9721,0.609,-19.65,1000,609,592,True
pair_27_ori_135s,pair_27_ori_135s.wav,pair_27_ori_135s/vocals.wav,0.9719,0.605,-18.85,1000,605,588,True
pair_27_ori_143s,pair_27_ori_143s.wav,pair_27_ori_143s/vocals.wav,0.9953,0.634,-19.28,1000,634,631,True
pair_27_ori_151s,pair_27_ori_151s.wav,pair_27_ori_151s/vocals.wav,1.0,0.661,-18.3,1000,661,661,True
pair_27_ori_159s,pair_27_ori_159s.wav,pair_27_ori_159s/vocals.wav,0.984,0.749,-18.76,1000,749,737,True
pair_27_ori_167s,pair_27_ori_167s.wav,pair_27_ori_167s/vocals.wav,0.9854,0.82,-18.2,1000,820,808,True
pair_27_ori_175s,pair_27_ori_175s.wav,pair_27_ori_175s/vocals.wav,0.9877,0.73,-18.61,1000,730,721,True
pair_27_ori_183s,pair_27_ori_183s.wav,pair_27_ori_183s/vocals.wav,0.9817,0.765,-19.26,1000,765,751,True
pair_27_ori_191s,pair_27_ori_191s.wav,pair_27_ori_191s/vocals.wav,0.992,0.87,-19.17,1000,870,863,True
pair_27_ori_198s,pair_27_ori_198s.wav,pair_27_ori_198s/vocals.wav,0.9917,0.965,-19.3,1000,965,957,True
pair_27_ori_206s,pair_27_ori_206s.wav,pair_27_ori_206s/vocals.wav,0.9799,0.598,-22.28,1000,598,586,True
pair_27_ori_25s,pair_27_ori_25s.wav,pair_27_ori_25s/vocals.wav,0.978,0.635,-18.96,1000,635,621,True
pair_27_ori_33s,pair_27_ori_33s.wav,pair_27_ori_33s/vocals.wav,0.9688,0.609,-20.03,1000,609,590,True
pair_27_ori_40s,pair_27_ori_40s.wav,pair_27_ori_40s/vocals.wav,0.9643,0.617,-19.68,1000,617,595,True
pair_27_ori_48s,pair_27_ori_48s.wav,pair_27_ori_48s/vocals.wav,0.9681,0.626,-21.16,1000,626,606,True
pair_27_ori_56s,pair_27_ori_56s.wav,pair_27_ori_56s/vocals.wav,0.9731,0.67,-20.62,1000,670,652,True
pair_27_ori_64s,pair_27_ori_64s.wav,pair_27_ori_64s/vocals.wav,0.9669,0.665,-20.6,1000,665,643,True
pair_27_ori_72s,pair_27_ori_72s.wav,pair_27_ori_72s/vocals.wav,0.9718,0.602,-18.67,1000,602,585,True
pair_27_ori_80s,pair_27_ori_80s.wav,pair_27_ori_80s/vocals.wav,0.9877,0.729,-17.88,1000,729,720,True
pair_27_ori_88s,pair_27_ori_88s.wav,pair_27_ori_88s/vocals.wav,0.9814,0.485,-19.81,1000,485,476,True
pair_27_ori_96s,pair_27_ori_96s.wav,pair_27_ori_96s/vocals.wav,1.0,0.189,-24.9,1000,189,189,True
pair_29_comp_136s,pair_29_comp_136s.wav,pair_29_comp_136s/vocals.wav,0.9886,0.879,-21.53,1000,879,869,True
pair_29_comp_145s,pair_29_comp_145s.wav,pair_29_comp_145s/vocals.wav,0.9934,0.457,-23.8,1000,457,454,True
pair_29_comp_15s,pair_29_comp_15s.wav,pair_29_comp_15s/vocals.wav,0.9824,0.17,-31.27,1000,170,167,True
pair_29_comp_188s,pair_29_comp_188s.wav,pair_29_comp_188s/vocals.wav,0.987,0.923,-20.66,1000,923,911,True
pair_29_comp_197s,pair_29_comp_197s.wav,pair_29_comp_197s/vocals.wav,0.9902,0.92,-20.44,1000,920,911,True
pair_29_comp_206s,pair_29_comp_206s.wav,pair_29_comp_206s/vocals.wav,0.9896,0.867,-20.76,1000,867,858,True
pair_29_comp_214s,pair_29_comp_214s.wav,pair_29_comp_214s/vocals.wav,0.9958,0.71,-22.59,1000,710,707,True
pair_29_comp_85s,pair_29_comp_85s.wav,pair_29_comp_85s/vocals.wav,0.9905,0.948,-21.35,1000,948,939,True
pair_29_comp_93s,pair_29_comp_93s.wav,pair_29_comp_93s/vocals.wav,0.9952,0.826,-23.06,1000,826,822,True
pair_29_ori_12s,pair_29_ori_12s.wav,pair_29_ori_12s/vocals.wav,0.9773,0.441,-28.82,1000,441,431,True
pair_29_ori_134s,pair_29_ori_134s.wav,pair_29_ori_134s/vocals.wav,0.9733,0.935,-21.89,1000,935,910,True
pair_29_ori_143s,pair_29_ori_143s.wav,pair_29_ori_143s/vocals.wav,0.9772,0.877,-22.2,1000,877,857,True
pair_29_ori_221s,pair_29_ori_221s.wav,pair_29_ori_221s/vocals.wav,0.9604,0.935,-22.44,1000,935,898,True
pair_29_ori_230s,pair_29_ori_230s.wav,pair_29_ori_230s/vocals.wav,0.9493,0.966,-20.14,1000,966,917,True
pair_29_ori_239s,pair_29_ori_239s.wav,pair_29_ori_239s/vocals.wav,0.9668,0.995,-18.77,1000,995,962,True
pair_29_ori_247s,pair_29_ori_247s.wav,pair_29_ori_247s/vocals.wav,0.9807,0.983,-19.13,1000,983,964,True
pair_29_ori_256s,pair_29_ori_256s.wav,pair_29_ori_256s/vocals.wav,0.9947,0.8116,-20.88,934,758,754,True
pair_29_ori_265s,pair_29_ori_265s.wav,pair_29_ori_265s/vocals.wav,0.9907,0.6694,-21.11,484,324,321,True
pair_29_ori_73s,pair_29_ori_73s.wav,pair_29_ori_73s/vocals.wav,0.9905,0.947,-21.65,1000,947,938,True
pair_29_ori_82s,pair_29_ori_82s.wav,pair_29_ori_82s/vocals.wav,0.9803,0.912,-21.81,1000,912,894,True
pair_32_comp_141s,pair_32_comp_141s.wav,pair_32_comp_141s/vocals.wav,0.984,0.936,-21.51,1000,936,921,True
pair_32_comp_147s,pair_32_comp_147s.wav,pair_32_comp_147s/vocals.wav,0.9674,0.921,-21.07,1000,921,891,True
pair_32_comp_14s,pair_32_comp_14s.wav,pair_32_comp_14s/vocals.wav,0.9346,0.902,-25.2,1000,902,843,True
pair_32_comp_154s,pair_32_comp_154s.wav,pair_32_comp_154s/vocals.wav,0.9536,0.926,-18.37,1000,926,883,True
pair_32_comp_161s,pair_32_comp_161s.wav,pair_32_comp_161s/vocals.wav,0.9471,0.964,-16.61,1000,964,913,True
pair_32_comp_168s,pair_32_comp_168s.wav,pair_32_comp_168s/vocals.wav,0.9707,0.989,-15.28,1000,989,960,True
pair_32_comp_175s,pair_32_comp_175s.wav,pair_32_comp_175s/vocals.wav,0.9699,0.965,-16.16,1000,965,936,True
pair_32_comp_182s,pair_32_comp_182s.wav,pair_32_comp_182s/vocals.wav,0.9649,0.941,-17.95,1000,941,908,True
pair_32_comp_189s,pair_32_comp_189s.wav,pair_32_comp_189s/vocals.wav,0.95,0.92,-17.85,1000,920,874,True
pair_32_comp_195s,pair_32_comp_195s.wav,pair_32_comp_195s/vocals.wav,0.9619,0.972,-16.0,1000,972,935,True
pair_32_comp_202s,pair_32_comp_202s.wav,pair_32_comp_202s/vocals.wav,0.974,1.0,-14.5,1000,1000,974,True
pair_32_comp_209s,pair_32_comp_209s.wav,pair_32_comp_209s/vocals.wav,0.9735,0.945,-15.52,1000,945,920,True
pair_32_comp_216s,pair_32_comp_216s.wav,pair_32_comp_216s/vocals.wav,0.9704,0.877,-17.54,1000,877,851,True
pair_32_comp_21s,pair_32_comp_21s.wav,pair_32_comp_21s/vocals.wav,0.9304,0.862,-24.76,1000,862,802,True
pair_32_comp_223s,pair_32_comp_223s.wav,pair_32_comp_223s/vocals.wav,0.9621,0.739,-21.32,1000,739,711,True
pair_32_comp_230s,pair_32_comp_230s.wav,pair_32_comp_230s/vocals.wav,0.98,0.701,-21.0,1000,701,687,True
pair_32_comp_27s,pair_32_comp_27s.wav,pair_32_comp_27s/vocals.wav,0.9231,0.871,-24.48,1000,871,804,True
pair_32_comp_35s,pair_32_comp_35s.wav,pair_32_comp_35s/vocals.wav,0.9267,0.887,-24.75,1000,887,822,True
pair_32_comp_41s,pair_32_comp_41s.wav,pair_32_comp_41s/vocals.wav,0.942,0.948,-23.2,1000,948,893,True
pair_32_comp_48s,pair_32_comp_48s.wav,pair_32_comp_48s/vocals.wav,0.9419,0.929,-22.61,1000,929,875,True
pair_32_comp_55s,pair_32_comp_55s.wav,pair_32_comp_55s/vocals.wav,0.9503,0.886,-19.43,1000,886,842,True
pair_32_comp_62s,pair_32_comp_62s.wav,pair_32_comp_62s/vocals.wav,0.943,0.877,-17.83,1000,877,827,True
pair_32_comp_69s,pair_32_comp_69s.wav,pair_32_comp_69s/vocals.wav,0.9586,0.967,-16.68,1000,967,927,True
pair_32_comp_75s,pair_32_comp_75s.wav,pair_32_comp_75s/vocals.wav,0.9392,0.954,-17.69,1000,954,896,True
pair_32_comp_82s,pair_32_comp_82s.wav,pair_32_comp_82s/vocals.wav,0.9485,0.932,-18.97,1000,932,884,True
pair_32_comp_89s,pair_32_comp_89s.wav,pair_32_comp_89s/vocals.wav,0.9398,0.631,-22.21,1000,631,593,True
pair_32_comp_96s,pair_32_comp_96s.wav,pair_32_comp_96s/vocals.wav,0.9522,0.335,-24.47,1000,335,319,True
pair_32_ori_103s,pair_32_ori_103s.wav,pair_32_ori_103s/vocals.wav,0.9588,0.364,-22.94,1000,364,349,True
pair_32_ori_138s,pair_32_ori_138s.wav,pair_32_ori_138s/vocals.wav,0.953,0.979,-19.06,1000,979,933,True
pair_32_ori_145s,pair_32_ori_145s.wav,pair_32_ori_145s/vocals.wav,0.9465,0.935,-18.65,1000,935,885,True
pair_32_ori_152s,pair_32_ori_152s.wav,pair_32_ori_152s/vocals.wav,0.9593,0.933,-16.83,1000,933,895,True
pair_32_ori_159s,pair_32_ori_159s.wav,pair_32_ori_159s/vocals.wav,0.9546,0.882,-15.96,1000,882,842,True
pair_32_ori_166s,pair_32_ori_166s.wav,pair_32_ori_166s/vocals.wav,0.9749,0.876,-14.27,1000,876,854,True
pair_32_ori_173s,pair_32_ori_173s.wav,pair_32_ori_173s/vocals.wav,0.9593,0.885,-15.41,1000,885,849,True
pair_32_ori_180s,pair_32_ori_180s.wav,pair_32_ori_180s/vocals.wav,0.9623,0.928,-16.27,1000,928,893,True
pair_32_ori_186s,pair_32_ori_186s.wav,pair_32_ori_186s/vocals.wav,0.9574,0.891,-17.89,1000,891,853,True
pair_32_ori_193s,pair_32_ori_193s.wav,pair_32_ori_193s/vocals.wav,0.9528,0.869,-16.45,1000,869,828,True
pair_32_ori_200s,pair_32_ori_200s.wav,pair_32_ori_200s/vocals.wav,0.972,0.894,-15.27,1000,894,869,True
pair_32_ori_207s,pair_32_ori_207s.wav,pair_32_ori_207s/vocals.wav,0.9627,0.912,-15.52,1000,912,878,True
pair_32_ori_20s,pair_32_ori_20s.wav,pair_32_ori_20s/vocals.wav,0.942,0.983,-18.63,1000,983,926,True
pair_32_ori_214s,pair_32_ori_214s.wav,pair_32_ori_214s/vocals.wav,0.9623,0.929,-16.87,1000,929,894,True
pair_32_ori_221s,pair_32_ori_221s.wav,pair_32_ori_221s/vocals.wav,0.96,0.9,-18.37,1000,900,864,True
pair_32_ori_227s,pair_32_ori_227s.wav,pair_32_ori_227s/vocals.wav,0.9792,0.963,-17.13,1000,963,943,True
pair_32_ori_27s,pair_32_ori_27s.wav,pair_32_ori_27s/vocals.wav,0.9442,0.896,-19.04,1000,896,846,True
pair_32_ori_34s,pair_32_ori_34s.wav,pair_32_ori_34s/vocals.wav,0.9465,0.879,-19.58,1000,879,832,True
pair_32_ori_41s,pair_32_ori_41s.wav,pair_32_ori_41s/vocals.wav,0.9592,0.906,-19.55,1000,906,869,True
pair_32_ori_48s,pair_32_ori_48s.wav,pair_32_ori_48s/vocals.wav,0.9721,0.931,-18.32,1000,931,905,True
pair_32_ori_55s,pair_32_ori_55s.wav,pair_32_ori_55s/vocals.wav,0.9618,0.864,-17.66,1000,864,831,True
pair_32_ori_62s,pair_32_ori_62s.wav,pair_32_ori_62s/vocals.wav,0.9648,0.88,-16.81,1000,880,849,True
pair_32_ori_69s,pair_32_ori_69s.wav,pair_32_ori_69s/vocals.wav,0.9496,0.854,-15.82,1000,854,811,True
pair_32_ori_76s,pair_32_ori_76s.wav,pair_32_ori_76s/vocals.wav,0.974,0.886,-15.12,1000,886,863,True
pair_32_ori_83s,pair_32_ori_83s.wav,pair_32_ori_83s/vocals.wav,0.9617,0.913,-16.38,1000,913,878,True
pair_32_ori_90s,pair_32_ori_90s.wav,pair_32_ori_90s/vocals.wav,0.9653,0.95,-17.38,1000,950,917,True
pair_32_ori_96s,pair_32_ori_96s.wav,pair_32_ori_96s/vocals.wav,0.9557,0.745,-21.35,1000,745,712,True
pair_33_comp_147s,pair_33_comp_147s.wav,pair_33_comp_147s/vocals.wav,0.9313,0.801,-19.45,1000,801,746,True
pair_33_comp_165s,pair_33_comp_165s.wav,pair_33_comp_165s/vocals.wav,0.9275,0.759,-20.03,1000,759,704,True
pair_33_comp_200s,pair_33_comp_200s.wav,pair_33_comp_200s/vocals.wav,0.9293,0.99,-13.97,1000,990,920,True
pair_33_comp_219s,pair_33_comp_219s.wav,pair_33_comp_219s/vocals.wav,0.961,0.924,-15.02,1000,924,888,True
pair_33_comp_72s,pair_33_comp_72s.wav,pair_33_comp_72s/vocals.wav,0.9583,0.696,-24.19,1000,696,667,True
pair_33_ori_106s,pair_33_ori_106s.wav,pair_33_ori_106s/vocals.wav,0.9354,0.867,-17.47,1000,867,811,True
pair_33_ori_174s,pair_33_ori_174s.wav,pair_33_ori_174s/vocals.wav,0.9352,0.879,-17.94,1000,879,822,True
pair_33_ori_48s,pair_33_ori_48s.wav,pair_33_ori_48s/vocals.wav,0.947,0.793,-20.16,1000,793,751,True
pair_34_comp_140s,pair_34_comp_140s.wav,pair_34_comp_140s/vocals.wav,0.8386,0.533,-26.46,1000,533,447,True
pair_34_comp_190s,pair_34_comp_190s.wav,pair_34_comp_190s/vocals.wav,0.8052,0.503,-29.27,1000,503,405,True
pair_34_comp_210s,pair_34_comp_210s.wav,pair_34_comp_210s/vocals.wav,0.8432,0.236,-35.66,1000,236,199,True
pair_34_comp_58s,pair_34_comp_58s.wav,pair_34_comp_58s/vocals.wav,0.8396,0.505,-26.86,1000,505,424,True
pair_34_ori_218s,pair_34_ori_218s.wav,pair_34_ori_218s/vocals.wav,0.8214,0.112,-31.79,1000,112,92,True
pair_34_ori_6s,pair_34_ori_6s.wav,pair_34_ori_6s/vocals.wav,0.0,0.0,-86.55,1000,0,0,False
pair_34_ori_78s,pair_34_ori_78s.wav,pair_34_ori_78s/vocals.wav,0.9866,0.524,-28.64,1000,524,517,True
pair_35_comp_148s,pair_35_comp_148s.wav,pair_35_comp_148s/vocals.wav,0.9396,0.943,-13.25,1000,943,886,True
pair_35_comp_189s,pair_35_comp_189s.wav,pair_35_comp_189s/vocals.wav,0.9419,0.998,-13.21,1000,998,940,True
pair_35_comp_79s,pair_35_comp_79s.wav,pair_35_comp_79s/vocals.wav,0.9362,0.972,-13.35,1000,972,910,True
pair_35_ori_108s,pair_35_ori_108s.wav,pair_35_ori_108s/vocals.wav,0.9257,0.861,-16.09,1000,861,797,True
pair_35_ori_115s,pair_35_ori_115s.wav,pair_35_ori_115s/vocals.wav,0.9303,0.502,-18.48,1000,502,467,True
pair_35_ori_154s,pair_35_ori_154s.wav,pair_35_ori_154s/vocals.wav,0.8991,0.991,-15.76,1000,991,891,True
pair_35_ori_162s,pair_35_ori_162s.wav,pair_35_ori_162s/vocals.wav,0.8998,0.988,-15.13,1000,988,889,True
pair_35_ori_172s,pair_35_ori_172s.wav,pair_35_ori_172s/vocals.wav,0.9188,0.837,-15.12,1000,837,769,True
pair_35_ori_180s,pair_35_ori_180s.wav,pair_35_ori_180s/vocals.wav,0.9102,0.423,-17.77,1000,423,385,True
pair_35_ori_38s,pair_35_ori_38s.wav,pair_35_ori_38s/vocals.wav,0.9111,0.844,-17.61,1000,844,769,True
pair_35_ori_46s,pair_35_ori_46s.wav,pair_35_ori_46s/vocals.wav,0.8976,0.459,-20.72,1000,459,412,True
pair_36_comp_102s,pair_36_comp_102s.wav,pair_36_comp_102s/vocals.wav,0.9299,0.799,-27.01,1000,799,743,True
pair_36_comp_9s,pair_36_comp_9s.wav,pair_36_comp_9s/vocals.wav,0.9062,0.416,-31.15,1000,416,377,True
pair_36_ori_12s,pair_36_ori_12s.wav,pair_36_ori_12s/vocals.wav,0.8786,0.84,-19.91,1000,840,738,True
pair_37_comp_139s,pair_37_comp_139s.wav,pair_37_comp_139s/vocals.wav,0.9224,0.979,-19.55,1000,979,903,True
pair_37_comp_15s,pair_37_comp_15s.wav,pair_37_comp_15s/vocals.wav,0.9828,0.986,-18.97,1000,986,969,True
pair_37_comp_73s,pair_37_comp_73s.wav,pair_37_comp_73s/vocals.wav,0.9776,0.894,-20.62,1000,894,874,True
pair_37_ori_114s,pair_37_ori_114s.wav,pair_37_ori_114s/vocals.wav,0.928,0.847,-24.09,1000,847,786,True
pair_37_ori_163s,pair_37_ori_163s.wav,pair_37_ori_163s/vocals.wav,0.9412,0.731,-28.29,1000,731,688,True
pair_37_ori_170s,pair_37_ori_170s.wav,pair_37_ori_170s/vocals.wav,0.9355,0.993,-26.48,1000,993,929,True
pair_37_ori_7s,pair_37_ori_7s.wav,pair_37_ori_7s/vocals.wav,0.8939,0.179,-34.31,1000,179,160,True
pair_37_ori_82s,pair_37_ori_82s.wav,pair_37_ori_82s/vocals.wav,0.9281,0.709,-29.07,1000,709,658,True
pair_39_comp_129s,pair_39_comp_129s.wav,pair_39_comp_129s/vocals.wav,0.9723,0.974,-15.11,1000,974,947,True
pair_39_comp_136s,pair_39_comp_136s.wav,pair_39_comp_136s/vocals.wav,0.9857,0.982,-15.13,1000,982,968,True
pair_39_comp_144s,pair_39_comp_144s.wav,pair_39_comp_144s/vocals.wav,0.9919,0.989,-16.29,1000,989,981,True
pair_39_comp_152s,pair_39_comp_152s.wav,pair_39_comp_152s/vocals.wav,0.994,0.998,-18.07,1000,998,992,True
pair_39_comp_191s,pair_39_comp_191s.wav,pair_39_comp_191s/vocals.wav,0.997,1.0,-14.9,1000,1000,997,True
pair_39_comp_199s,pair_39_comp_199s.wav,pair_39_comp_199s/vocals.wav,0.996,1.0,-14.87,1000,1000,996,True
pair_39_comp_207s,pair_39_comp_207s.wav,pair_39_comp_207s/vocals.wav,1.0,1.0,-15.03,1000,1000,1000,True
pair_39_comp_214s,pair_39_comp_214s.wav,pair_39_comp_214s/vocals.wav,0.999,1.0,-15.34,1000,1000,999,True
pair_39_comp_49s,pair_39_comp_49s.wav,pair_39_comp_49s/vocals.wav,0.965,0.971,-15.46,1000,971,937,True
pair_39_comp_57s,pair_39_comp_57s.wav,pair_39_comp_57s/vocals.wav,0.9783,0.969,-15.62,1000,969,948,True
pair_39_comp_64s,pair_39_comp_64s.wav,pair_39_comp_64s/vocals.wav,0.9893,0.931,-16.67,1000,931,921,True
pair_39_comp_72s,pair_39_comp_72s.wav,pair_39_comp_72s/vocals.wav,0.9634,0.875,-18.36,1000,875,843,True
pair_39_ori_105s,pair_39_ori_105s.wav,pair_39_ori_105s/vocals.wav,0.9632,0.87,-22.16,1000,870,838,True
pair_39_ori_113s,pair_39_ori_113s.wav,pair_39_ori_113s/vocals.wav,0.9729,0.554,-24.78,1000,554,539,True
pair_39_ori_162s,pair_39_ori_162s.wav,pair_39_ori_162s/vocals.wav,0.9619,0.997,-21.04,1000,997,959,True
pair_39_ori_170s,pair_39_ori_170s.wav,pair_39_ori_170s/vocals.wav,0.9494,0.989,-21.08,1000,989,939,True
pair_39_ori_180s,pair_39_ori_180s.wav,pair_39_ori_180s/vocals.wav,0.952,0.855,-21.73,1000,855,814,True
pair_39_ori_188s,pair_39_ori_188s.wav,pair_39_ori_188s/vocals.wav,0.9888,0.626,-23.33,1000,626,619,True
pair_39_ori_50s,pair_39_ori_50s.wav,pair_39_ori_50s/vocals.wav,0.9723,0.722,-23.74,1000,722,702,True
pair_39_ori_57s,pair_39_ori_57s.wav,pair_39_ori_57s/vocals.wav,0.9674,0.705,-24.64,1000,705,682,True
pair_3_comp_176s,pair_3_comp_176s.wav,pair_3_comp_176s/vocals.wav,0.8883,0.779,-23.94,1000,779,692,True
pair_3_comp_179s,pair_3_comp_179s.wav,pair_3_comp_179s/vocals.wav,0.9045,0.775,-23.55,1000,775,701,True
pair_3_comp_183s,pair_3_comp_183s.wav,pair_3_comp_183s/vocals.wav,0.8979,0.793,-23.34,1000,793,712,True
pair_3_comp_188s,pair_3_comp_188s.wav,pair_3_comp_188s/vocals.wav,0.8986,0.838,-22.02,1000,838,753,True
pair_3_comp_234s,pair_3_comp_234s.wav,pair_3_comp_234s/vocals.wav,0.9907,0.963,-20.85,1000,963,954,True
pair_3_comp_238s,pair_3_comp_238s.wav,pair_3_comp_238s/vocals.wav,0.9904,0.942,-21.58,1000,942,933,True
pair_3_comp_242s,pair_3_comp_242s.wav,pair_3_comp_242s/vocals.wav,0.9903,0.927,-21.73,1000,927,918,True
pair_3_comp_246s,pair_3_comp_246s.wav,pair_3_comp_246s/vocals.wav,0.991,0.888,-22.81,1000,888,880,True
pair_3_comp_250s,pair_3_comp_250s.wav,pair_3_comp_250s/vocals.wav,0.9881,0.67,-26.95,1000,670,662,True
pair_3_comp_254s,pair_3_comp_254s.wav,pair_3_comp_254s/vocals.wav,1.0,0.4945,-30.46,819,405,405,True
pair_3_comp_259s,pair_3_comp_259s.wav,pair_3_comp_259s/vocals.wav,1.0,0.2039,-37.21,569,116,116,True
pair_3_comp_263s,pair_3_comp_263s.wav,pair_3_comp_263s/vocals.wav,0.0,0.0,-74.79,369,0,0,False
pair_3_ori_11s,pair_3_ori_11s.wav,pair_3_ori_11s/vocals.wav,0.9302,0.845,-19.27,1000,845,786,True
pair_3_ori_15s,pair_3_ori_15s.wav,pair_3_ori_15s/vocals.wav,0.9269,0.875,-19.68,1000,875,811,True
pair_3_ori_20s,pair_3_ori_20s.wav,pair_3_ori_20s/vocals.wav,0.9477,0.918,-19.18,1000,918,870,True
pair_3_ori_25s,pair_3_ori_25s.wav,pair_3_ori_25s/vocals.wav,0.9573,0.89,-19.87,1000,890,852,True
pair_3_ori_29s,pair_3_ori_29s.wav,pair_3_ori_29s/vocals.wav,0.9668,0.873,-20.66,1000,873,844,True
pair_3_ori_34s,pair_3_ori_34s.wav,pair_3_ori_34s/vocals.wav,0.9702,0.905,-20.78,1000,905,878,True
pair_3_ori_38s,pair_3_ori_38s.wav,pair_3_ori_38s/vocals.wav,0.9694,0.882,-21.29,1000,882,855,True
pair_3_ori_3s,pair_3_ori_3s.wav,pair_3_ori_3s/vocals.wav,0.8826,0.809,-20.49,1000,809,714,True
pair_3_ori_43s,pair_3_ori_43s.wav,pair_3_ori_43s/vocals.wav,0.9806,0.929,-20.71,1000,929,911,True
pair_3_ori_66s,pair_3_ori_66s.wav,pair_3_ori_66s/vocals.wav,0.9194,0.608,-23.89,1000,608,559,True
pair_3_ori_71s,pair_3_ori_71s.wav,pair_3_ori_71s/vocals.wav,0.9384,0.682,-22.99,1000,682,640,True
pair_3_ori_75s,pair_3_ori_75s.wav,pair_3_ori_75s/vocals.wav,0.9506,0.607,-23.18,1000,607,577,True
pair_3_ori_7s,pair_3_ori_7s.wav,pair_3_ori_7s/vocals.wav,0.8947,0.845,-19.57,1000,845,756,True
pair_3_ori_80s,pair_3_ori_80s.wav,pair_3_ori_80s/vocals.wav,0.9746,0.512,-23.43,1000,512,499,True
pair_41_comp_114s,pair_41_comp_114s.wav,pair_41_comp_114s/vocals.wav,0.9618,0.969,-14.79,1000,969,932,True
pair_41_comp_120s,pair_41_comp_120s.wav,pair_41_comp_120s/vocals.wav,0.9579,0.974,-14.46,1000,974,933,True
pair_41_comp_126s,pair_41_comp_126s.wav,pair_41_comp_126s/vocals.wav,0.9712,0.763,-15.75,1000,763,741,True
pair_41_comp_179s,pair_41_comp_179s.wav,pair_41_comp_179s/vocals.wav,0.9653,0.981,-15.21,1000,981,947,True
pair_41_comp_185s,pair_41_comp_185s.wav,pair_41_comp_185s/vocals.wav,0.9685,0.985,-14.52,1000,985,954,True
pair_41_comp_191s,pair_41_comp_191s.wav,pair_41_comp_191s/vocals.wav,0.9904,0.934,-14.41,1000,934,925,True
pair_41_comp_56s,pair_41_comp_56s.wav,pair_41_comp_56s/vocals.wav,0.9586,0.966,-15.48,1000,966,926,True
pair_41_comp_62s,pair_41_comp_62s.wav,pair_41_comp_62s/vocals.wav,0.9563,0.824,-16.55,1000,824,788,True
pair_41_comp_68s,pair_41_comp_68s.wav,pair_41_comp_68s/vocals.wav,0.9852,0.541,-18.11,1000,541,533,True
pair_41_ori_103s,pair_41_ori_103s.wav,pair_41_ori_103s/vocals.wav,0.9346,0.413,-24.13,1000,413,386,True
pair_41_ori_109s,pair_41_ori_109s.wav,pair_41_ori_109s/vocals.wav,0.8725,0.149,-29.0,1000,149,130,True
pair_41_ori_211s,pair_41_ori_211s.wav,pair_41_ori_211s/vocals.wav,0.9661,0.945,-19.33,1000,945,913,True
pair_41_ori_217s,pair_41_ori_217s.wav,pair_41_ori_217s/vocals.wav,0.9699,0.962,-18.82,1000,962,933,True
pair_41_ori_223s,pair_41_ori_223s.wav,pair_41_ori_223s/vocals.wav,0.9662,0.976,-18.96,1000,976,943,True
pair_41_ori_229s,pair_41_ori_229s.wav,pair_41_ori_229s/vocals.wav,0.9729,0.996,-18.75,1000,996,969,True
pair_41_ori_91s,pair_41_ori_91s.wav,pair_41_ori_91s/vocals.wav,0.967,0.938,-20.09,1000,938,907,True
pair_41_ori_97s,pair_41_ori_97s.wav,pair_41_ori_97s/vocals.wav,0.9545,0.769,-21.32,1000,769,734,True
pair_42_comp_12s,pair_42_comp_12s.wav,pair_42_comp_12s/vocals.wav,0.8607,0.804,-18.41,1000,804,692,True
pair_42_comp_17s,pair_42_comp_17s.wav,pair_42_comp_17s/vocals.wav,0.8776,0.776,-20.14,1000,776,681,True
pair_42_comp_3s,pair_42_comp_3s.wav,pair_42_comp_3s/vocals.wav,0.855,0.462,-20.21,1000,462,395,True
pair_42_comp_7s,pair_42_comp_7s.wav,pair_42_comp_7s/vocals.wav,0.8346,0.653,-19.14,1000,653,545,True
pair_42_ori_0s,pair_42_ori_0s.wav,pair_42_ori_0s/vocals.wav,1.0,0.005,-44.91,1000,5,5,False
pair_42_ori_10s,pair_42_ori_10s.wav,pair_42_ori_10s/vocals.wav,0.8738,0.301,-25.26,1000,301,263,True
pair_42_ori_14s,pair_42_ori_14s.wav,pair_42_ori_14s/vocals.wav,0.8756,0.41,-23.47,1000,410,359,True
pair_42_ori_6s,pair_42_ori_6s.wav,pair_42_ori_6s/vocals.wav,0.8357,0.207,-27.26,1000,207,173,True
pair_43_comp_0s,pair_43_comp_0s.wav,pair_43_comp_0s/vocals.wav,0.0,0.0,-76.96,1000,0,0,False
pair_43_comp_10s,pair_43_comp_10s.wav,pair_43_comp_10s/vocals.wav,0.9388,0.392,-24.4,1000,392,368,True
pair_43_comp_122s,pair_43_comp_122s.wav,pair_43_comp_122s/vocals.wav,0.9581,0.787,-17.74,1000,787,754,True
pair_43_comp_132s,pair_43_comp_132s.wav,pair_43_comp_132s/vocals.wav,0.9655,0.898,-16.94,1000,898,867,True
pair_43_comp_61s,pair_43_comp_61s.wav,pair_43_comp_61s/vocals.wav,0.9529,0.764,-17.98,1000,764,728,True
pair_43_comp_71s,pair_43_comp_71s.wav,pair_43_comp_71s/vocals.wav,0.9327,0.758,-19.34,1000,758,707,True
pair_43_ori_0s,pair_43_ori_0s.wav,pair_43_ori_0s/vocals.wav,0.0,0.0,-77.81,1000,0,0,False
pair_43_ori_10s,pair_43_ori_10s.wav,pair_43_ori_10s/vocals.wav,0.9645,0.394,-18.81,1000,394,380,True
pair_43_ori_112s,pair_43_ori_112s.wav,pair_43_ori_112s/vocals.wav,0.9843,0.891,-13.55,1000,891,877,True
pair_43_ori_61s,pair_43_ori_61s.wav,pair_43_ori_61s/vocals.wav,0.972,0.82,-14.74,1000,820,797,True
pair_44_comp_0s,pair_44_comp_0s.wav,pair_44_comp_0s/vocals.wav,0.823,0.356,-23.49,1000,356,293,True
pair_44_comp_140s,pair_44_comp_140s.wav,pair_44_comp_140s/vocals.wav,0.9299,0.985,-18.24,1000,985,916,True
pair_44_comp_149s,pair_44_comp_149s.wav,pair_44_comp_149s/vocals.wav,0.9082,0.991,-18.15,1000,991,900,True
pair_44_comp_174s,pair_44_comp_174s.wav,pair_44_comp_174s/vocals.wav,0.0,0.0,-72.01,700,0,0,False
pair_44_comp_33s,pair_44_comp_33s.wav,pair_44_comp_33s/vocals.wav,0.9118,0.964,-18.26,1000,964,879,True
pair_44_comp_41s,pair_44_comp_41s.wav,pair_44_comp_41s/vocals.wav,0.8929,0.98,-17.99,1000,980,875,True
pair_44_comp_66s,pair_44_comp_66s.wav,pair_44_comp_66s/vocals.wav,0.9065,0.62,-21.17,1000,620,562,True
pair_44_comp_8s,pair_44_comp_8s.wav,pair_44_comp_8s/vocals.wav,0.8574,0.568,-21.65,1000,568,487,True
pair_44_comp_90s,pair_44_comp_90s.wav,pair_44_comp_90s/vocals.wav,0.8957,0.959,-18.14,1000,959,859,True
pair_44_comp_99s,pair_44_comp_99s.wav,pair_44_comp_99s/vocals.wav,0.887,0.982,-18.02,1000,982,871,True
pair_44_ori_104s,pair_44_ori_104s.wav,pair_44_ori_104s/vocals.wav,0.9932,0.444,-17.63,1000,444,441,True
pair_44_ori_111s,pair_44_ori_111s.wav,pair_44_ori_111s/vocals.wav,0.9834,0.722,-16.11,1000,722,710,True
pair_44_ori_132s,pair_44_ori_132s.wav,pair_44_ori_132s/vocals.wav,1.0,0.165,-22.61,1000,165,165,True
pair_44_ori_139s,pair_44_ori_139s.wav,pair_44_ori_139s/vocals.wav,0.9091,0.143,-26.57,1000,143,130,True
pair_44_ori_146s,pair_44_ori_146s.wav,pair_44_ori_146s/vocals.wav,0.9182,0.159,-20.35,1000,159,146,True
pair_44_ori_153s,pair_44_ori_153s.wav,pair_44_ori_153s/vocals.wav,0.9539,0.1624,-20.21,936,152,145,True
pair_44_ori_21s,pair_44_ori_21s.wav,pair_44_ori_21s/vocals.wav,0.9868,0.379,-20.25,1000,379,374,True
pair_44_ori_48s,pair_44_ori_48s.wav,pair_44_ori_48s/vocals.wav,1.0,0.199,-20.57,1000,199,199,True
pair_44_ori_55s,pair_44_ori_55s.wav,pair_44_ori_55s/vocals.wav,0.9036,0.166,-26.55,1000,166,150,True
pair_44_ori_63s,pair_44_ori_63s.wav,pair_44_ori_63s/vocals.wav,0.9761,0.502,-14.0,1000,502,490,True
pair_44_ori_69s,pair_44_ori_69s.wav,pair_44_ori_69s/vocals.wav,0.988,0.834,-12.23,1000,834,824,True
pair_44_ori_6s,pair_44_ori_6s.wav,pair_44_ori_6s/vocals.wav,0.9526,0.211,-19.64,1000,211,201,True
pair_45_comp_0s,pair_45_comp_0s.wav,pair_45_comp_0s/vocals.wav,0.9785,0.606,-33.02,1000,606,593,True
pair_45_comp_116s,pair_45_comp_116s.wav,pair_45_comp_116s/vocals.wav,0.9,1.0,-19.98,1000,1000,900,True
pair_45_comp_121s,pair_45_comp_121s.wav,pair_45_comp_121s/vocals.wav,0.9127,0.997,-19.91,1000,997,910,True
pair_45_comp_138s,pair_45_comp_138s.wav,pair_45_comp_138s/vocals.wav,0.974,0.999,-19.24,1000,999,973,True
pair_45_comp_144s,pair_45_comp_144s.wav,pair_45_comp_144s/vocals.wav,0.956,1.0,-19.75,1000,1000,956,True
pair_45_comp_161s,pair_45_comp_161s.wav,pair_45_comp_161s/vocals.wav,0.9046,0.996,-20.91,1000,996,901,True
pair_45_comp_167s,pair_45_comp_167s.wav,pair_45_comp_167s/vocals.wav,0.9158,0.998,-20.98,1000,998,914,True
pair_45_comp_184s,pair_45_comp_184s.wav,pair_45_comp_184s/vocals.wav,0.9105,0.994,-20.9,1000,994,905,True
pair_45_comp_189s,pair_45_comp_189s.wav,pair_45_comp_189s/vocals.wav,0.8854,0.986,-21.23,1000,986,873,True
pair_45_comp_207s,pair_45_comp_207s.wav,pair_45_comp_207s/vocals.wav,0.634,0.899,-25.57,1000,899,570,True
pair_45_comp_212s,pair_45_comp_212s.wav,pair_45_comp_212s/vocals.wav,0.7534,0.8838,-25.18,904,799,602,True
pair_45_comp_24s,pair_45_comp_24s.wav,pair_45_comp_24s/vocals.wav,0.9224,0.992,-20.9,1000,992,915,True
pair_45_comp_29s,pair_45_comp_29s.wav,pair_45_comp_29s/vocals.wav,0.9188,0.997,-21.03,1000,997,916,True
pair_45_comp_47s,pair_45_comp_47s.wav,pair_45_comp_47s/vocals.wav,0.9197,0.996,-20.9,1000,996,916,True
pair_45_comp_52s,pair_45_comp_52s.wav,pair_45_comp_52s/vocals.wav,0.9299,0.999,-20.74,1000,999,929,True
pair_45_comp_70s,pair_45_comp_70s.wav,pair_45_comp_70s/vocals.wav,0.9308,0.925,-20.25,1000,925,861,True
pair_45_comp_75s,pair_45_comp_75s.wav,pair_45_comp_75s/vocals.wav,0.9316,0.848,-20.88,1000,848,790,True
pair_45_comp_7s,pair_45_comp_7s.wav,pair_45_comp_7s/vocals.wav,0.9807,0.831,-26.82,1000,831,815,True
pair_45_comp_92s,pair_45_comp_92s.wav,pair_45_comp_92s/vocals.wav,0.9784,0.878,-20.25,1000,878,859,True
pair_45_comp_98s,pair_45_comp_98s.wav,pair_45_comp_98s/vocals.wav,0.9689,0.868,-20.57,1000,868,841,True
pair_45_ori_101s,pair_45_ori_101s.wav,pair_45_ori_101s/vocals.wav,0.9105,0.581,-21.59,1000,581,529,True
pair_45_ori_107s,pair_45_ori_107s.wav,pair_45_ori_107s/vocals.wav,0.885,0.548,-22.35,1000,548,485,True
pair_45_ori_10s,pair_45_ori_10s.wav,pair_45_ori_10s/vocals.wav,0.0,0.0,-81.44,1000,0,0,False
pair_45_ori_124s,pair_45_ori_124s.wav,pair_45_ori_124s/vocals.wav,0.8951,0.734,-19.84,1000,734,657,True
pair_45_ori_130s,pair_45_ori_130s.wav,pair_45_ori_130s/vocals.wav,0.9223,0.708,-19.96,1000,708,653,True
pair_45_ori_16s,pair_45_ori_16s.wav,pair_45_ori_16s/vocals.wav,0.9213,0.089,-28.72,1000,89,82,True
pair_45_ori_182s,pair_45_ori_182s.wav,pair_45_ori_182s/vocals.wav,0.9349,0.522,-21.37,1000,522,488,True
pair_45_ori_188s,pair_45_ori_188s.wav,pair_45_ori_188s/vocals.wav,0.9207,0.492,-21.96,1000,492,453,True
pair_45_ori_205s,pair_45_ori_205s.wav,pair_45_ori_205s/vocals.wav,0.9122,0.581,-21.86,1000,581,530,True
pair_45_ori_211s,pair_45_ori_211s.wav,pair_45_ori_211s/vocals.wav,0.8787,0.577,-22.29,1000,577,507,True
pair_45_ori_33s,pair_45_ori_33s.wav,pair_45_ori_33s/vocals.wav,0.9158,0.582,-20.12,1000,582,533,True
pair_45_ori_38s,pair_45_ori_38s.wav,pair_45_ori_38s/vocals.wav,0.9062,0.512,-20.77,1000,512,464,True
pair_45_ori_56s,pair_45_ori_56s.wav,pair_45_ori_56s/vocals.wav,0.894,0.613,-20.75,1000,613,548,True
pair_45_ori_61s,pair_45_ori_61s.wav,pair_45_ori_61s/vocals.wav,0.8872,0.541,-21.15,1000,541,480,True
pair_45_ori_78s,pair_45_ori_78s.wav,pair_45_ori_78s/vocals.wav,0.9143,0.735,-18.97,1000,735,672,True
pair_45_ori_84s,pair_45_ori_84s.wav,pair_45_ori_84s/vocals.wav,0.947,0.661,-19.81,1000,661,626,True
pair_47_comp_109s,pair_47_comp_109s.wav,pair_47_comp_109s/vocals.wav,0.9124,0.856,-19.91,1000,856,781,True
pair_47_comp_154s,pair_47_comp_154s.wav,pair_47_comp_154s/vocals.wav,1.0,0.054,-35.79,1000,54,54,True
pair_47_comp_162s,pair_47_comp_162s.wav,pair_47_comp_162s/vocals.wav,0.9561,0.41,-23.73,1000,410,392,True
pair_47_comp_16s,pair_47_comp_16s.wav,pair_47_comp_16s/vocals.wav,1.0,0.253,-28.86,1000,253,253,True
pair_47_comp_24s,pair_47_comp_24s.wav,pair_47_comp_24s/vocals.wav,0.9939,0.492,-23.58,1000,492,489,True
pair_47_comp_45s,pair_47_comp_45s.wav,pair_47_comp_45s/vocals.wav,0.9314,0.845,-20.87,1000,845,787,True
pair_47_ori_115s,pair_47_ori_115s.wav,pair_47_ori_115s/vocals.wav,0.9718,0.888,-16.98,1000,888,863,True
pair_47_ori_15s,pair_47_ori_15s.wav,pair_47_ori_15s/vocals.wav,0.9691,0.518,-18.04,1000,518,502,True
pair_47_ori_32s,pair_47_ori_32s.wav,pair_47_ori_32s/vocals.wav,0.9386,0.88,-18.2,1000,880,826,True
pair_47_ori_81s,pair_47_ori_81s.wav,pair_47_ori_81s/vocals.wav,0.9489,0.235,-20.19,1000,235,223,True
pair_47_ori_8s,pair_47_ori_8s.wav,pair_47_ori_8s/vocals.wav,0.9412,0.391,-18.85,1000,391,368,True
pair_49_comp_101s,pair_49_comp_101s.wav,pair_49_comp_101s/vocals.wav,0.953,0.979,-16.81,1000,979,933,True
pair_49_comp_136s,pair_49_comp_136s.wav,pair_49_comp_136s/vocals.wav,0.9277,0.955,-16.31,1000,955,886,True
pair_49_comp_141s,pair_49_comp_141s.wav,pair_49_comp_141s/vocals.wav,0.9281,0.807,-17.29,1000,807,749,True
pair_49_comp_156s,pair_49_comp_156s.wav,pair_49_comp_156s/vocals.wav,0.9539,0.759,-18.65,1000,759,724,True
pair_49_comp_161s,pair_49_comp_161s.wav,pair_49_comp_161s/vocals.wav,0.9483,0.928,-18.29,1000,928,880,True
pair_49_comp_16s,pair_49_comp_16s.wav,pair_49_comp_16s/vocals.wav,0.9367,0.679,-18.41,1000,679,636,True
pair_49_comp_206s,pair_49_comp_206s.wav,pair_49_comp_206s/vocals.wav,0.9834,0.422,-21.08,1000,422,415,True
pair_49_comp_211s,pair_49_comp_211s.wav,pair_49_comp_211s/vocals.wav,0.9678,0.342,-22.36,1000,342,331,True
pair_49_comp_21s,pair_49_comp_21s.wav,pair_49_comp_21s/vocals.wav,0.9399,0.715,-18.5,1000,715,672,True
pair_49_comp_36s,pair_49_comp_36s.wav,pair_49_comp_36s/vocals.wav,0.9376,0.801,-18.64,1000,801,751,True
pair_49_comp_41s,pair_49_comp_41s.wav,pair_49_comp_41s/vocals.wav,0.9392,0.97,-18.13,1000,970,911,True
pair_49_comp_96s,pair_49_comp_96s.wav,pair_49_comp_96s/vocals.wav,0.9671,0.82,-17.22,1000,820,793,True
pair_49_ori_105s,pair_49_ori_105s.wav,pair_49_ori_105s/vocals.wav,0.8676,0.438,-24.9,1000,438,380,True
pair_49_ori_110s,pair_49_ori_110s.wav,pair_49_ori_110s/vocals.wav,0.8584,0.586,-24.63,1000,586,503,True
pair_49_ori_47s,pair_49_ori_47s.wav,pair_49_ori_47s/vocals.wav,0.8373,0.461,-25.15,1000,461,386,True
pair_49_ori_53s,pair_49_ori_53s.wav,pair_49_ori_53s/vocals.wav,0.901,0.586,-21.79,1000,586,528,True
pair_4_comp_109s,pair_4_comp_109s.wav,pair_4_comp_109s/vocals.wav,0.9658,0.819,-25.5,1000,819,791,True
pair_4_comp_116s,pair_4_comp_116s.wav,pair_4_comp_116s/vocals.wav,0.9545,0.791,-26.3,1000,791,755,True
pair_4_comp_124s,pair_4_comp_124s.wav,pair_4_comp_124s/vocals.wav,0.9636,0.797,-26.0,1000,797,768,True
pair_4_comp_161s,pair_4_comp_161s.wav,pair_4_comp_161s/vocals.wav,0.9655,0.841,-25.63,1000,841,812,True
pair_4_comp_169s,pair_4_comp_169s.wav,pair_4_comp_169s/vocals.wav,0.9726,0.839,-25.23,1000,839,816,True
pair_4_comp_184s,pair_4_comp_184s.wav,pair_4_comp_184s/vocals.wav,0.9697,0.595,-27.04,1000,595,577,True
pair_4_comp_56s,pair_4_comp_56s.wav,pair_4_comp_56s/vocals.wav,0.9782,0.595,-26.93,1000,595,582,True
pair_4_comp_63s,pair_4_comp_63s.wav,pair_4_comp_63s/vocals.wav,0.9637,0.303,-30.51,1000,303,292,True
pair_4_ori_112s,pair_4_ori_112s.wav,pair_4_ori_112s/vocals.wav,0.9873,0.948,-16.81,1000,948,936,True
pair_4_ori_119s,pair_4_ori_119s.wav,pair_4_ori_119s/vocals.wav,0.9926,0.949,-17.92,1000,949,942,True
pair_4_ori_127s,pair_4_ori_127s.wav,pair_4_ori_127s/vocals.wav,0.9916,0.948,-17.42,1000,948,940,True
pair_4_ori_134s,pair_4_ori_134s.wav,pair_4_ori_134s/vocals.wav,0.9977,0.875,-18.86,1000,875,873,True
pair_4_ori_21s,pair_4_ori_21s.wav,pair_4_ori_21s/vocals.wav,0.9783,0.969,-17.13,1000,969,948,True
pair_4_ori_28s,pair_4_ori_28s.wav,pair_4_ori_28s/vocals.wav,0.9881,0.925,-19.18,1000,925,914,True
pair_4_ori_36s,pair_4_ori_36s.wav,pair_4_ori_36s/vocals.wav,0.9717,0.883,-18.44,1000,883,858,True
pair_4_ori_42s,pair_4_ori_42s.wav,pair_4_ori_42s/vocals.wav,0.9718,0.852,-19.1,1000,852,828,True
pair_50_comp_0s,pair_50_comp_0s.wav,pair_50_comp_0s/vocals.wav,0.9623,0.398,-25.68,1000,398,383,True
pair_50_comp_157s,pair_50_comp_157s.wav,pair_50_comp_157s/vocals.wav,0.0,0.0,-72.36,1000,0,0,False
pair_50_comp_165s,pair_50_comp_165s.wav,pair_50_comp_165s/vocals.wav,1.0,0.003,-51.05,1000,3,3,False
pair_50_comp_173s,pair_50_comp_173s.wav,pair_50_comp_173s/vocals.wav,0.0,0.0,-48.55,1000,0,0,False
pair_50_comp_180s,pair_50_comp_180s.wav,pair_50_comp_180s/vocals.wav,1.0,0.0471,-46.48,786,37,37,False
pair_50_comp_30s,pair_50_comp_30s.wav,pair_50_comp_30s/vocals.wav,0.9588,0.752,-20.36,1000,752,721,True
pair_50_comp_34s,pair_50_comp_34s.wav,pair_50_comp_34s/vocals.wav,0.9638,0.883,-19.69,1000,883,851,True
pair_50_comp_7s,pair_50_comp_7s.wav,pair_50_comp_7s/vocals.wav,0.9625,0.774,-21.44,1000,774,745,True
pair_50_ori_0s,pair_50_ori_0s.wav,pair_50_ori_0s/vocals.wav,0.9595,0.444,-22.6,1000,444,426,True
pair_50_ori_6s,pair_50_ori_6s.wav,pair_50_ori_6s/vocals.wav,0.9733,0.673,-20.13,1000,673,655,True
pair_51_comp_10s,pair_51_comp_10s.wav,pair_51_comp_10s/vocals.wav,0.0,0.0,-74.39,1000,0,0,False
pair_51_comp_110s,pair_51_comp_110s.wav,pair_51_comp_110s/vocals.wav,0.9511,0.307,-26.62,1000,307,292,True
pair_51_comp_117s,pair_51_comp_117s.wav,pair_51_comp_117s/vocals.wav,0.9413,0.647,-21.76,1000,647,609,True
pair_51_comp_18s,pair_51_comp_18s.wav,pair_51_comp_18s/vocals.wav,0.0,0.0,-74.68,1000,0,0,False
pair_51_comp_2s,pair_51_comp_2s.wav,pair_51_comp_2s/vocals.wav,0.0,0.0,-79.18,1000,0,0,False
pair_51_comp_58s,pair_51_comp_58s.wav,pair_51_comp_58s/vocals.wav,0.8995,0.209,-27.75,1000,209,188,True
pair_51_comp_65s,pair_51_comp_65s.wav,pair_51_comp_65s/vocals.wav,0.9455,0.532,-22.92,1000,532,503,True
pair_51_ori_17s,pair_51_ori_17s.wav,pair_51_ori_17s/vocals.wav,1.0,0.066,-46.71,1000,66,66,False
pair_51_ori_207s,pair_51_ori_207s.wav,pair_51_ori_207s/vocals.wav,0.0,0.0,-76.4,1000,0,0,False
pair_51_ori_213s,pair_51_ori_213s.wav,pair_51_ori_213s/vocals.wav,0.0,0.0,-76.32,1000,0,0,False
pair_51_ori_24s,pair_51_ori_24s.wav,pair_51_ori_24s/vocals.wav,0.0,0.0,-80.19,1000,0,0,False
pair_51_ori_2s,pair_51_ori_2s.wav,pair_51_ori_2s/vocals.wav,0.0,0.0,-79.28,1000,0,0,False
pair_51_ori_32s,pair_51_ori_32s.wav,pair_51_ori_32s/vocals.wav,0.9265,0.204,-29.34,1000,204,189,True
pair_51_ori_39s,pair_51_ori_39s.wav,pair_51_ori_39s/vocals.wav,0.9591,0.513,-25.54,1000,513,492,True
pair_51_ori_9s,pair_51_ori_9s.wav,pair_51_ori_9s/vocals.wav,0.0,0.0,-80.81,1000,0,0,False
pair_52_comp_0s,pair_52_comp_0s.wav,pair_52_comp_0s/vocals.wav,0.0,0.0,-91.61,1000,0,0,False
pair_52_comp_107s,pair_52_comp_107s.wav,pair_52_comp_107s/vocals.wav,0.9916,0.718,-18.4,1000,718,712,True
pair_52_comp_11s,pair_52_comp_11s.wav,pair_52_comp_11s/vocals.wav,0.0,0.0,-89.22,1000,0,0,False
pair_52_comp_134s,pair_52_comp_134s.wav,pair_52_comp_134s/vocals.wav,0.9586,0.845,-18.8,1000,845,810,True
pair_52_comp_147s,pair_52_comp_147s.wav,pair_52_comp_147s/vocals.wav,0.9691,0.875,-17.0,1000,875,848,True
pair_52_comp_162s,pair_52_comp_162s.wav,pair_52_comp_162s/vocals.wav,0.9769,0.911,-15.57,1000,911,890,True
pair_52_comp_188s,pair_52_comp_188s.wav,pair_52_comp_188s/vocals.wav,0.9573,0.983,-13.54,1000,983,941,True
pair_52_comp_205s,pair_52_comp_205s.wav,pair_52_comp_205s/vocals.wav,0.9657,0.933,-14.05,1000,933,901,True
pair_52_comp_22s,pair_52_comp_22s.wav,pair_52_comp_22s/vocals.wav,0.9464,0.261,-27.37,1000,261,247,True
pair_52_comp_252s,pair_52_comp_252s.wav,pair_52_comp_252s/vocals.wav,0.9613,0.957,-15.44,1000,957,920,True
pair_52_comp_269s,pair_52_comp_269s.wav,pair_52_comp_269s/vocals.wav,0.9648,0.993,-13.1,1000,993,958,True
pair_52_comp_285s,pair_52_comp_285s.wav,pair_52_comp_285s/vocals.wav,0.9442,0.986,-13.25,1000,986,931,True
pair_52_comp_312s,pair_52_comp_312s.wav,pair_52_comp_312s/vocals.wav,1.0,0.109,-34.73,1000,109,109,True
pair_52_comp_35s,pair_52_comp_35s.wav,pair_52_comp_35s/vocals.wav,0.9473,0.759,-21.99,1000,759,719,True
pair_52_comp_49s,pair_52_comp_49s.wav,pair_52_comp_49s/vocals.wav,0.9808,0.783,-20.85,1000,783,768,True
pair_52_comp_62s,pair_52_comp_62s.wav,pair_52_comp_62s/vocals.wav,0.9843,0.826,-19.83,1000,826,813,True
pair_52_comp_89s,pair_52_comp_89s.wav,pair_52_comp_89s/vocals.wav,0.9559,0.953,-17.53,1000,953,911,True
pair_52_ori_0s,pair_52_ori_0s.wav,pair_52_ori_0s/vocals.wav,0.0,0.0,-74.83,1000,0,0,False
pair_52_ori_107s,pair_52_ori_107s.wav,pair_52_ori_107s/vocals.wav,0.9585,0.578,-31.34,1000,578,554,True
pair_52_ori_11s,pair_52_ori_11s.wav,pair_52_ori_11s/vocals.wav,0.0,0.0,-93.28,1000,0,0,False
pair_52_ori_133s,pair_52_ori_133s.wav,pair_52_ori_133s/vocals.wav,0.9678,0.684,-33.38,1000,684,662,True
pair_52_ori_147s,pair_52_ori_147s.wav,pair_52_ori_147s/vocals.wav,0.9544,0.701,-31.89,1000,701,669,True
pair_52_ori_162s,pair_52_ori_162s.wav,pair_52_ori_162s/vocals.wav,0.9694,0.784,-30.06,1000,784,760,True
pair_52_ori_189s,pair_52_ori_189s.wav,pair_52_ori_189s/vocals.wav,0.9675,0.891,-27.27,1000,891,862,True
pair_52_ori_206s,pair_52_ori_206s.wav,pair_52_ori_206s/vocals.wav,0.9599,0.822,-27.9,1000,822,789,True
pair_52_ori_22s,pair_52_ori_22s.wav,pair_52_ori_22s/vocals.wav,1.0,0.166,-43.42,1000,166,166,True
pair_52_ori_252s,pair_52_ori_252s.wav,pair_52_ori_252s/vocals.wav,0.9687,0.894,-27.33,1000,894,866,True
pair_52_ori_269s,pair_52_ori_269s.wav,pair_52_ori_269s/vocals.wav,0.9615,0.908,-26.09,1000,908,873,True
pair_52_ori_285s,pair_52_ori_285s.wav,pair_52_ori_285s/vocals.wav,0.9584,0.914,-26.88,1000,914,876,True
pair_52_ori_310s,pair_52_ori_310s.wav,pair_52_ori_310s/vocals.wav,1.0,0.085,-46.48,1000,85,85,False
pair_52_ori_36s,pair_52_ori_36s.wav,pair_52_ori_36s/vocals.wav,1.0,0.54,-37.55,1000,540,540,True
pair_52_ori_49s,pair_52_ori_49s.wav,pair_52_ori_49s/vocals.wav,0.9892,0.554,-36.34,1000,554,548,True
pair_52_ori_62s,pair_52_ori_62s.wav,pair_52_ori_62s/vocals.wav,0.9758,0.662,-33.54,1000,662,646,True
pair_52_ori_90s,pair_52_ori_90s.wav,pair_52_ori_90s/vocals.wav,0.975,0.84,-29.39,1000,840,819,True
pair_53_comp_103s,pair_53_comp_103s.wav,pair_53_comp_103s/vocals.wav,0.9809,0.837,-20.9,1000,837,821,True
pair_53_comp_112s,pair_53_comp_112s.wav,pair_53_comp_112s/vocals.wav,0.948,0.769,-20.21,1000,769,729,True
pair_53_comp_123s,pair_53_comp_123s.wav,pair_53_comp_123s/vocals.wav,0.9487,0.896,-18.54,1000,896,850,True
pair_53_comp_130s,pair_53_comp_130s.wav,pair_53_comp_130s/vocals.wav,0.9671,0.911,-18.62,1000,911,881,True
pair_53_comp_148s,pair_53_comp_148s.wav,pair_53_comp_148s/vocals.wav,0.9799,0.946,-19.2,1000,946,927,True
pair_53_comp_157s,pair_53_comp_157s.wav,pair_53_comp_157s/vocals.wav,0.9534,0.816,-19.12,1000,816,778,True
pair_53_comp_166s,pair_53_comp_166s.wav,pair_53_comp_166s/vocals.wav,0.9601,0.902,-18.57,1000,902,866,True
pair_53_comp_175s,pair_53_comp_175s.wav,pair_53_comp_175s/vocals.wav,0.9769,0.952,-17.88,1000,952,930,True
pair_53_comp_21s,pair_53_comp_21s.wav,pair_53_comp_21s/vocals.wav,0.902,0.653,-24.63,1000,653,589,True
pair_53_comp_30s,pair_53_comp_30s.wav,pair_53_comp_30s/vocals.wav,0.9231,0.715,-24.74,1000,715,660,True
pair_53_comp_40s,pair_53_comp_40s.wav,pair_53_comp_40s/vocals.wav,0.9838,0.802,-23.18,1000,802,789,True
pair_53_comp_49s,pair_53_comp_49s.wav,pair_53_comp_49s/vocals.wav,0.9832,0.895,-22.95,1000,895,880,True
pair_53_comp_58s,pair_53_comp_58s.wav,pair_53_comp_58s/vocals.wav,0.97,0.767,-21.9,1000,767,744,True
pair_53_comp_67s,pair_53_comp_67s.wav,pair_53_comp_67s/vocals.wav,0.933,0.716,-22.53,1000,716,668,True
pair_53_comp_76s,pair_53_comp_76s.wav,pair_53_comp_76s/vocals.wav,0.9348,0.844,-21.91,1000,844,789,True
pair_53_comp_85s,pair_53_comp_85s.wav,pair_53_comp_85s/vocals.wav,0.9512,0.901,-21.93,1000,901,857,True
pair_53_comp_94s,pair_53_comp_94s.wav,pair_53_comp_94s/vocals.wav,0.9697,0.957,-21.95,1000,957,928,True
pair_53_ori_100s,pair_53_ori_100s.wav,pair_53_ori_100s/vocals.wav,0.9582,0.814,-20.42,1000,814,780,True
pair_53_ori_110s,pair_53_ori_110s.wav,pair_53_ori_110s/vocals.wav,0.9472,0.777,-21.35,1000,777,736,True
pair_53_ori_119s,pair_53_ori_119s.wav,pair_53_ori_119s/vocals.wav,0.8897,0.698,-19.78,1000,698,621,True
pair_53_ori_129s,pair_53_ori_129s.wav,pair_53_ori_129s/vocals.wav,0.9076,0.801,-18.72,1000,801,727,True
pair_53_ori_139s,pair_53_ori_139s.wav,pair_53_ori_139s/vocals.wav,0.928,0.778,-18.69,1000,778,722,True
pair_53_ori_148s,pair_53_ori_148s.wav,pair_53_ori_148s/vocals.wav,0.9582,0.79,-20.1,1000,790,757,True
pair_53_ori_158s,pair_53_ori_158s.wav,pair_53_ori_158s/vocals.wav,0.9635,0.712,-20.66,1000,712,686,True
pair_53_ori_168s,pair_53_ori_168s.wav,pair_53_ori_168s/vocals.wav,0.9126,0.698,-18.99,1000,698,637,True
pair_53_ori_178s,pair_53_ori_178s.wav,pair_53_ori_178s/vocals.wav,0.9225,0.826,-18.07,1000,826,762,True
pair_53_ori_187s,pair_53_ori_187s.wav,pair_53_ori_187s/vocals.wav,0.9492,0.906,-17.25,1000,906,860,True
pair_53_ori_22s,pair_53_ori_22s.wav,pair_53_ori_22s/vocals.wav,0.949,0.647,-18.92,1000,647,614,True
pair_53_ori_32s,pair_53_ori_32s.wav,pair_53_ori_32s/vocals.wav,0.9286,0.714,-18.87,1000,714,663,True
pair_53_ori_42s,pair_53_ori_42s.wav,pair_53_ori_42s/vocals.wav,0.9426,0.749,-18.96,1000,749,706,True
pair_53_ori_51s,pair_53_ori_51s.wav,pair_53_ori_51s/vocals.wav,0.9674,0.798,-20.02,1000,798,772,True
pair_53_ori_61s,pair_53_ori_61s.wav,pair_53_ori_61s/vocals.wav,0.9761,0.71,-20.92,1000,710,693,True
pair_53_ori_71s,pair_53_ori_71s.wav,pair_53_ori_71s/vocals.wav,0.9528,0.699,-19.27,1000,699,666,True
pair_53_ori_81s,pair_53_ori_81s.wav,pair_53_ori_81s/vocals.wav,0.9593,0.738,-18.75,1000,738,708,True
pair_53_ori_90s,pair_53_ori_90s.wav,pair_53_ori_90s/vocals.wav,0.9486,0.759,-19.11,1000,759,720,True
pair_54_comp_107s,pair_54_comp_107s.wav,pair_54_comp_107s/vocals.wav,0.9859,0.925,-17.03,1000,925,912,True
pair_54_comp_115s,pair_54_comp_115s.wav,pair_54_comp_115s/vocals.wav,0.98,0.9,-16.44,1000,900,882,True
pair_54_comp_123s,pair_54_comp_123s.wav,pair_54_comp_123s/vocals.wav,0.9852,0.881,-16.45,1000,881,868,True
pair_54_comp_162s,pair_54_comp_162s.wav,pair_54_comp_162s/vocals.wav,0.987,0.925,-16.28,1000,925,913,True
pair_54_comp_170s,pair_54_comp_170s.wav,pair_54_comp_170s/vocals.wav,0.9821,0.95,-16.86,1000,950,933,True
pair_54_comp_178s,pair_54_comp_178s.wav,pair_54_comp_178s/vocals.wav,0.9789,0.95,-15.34,1000,950,930,True
pair_54_comp_186s,pair_54_comp_186s.wav,pair_54_comp_186s/vocals.wav,0.99,0.898,-15.62,1000,898,889,True
pair_54_comp_18s,pair_54_comp_18s.wav,pair_54_comp_18s/vocals.wav,0.9885,0.872,-16.93,1000,872,862,True
pair_54_comp_26s,pair_54_comp_26s.wav,pair_54_comp_26s/vocals.wav,0.977,0.914,-16.8,1000,914,893,True
pair_54_comp_34s,pair_54_comp_34s.wav,pair_54_comp_34s/vocals.wav,0.972,0.927,-15.53,1000,927,901,True
pair_54_comp_42s,pair_54_comp_42s.wav,pair_54_comp_42s/vocals.wav,0.9903,0.827,-16.13,1000,827,819,True
pair_54_comp_66s,pair_54_comp_66s.wav,pair_54_comp_66s/vocals.wav,0.9787,0.89,-17.24,1000,890,871,True
pair_54_comp_74s,pair_54_comp_74s.wav,pair_54_comp_74s/vocals.wav,0.981,0.893,-18.1,1000,893,876,True
pair_54_comp_81s,pair_54_comp_81s.wav,pair_54_comp_81s/vocals.wav,0.9873,0.945,-16.21,1000,945,933,True
pair_54_comp_89s,pair_54_comp_89s.wav,pair_54_comp_89s/vocals.wav,0.9915,0.945,-16.36,1000,945,937,True
pair_54_comp_99s,pair_54_comp_99s.wav,pair_54_comp_99s/vocals.wav,0.9938,0.969,-15.94,1000,969,963,True
pair_54_ori_106s,pair_54_ori_106s.wav,pair_54_ori_106s/vocals.wav,0.9955,0.664,-25.84,1000,664,661,True
pair_54_ori_114s,pair_54_ori_114s.wav,pair_54_ori_114s/vocals.wav,0.9941,0.682,-25.49,1000,682,678,True
pair_54_ori_123s,pair_54_ori_123s.wav,pair_54_ori_123s/vocals.wav,0.9969,0.64,-25.07,1000,640,638,True
pair_54_ori_131s,pair_54_ori_131s.wav,pair_54_ori_131s/vocals.wav,0.9947,0.758,-25.1,1000,758,754,True
pair_54_ori_139s,pair_54_ori_139s.wav,pair_54_ori_139s/vocals.wav,1.0,0.668,-24.77,1000,668,668,True
pair_54_ori_148s,pair_54_ori_148s.wav,pair_54_ori_148s/vocals.wav,0.9984,0.621,-23.99,1000,621,620,True
pair_54_ori_160s,pair_54_ori_160s.wav,pair_54_ori_160s/vocals.wav,0.9972,0.715,-23.64,1000,715,713,True
pair_54_ori_16s,pair_54_ori_16s.wav,pair_54_ori_16s/vocals.wav,0.9721,0.717,-25.69,1000,717,697,True
pair_54_ori_24s,pair_54_ori_24s.wav,pair_54_ori_24s/vocals.wav,0.9788,0.661,-25.52,1000,661,647,True
pair_54_ori_33s,pair_54_ori_33s.wav,pair_54_ori_33s/vocals.wav,0.9856,0.693,-24.97,1000,693,683,True
pair_54_ori_41s,pair_54_ori_41s.wav,pair_54_ori_41s/vocals.wav,0.9941,0.674,-24.46,1000,674,670,True
pair_54_ori_50s,pair_54_ori_50s.wav,pair_54_ori_50s/vocals.wav,0.9987,0.754,-24.75,1000,754,753,True
pair_54_ori_57s,pair_54_ori_57s.wav,pair_54_ori_57s/vocals.wav,0.9984,0.62,-25.03,1000,620,619,True
pair_54_ori_64s,pair_54_ori_64s.wav,pair_54_ori_64s/vocals.wav,1.0,0.346,-27.59,1000,346,346,True
pair_54_ori_89s,pair_54_ori_89s.wav,pair_54_ori_89s/vocals.wav,0.9986,0.722,-25.12,1000,722,721,True
pair_54_ori_8s,pair_54_ori_8s.wav,pair_54_ori_8s/vocals.wav,0.982,0.666,-26.02,1000,666,654,True
pair_54_ori_98s,pair_54_ori_98s.wav,pair_54_ori_98s/vocals.wav,1.0,0.687,-25.98,1000,687,687,True
pair_55_comp_109s,pair_55_comp_109s.wav,pair_55_comp_109s/vocals.wav,0.9715,0.561,-17.03,1000,561,545,True
pair_55_comp_138s,pair_55_comp_138s.wav,pair_55_comp_138s/vocals.wav,0.9356,0.885,-17.04,1000,885,828,True
pair_55_comp_151s,pair_55_comp_151s.wav,pair_55_comp_151s/vocals.wav,0.9329,0.864,-15.57,1000,864,806,True
pair_55_comp_163s,pair_55_comp_163s.wav,pair_55_comp_163s/vocals.wav,0.9334,0.781,-17.05,1000,781,729,True
pair_55_comp_176s,pair_55_comp_176s.wav,pair_55_comp_176s/vocals.wav,0.9601,0.952,-15.14,1000,952,914,True
pair_55_comp_192s,pair_55_comp_192s.wav,pair_55_comp_192s/vocals.wav,0.9542,0.742,-17.37,1000,742,708,True
pair_55_comp_205s,pair_55_comp_205s.wav,pair_55_comp_205s/vocals.wav,0.966,0.882,-14.67,1000,882,852,True
pair_55_comp_218s,pair_55_comp_218s.wav,pair_55_comp_218s/vocals.wav,0.9858,0.846,-16.66,1000,846,834,True
pair_55_comp_32s,pair_55_comp_32s.wav,pair_55_comp_32s/vocals.wav,0.9384,0.844,-19.94,1000,844,792,True
pair_55_comp_45s,pair_55_comp_45s.wav,pair_55_comp_45s/vocals.wav,0.9426,0.819,-17.94,1000,819,772,True
pair_55_comp_58s,pair_55_comp_58s.wav,pair_55_comp_58s/vocals.wav,0.9302,0.774,-18.09,1000,774,720,True
pair_55_comp_71s,pair_55_comp_71s.wav,pair_55_comp_71s/vocals.wav,0.9494,0.87,-15.98,1000,870,826,True
pair_55_comp_83s,pair_55_comp_83s.wav,pair_55_comp_83s/vocals.wav,0.9523,0.713,-18.23,1000,713,679,True
pair_55_comp_96s,pair_55_comp_96s.wav,pair_55_comp_96s/vocals.wav,0.9541,0.849,-15.7,1000,849,810,True
pair_55_ori_109s,pair_55_ori_109s.wav,pair_55_ori_109s/vocals.wav,0.9622,0.582,-21.42,1000,582,560,True
pair_55_ori_138s,pair_55_ori_138s.wav,pair_55_ori_138s/vocals.wav,0.9526,0.887,-16.51,1000,887,845,True
pair_55_ori_151s,pair_55_ori_151s.wav,pair_55_ori_151s/vocals.wav,0.9693,0.879,-16.94,1000,879,852,True
pair_55_ori_164s,pair_55_ori_164s.wav,pair_55_ori_164s/vocals.wav,0.9543,0.897,-16.53,1000,897,856,True
pair_55_ori_177s,pair_55_ori_177s.wav,pair_55_ori_177s/vocals.wav,0.9537,0.821,-17.44,1000,821,783,True
pair_55_ori_192s,pair_55_ori_192s.wav,pair_55_ori_192s/vocals.wav,0.9598,0.672,-17.49,1000,672,645,True
pair_55_ori_205s,pair_55_ori_205s.wav,pair_55_ori_205s/vocals.wav,0.9327,0.773,-17.18,1000,773,721,True
pair_55_ori_218s,pair_55_ori_218s.wav,pair_55_ori_218s/vocals.wav,0.9201,0.576,-20.63,1000,576,530,True
pair_55_ori_33s,pair_55_ori_33s.wav,pair_55_ori_33s/vocals.wav,0.989,0.817,-23.56,1000,817,808,True
pair_55_ori_45s,pair_55_ori_45s.wav,pair_55_ori_45s/vocals.wav,0.9824,0.795,-22.35,1000,795,781,True
pair_55_ori_58s,pair_55_ori_58s.wav,pair_55_ori_58s/vocals.wav,0.9708,0.753,-21.03,1000,753,731,True
pair_55_ori_71s,pair_55_ori_71s.wav,pair_55_ori_71s/vocals.wav,0.9646,0.819,-19.89,1000,819,790,True
pair_55_ori_83s,pair_55_ori_83s.wav,pair_55_ori_83s/vocals.wav,0.99,0.698,-19.9,1000,698,691,True
pair_55_ori_96s,pair_55_ori_96s.wav,pair_55_ori_96s/vocals.wav,0.9731,0.743,-19.88,1000,743,723,True
pair_56_comp_0s,pair_56_comp_0s.wav,pair_56_comp_0s/vocals.wav,0.9695,0.262,-25.52,1000,262,254,True
pair_56_comp_111s,pair_56_comp_111s.wav,pair_56_comp_111s/vocals.wav,0.9662,0.622,-16.39,1000,622,601,True
pair_56_comp_122s,pair_56_comp_122s.wav,pair_56_comp_122s/vocals.wav,0.9409,0.423,-20.17,1000,423,398,True
pair_56_comp_136s,pair_56_comp_136s.wav,pair_56_comp_136s/vocals.wav,0.9251,0.921,-18.82,1000,921,852,True
pair_56_comp_149s,pair_56_comp_149s.wav,pair_56_comp_149s/vocals.wav,0.9453,0.895,-18.18,1000,895,846,True
pair_56_comp_14s,pair_56_comp_14s.wav,pair_56_comp_14s/vocals.wav,0.9263,0.855,-20.7,1000,855,792,True
pair_56_comp_163s,pair_56_comp_163s.wav,pair_56_comp_163s/vocals.wav,0.9439,0.962,-16.99,1000,962,908,True
pair_56_comp_176s,pair_56_comp_176s.wav,pair_56_comp_176s/vocals.wav,0.9653,0.981,-14.22,1000,981,947,True
pair_56_comp_193s,pair_56_comp_193s.wav,pair_56_comp_193s/vocals.wav,0.9799,0.996,-13.52,1000,996,976,True
pair_56_comp_206s,pair_56_comp_206s.wav,pair_56_comp_206s/vocals.wav,0.9768,0.949,-14.1,1000,949,927,True
pair_56_comp_255s,pair_56_comp_255s.wav,pair_56_comp_255s/vocals.wav,0.9521,0.96,-14.73,1000,960,914,True
pair_56_comp_268s,pair_56_comp_268s.wav,pair_56_comp_268s/vocals.wav,0.9654,0.926,-14.03,1000,926,894,True
pair_56_comp_27s,pair_56_comp_27s.wav,pair_56_comp_27s/vocals.wav,0.9169,0.794,-21.6,1000,794,728,True
pair_56_comp_281s,pair_56_comp_281s.wav,pair_56_comp_281s/vocals.wav,0.9473,0.986,-13.78,1000,986,934,True
pair_56_comp_42s,pair_56_comp_42s.wav,pair_56_comp_42s/vocals.wav,0.8961,0.876,-21.59,1000,876,785,True
pair_56_comp_55s,pair_56_comp_55s.wav,pair_56_comp_55s/vocals.wav,0.9244,0.886,-18.23,1000,886,819,True
pair_56_comp_68s,pair_56_comp_68s.wav,pair_56_comp_68s/vocals.wav,0.9447,0.959,-16.22,1000,959,906,True
pair_56_comp_81s,pair_56_comp_81s.wav,pair_56_comp_81s/vocals.wav,0.9742,0.97,-14.18,1000,970,945,True
pair_56_comp_98s,pair_56_comp_98s.wav,pair_56_comp_98s/vocals.wav,0.9819,0.995,-13.82,1000,995,977,True
pair_56_ori_112s,pair_56_ori_112s.wav,pair_56_ori_112s/vocals.wav,0.9739,0.766,-15.88,1000,766,746,True
pair_56_ori_123s,pair_56_ori_123s.wav,pair_56_ori_123s/vocals.wav,0.9801,0.552,-18.55,1000,552,541,True
pair_56_ori_136s,pair_56_ori_136s.wav,pair_56_ori_136s/vocals.wav,0.9679,0.935,-16.64,1000,935,905,True
pair_56_ori_150s,pair_56_ori_150s.wav,pair_56_ori_150s/vocals.wav,0.9626,0.963,-15.76,1000,963,927,True
pair_56_ori_15s,pair_56_ori_15s.wav,pair_56_ori_15s/vocals.wav,0.9755,0.939,-18.37,1000,939,916,True
pair_56_ori_163s,pair_56_ori_163s.wav,pair_56_ori_163s/vocals.wav,0.9556,0.992,-15.34,1000,992,948,True
pair_56_ori_177s,pair_56_ori_177s.wav,pair_56_ori_177s/vocals.wav,0.979,1.0,-14.41,1000,1000,979,True
pair_56_ori_193s,pair_56_ori_193s.wav,pair_56_ori_193s/vocals.wav,0.966,1.0,-13.85,1000,1000,966,True
pair_56_ori_1s,pair_56_ori_1s.wav,pair_56_ori_1s/vocals.wav,0.9513,0.308,-22.99,1000,308,293,True
pair_56_ori_206s,pair_56_ori_206s.wav,pair_56_ori_206s/vocals.wav,0.9707,0.991,-14.01,1000,991,962,True
pair_56_ori_255s,pair_56_ori_255s.wav,pair_56_ori_255s/vocals.wav,0.9578,0.972,-14.88,1000,972,931,True
pair_56_ori_268s,pair_56_ori_268s.wav,pair_56_ori_268s/vocals.wav,0.9602,0.979,-14.08,1000,979,940,True
pair_56_ori_282s,pair_56_ori_282s.wav,pair_56_ori_282s/vocals.wav,0.9616,0.99,-13.71,1000,990,952,True
pair_56_ori_28s,pair_56_ori_28s.wav,pair_56_ori_28s/vocals.wav,0.9701,0.903,-18.2,1000,903,876,True
pair_56_ori_42s,pair_56_ori_42s.wav,pair_56_ori_42s/vocals.wav,0.9648,0.937,-17.93,1000,937,904,True
pair_56_ori_55s,pair_56_ori_55s.wav,pair_56_ori_55s/vocals.wav,0.9475,0.934,-17.02,1000,934,885,True
pair_56_ori_69s,pair_56_ori_69s.wav,pair_56_ori_69s/vocals.wav,0.9552,0.96,-15.59,1000,960,917,True
pair_56_ori_82s,pair_56_ori_82s.wav,pair_56_ori_82s/vocals.wav,0.9767,0.988,-14.64,1000,988,965,True
pair_56_ori_99s,pair_56_ori_99s.wav,pair_56_ori_99s/vocals.wav,0.9655,0.986,-13.83,1000,986,952,True
pair_57_comp_0s,pair_57_comp_0s.wav,pair_57_comp_0s/vocals.wav,0.0,0.0,-76.17,1000,0,0,False
pair_57_comp_117s,pair_57_comp_117s.wav,pair_57_comp_117s/vocals.wav,0.9625,0.907,-16.92,1000,907,873,True
pair_57_comp_132s,pair_57_comp_132s.wav,pair_57_comp_132s/vocals.wav,0.9902,0.818,-16.44,1000,818,810,True
pair_57_comp_147s,pair_57_comp_147s.wav,pair_57_comp_147s/vocals.wav,1.0,0.033,-41.0,1000,33,33,False
pair_57_comp_163s,pair_57_comp_163s.wav,pair_57_comp_163s/vocals.wav,0.9583,0.216,-21.84,1000,216,207,True
pair_57_comp_16s,pair_57_comp_16s.wav,pair_57_comp_16s/vocals.wav,0.9612,0.129,-28.67,1000,129,124,True
pair_57_comp_180s,pair_57_comp_180s.wav,pair_57_comp_180s/vocals.wav,0.9857,0.907,-16.19,1000,907,894,True
pair_57_comp_197s,pair_57_comp_197s.wav,pair_57_comp_197s/vocals.wav,0.9644,0.928,-16.62,1000,928,895,True
pair_57_comp_213s,pair_57_comp_213s.wav,pair_57_comp_213s/vocals.wav,0.9911,0.899,-15.87,1000,899,891,True
pair_57_comp_244s,pair_57_comp_244s.wav,pair_57_comp_244s/vocals.wav,1.0,0.007,-53.73,1000,7,7,False
pair_57_comp_33s,pair_57_comp_33s.wav,pair_57_comp_33s/vocals.wav,0.9542,0.895,-18.03,1000,895,854,True
pair_57_comp_49s,pair_57_comp_49s.wav,pair_57_comp_49s/vocals.wav,0.9572,0.794,-19.11,1000,794,760,True
pair_57_comp_66s,pair_57_comp_66s.wav,pair_57_comp_66s/vocals.wav,0.9608,0.97,-16.69,1000,970,932,True
pair_57_comp_81s,pair_57_comp_81s.wav,pair_57_comp_81s/vocals.wav,0.9529,0.85,-17.79,1000,850,810,True
pair_57_comp_99s,pair_57_comp_99s.wav,pair_57_comp_99s/vocals.wav,0.9818,0.879,-16.54,1000,879,863,True
pair_57_ori_0s,pair_57_ori_0s.wav,pair_57_ori_0s/vocals.wav,1.0,0.799,-24.82,1000,799,799,True
pair_57_ori_115s,pair_57_ori_115s.wav,pair_57_ori_115s/vocals.wav,0.9691,0.875,-18.27,1000,875,848,True
pair_57_ori_130s,pair_57_ori_130s.wav,pair_57_ori_130s/vocals.wav,0.9698,0.829,-18.6,1000,829,804,True
pair_57_ori_145s,pair_57_ori_145s.wav,pair_57_ori_145s/vocals.wav,1.0,0.682,-25.07,1000,682,682,True
pair_57_ori_160s,pair_57_ori_160s.wav,pair_57_ori_160s/vocals.wav,0.9756,0.779,-19.18,1000,779,760,True
pair_57_ori_16s,pair_57_ori_16s.wav,pair_57_ori_16s/vocals.wav,0.9919,0.615,-24.14,1000,615,610,True
pair_57_ori_177s,pair_57_ori_177s.wav,pair_57_ori_177s/vocals.wav,0.9409,0.93,-16.28,1000,930,875,True
pair_57_ori_194s,pair_57_ori_194s.wav,pair_57_ori_194s/vocals.wav,0.9589,0.974,-16.22,1000,974,934,True
pair_57_ori_210s,pair_57_ori_210s.wav,pair_57_ori_210s/vocals.wav,0.9611,0.951,-16.54,1000,951,914,True
pair_57_ori_243s,pair_57_ori_243s.wav,pair_57_ori_243s/vocals.wav,1.0,0.696,-24.92,1000,696,696,True
pair_57_ori_34s,pair_57_ori_34s.wav,pair_57_ori_34s/vocals.wav,0.9634,0.847,-19.81,1000,847,816,True
pair_57_ori_49s,pair_57_ori_49s.wav,pair_57_ori_49s/vocals.wav,0.9416,0.822,-19.65,1000,822,774,True
pair_57_ori_66s,pair_57_ori_66s.wav,pair_57_ori_66s/vocals.wav,0.9792,0.915,-18.66,1000,915,896,True
pair_57_ori_81s,pair_57_ori_81s.wav,pair_57_ori_81s/vocals.wav,0.9703,0.875,-18.8,1000,875,849,True
pair_57_ori_98s,pair_57_ori_98s.wav,pair_57_ori_98s/vocals.wav,0.9608,0.867,-16.52,1000,867,833,True
pair_58_comp_117s,pair_58_comp_117s.wav,pair_58_comp_117s/vocals.wav,0.9307,0.866,-18.47,1000,866,806,True
pair_58_comp_129s,pair_58_comp_129s.wav,pair_58_comp_129s/vocals.wav,0.9415,0.855,-17.62,1000,855,805,True
pair_58_comp_141s,pair_58_comp_141s.wav,pair_58_comp_141s/vocals.wav,0.966,0.94,-13.85,1000,940,908,True
pair_58_comp_153s,pair_58_comp_153s.wav,pair_58_comp_153s/vocals.wav,0.9735,0.905,-13.94,1000,905,881,True
pair_58_comp_168s,pair_58_comp_168s.wav,pair_58_comp_168s/vocals.wav,0.9674,0.983,-14.54,1000,983,951,True
pair_58_comp_180s,pair_58_comp_180s.wav,pair_58_comp_180s/vocals.wav,0.9759,0.995,-13.94,1000,995,971,True
pair_58_comp_222s,pair_58_comp_222s.wav,pair_58_comp_222s/vocals.wav,0.9848,0.99,-13.78,1000,990,975,True
pair_58_comp_234s,pair_58_comp_234s.wav,pair_58_comp_234s/vocals.wav,0.974,1.0,-13.23,1000,1000,974,True
pair_58_comp_258s,pair_58_comp_258s.wav,pair_58_comp_258s/vocals.wav,0.9789,0.996,-13.87,1000,996,975,True
pair_58_comp_270s,pair_58_comp_270s.wav,pair_58_comp_270s/vocals.wav,0.9829,0.995,-13.6,1000,995,978,True
pair_58_comp_36s,pair_58_comp_36s.wav,pair_58_comp_36s/vocals.wav,0.9168,0.805,-19.79,1000,805,738,True
pair_58_comp_48s,pair_58_comp_48s.wav,pair_58_comp_48s/vocals.wav,0.9401,0.835,-17.84,1000,835,785,True
pair_58_comp_60s,pair_58_comp_60s.wav,pair_58_comp_60s/vocals.wav,0.972,0.93,-13.92,1000,930,904,True
pair_58_comp_72s,pair_58_comp_72s.wav,pair_58_comp_72s/vocals.wav,0.9723,0.903,-14.71,1000,903,878,True
pair_58_comp_87s,pair_58_comp_87s.wav,pair_58_comp_87s/vocals.wav,0.962,0.974,-14.8,1000,974,937,True
pair_58_comp_99s,pair_58_comp_99s.wav,pair_58_comp_99s/vocals.wav,0.9273,0.853,-16.02,1000,853,791,True
pair_58_ori_118s,pair_58_ori_118s.wav,pair_58_ori_118s/vocals.wav,0.9823,0.792,-22.95,1000,792,778,True
pair_58_ori_130s,pair_58_ori_130s.wav,pair_58_ori_130s/vocals.wav,0.9746,0.787,-23.1,1000,787,767,True
pair_58_ori_142s,pair_58_ori_142s.wav,pair_58_ori_142s/vocals.wav,0.9708,0.889,-21.75,1000,889,863,True
pair_58_ori_154s,pair_58_ori_154s.wav,pair_58_ori_154s/vocals.wav,0.9845,0.84,-21.61,1000,840,827,True
pair_58_ori_169s,pair_58_ori_169s.wav,pair_58_ori_169s/vocals.wav,0.9707,0.923,-20.9,1000,923,896,True
pair_58_ori_181s,pair_58_ori_181s.wav,pair_58_ori_181s/vocals.wav,0.9752,0.966,-20.73,1000,966,942,True
pair_58_ori_223s,pair_58_ori_223s.wav,pair_58_ori_223s/vocals.wav,0.9694,0.979,-20.23,1000,979,949,True
pair_58_ori_235s,pair_58_ori_235s.wav,pair_58_ori_235s/vocals.wav,0.9879,0.992,-20.54,1000,992,980,True
pair_58_ori_37s,pair_58_ori_37s.wav,pair_58_ori_37s/vocals.wav,0.9694,0.818,-25.01,1000,818,793,True
pair_58_ori_49s,pair_58_ori_49s.wav,pair_58_ori_49s/vocals.wav,0.9705,0.847,-24.3,1000,847,822,True
pair_58_ori_61s,pair_58_ori_61s.wav,pair_58_ori_61s/vocals.wav,0.9785,0.884,-22.06,1000,884,865,True
pair_58_ori_73s,pair_58_ori_73s.wav,pair_58_ori_73s/vocals.wav,0.9826,0.919,-21.56,1000,919,903,True
pair_58_ori_88s,pair_58_ori_88s.wav,pair_58_ori_88s/vocals.wav,0.9801,0.906,-20.14,1000,906,888,True
pair_58_ori_99s,pair_58_ori_99s.wav,pair_58_ori_99s/vocals.wav,0.9713,0.837,-21.66,1000,837,813,True
pair_5_comp_0s,pair_5_comp_0s.wav,pair_5_comp_0s/vocals.wav,0.9685,0.603,-30.34,1000,603,584,True
pair_5_comp_110s,pair_5_comp_110s.wav,pair_5_comp_110s/vocals.wav,0.9902,0.82,-19.01,1000,820,812,True
pair_5_comp_196s,pair_5_comp_196s.wav,pair_5_comp_196s/vocals.wav,0.9917,0.842,-17.53,1000,842,835,True
pair_5_comp_28s,pair_5_comp_28s.wav,pair_5_comp_28s/vocals.wav,0.9621,0.792,-23.09,1000,792,762,True
pair_5_comp_55s,pair_5_comp_55s.wav,pair_5_comp_55s/vocals.wav,0.9915,0.828,-17.8,1000,828,821,True
pair_5_comp_83s,pair_5_comp_83s.wav,pair_5_comp_83s/vocals.wav,0.9489,0.901,-18.3,1000,901,855,True
pair_5_ori_119s,pair_5_ori_119s.wav,pair_5_ori_119s/vocals.wav,1.0,0.961,-18.92,1000,961,961,True
pair_5_ori_146s,pair_5_ori_146s.wav,pair_5_ori_146s/vocals.wav,1.0,0.677,-18.69,1000,677,677,True
pair_5_ori_228s,pair_5_ori_228s.wav,pair_5_ori_228s/vocals.wav,1.0,0.781,-19.18,1000,781,781,True
pair_5_ori_39s,pair_5_ori_39s.wav,pair_5_ori_39s/vocals.wav,1.0,0.546,-21.59,1000,546,546,True
pair_5_ori_66s,pair_5_ori_66s.wav,pair_5_ori_66s/vocals.wav,1.0,0.697,-20.46,1000,697,697,True
pair_5_ori_93s,pair_5_ori_93s.wav,pair_5_ori_93s/vocals.wav,1.0,0.755,-18.15,1000,755,755,True
pair_60_comp_133s,pair_60_comp_133s.wav,pair_60_comp_133s/vocals.wav,0.9531,0.576,-20.5,1000,576,549,True
pair_60_comp_148s,pair_60_comp_148s.wav,pair_60_comp_148s/vocals.wav,0.9593,0.712,-19.77,1000,712,683,True
pair_60_comp_15s,pair_60_comp_15s.wav,pair_60_comp_15s/vocals.wav,0.9966,0.591,-26.0,1000,591,589,True
pair_60_comp_163s,pair_60_comp_163s.wav,pair_60_comp_163s/vocals.wav,0.9698,0.827,-14.91,1000,827,802,True
pair_60_comp_178s,pair_60_comp_178s.wav,pair_60_comp_178s/vocals.wav,0.9761,0.712,-14.5,1000,712,695,True
pair_60_comp_29s,pair_60_comp_29s.wav,pair_60_comp_29s/vocals.wav,0.9612,0.721,-22.07,1000,721,693,True
pair_60_comp_45s,pair_60_comp_45s.wav,pair_60_comp_45s/vocals.wav,0.9569,0.627,-20.71,1000,627,600,True
pair_60_comp_60s,pair_60_comp_60s.wav,pair_60_comp_60s/vocals.wav,0.9703,0.674,-21.75,1000,674,654,True
pair_60_comp_74s,pair_60_comp_74s.wav,pair_60_comp_74s/vocals.wav,0.9748,0.754,-18.44,1000,754,735,True
pair_60_comp_89s,pair_60_comp_89s.wav,pair_60_comp_89s/vocals.wav,0.9756,0.696,-17.36,1000,696,679,True
pair_60_ori_137s,pair_60_ori_137s.wav,pair_60_ori_137s/vocals.wav,0.9618,0.681,-17.64,1000,681,655,True
pair_60_ori_152s,pair_60_ori_152s.wav,pair_60_ori_152s/vocals.wav,0.9653,0.777,-16.93,1000,777,750,True
pair_60_ori_167s,pair_60_ori_167s.wav,pair_60_ori_167s/vocals.wav,0.9715,0.912,-15.41,1000,912,886,True
pair_60_ori_16s,pair_60_ori_16s.wav,pair_60_ori_16s/vocals.wav,0.9981,0.532,-24.12,1000,532,531,True
pair_60_ori_182s,pair_60_ori_182s.wav,pair_60_ori_182s/vocals.wav,0.9862,0.724,-15.35,1000,724,714,True
pair_60_ori_31s,pair_60_ori_31s.wav,pair_60_ori_31s/vocals.wav,0.9668,0.753,-20.07,1000,753,728,True
pair_60_ori_47s,pair_60_ori_47s.wav,pair_60_ori_47s/vocals.wav,0.9591,0.733,-17.81,1000,733,703,True
pair_60_ori_63s,pair_60_ori_63s.wav,pair_60_ori_63s/vocals.wav,0.9666,0.808,-17.73,1000,808,781,True
pair_60_ori_77s,pair_60_ori_77s.wav,pair_60_ori_77s/vocals.wav,0.9698,0.926,-15.99,1000,926,898,True
pair_60_ori_92s,pair_60_ori_92s.wav,pair_60_ori_92s/vocals.wav,0.9698,0.728,-15.98,1000,728,706,True
pair_61_comp_105s,pair_61_comp_105s.wav,pair_61_comp_105s/vocals.wav,0.9299,0.67,-19.84,1000,670,623,True
pair_61_comp_132s,pair_61_comp_132s.wav,pair_61_comp_132s/vocals.wav,0.8951,0.677,-21.82,1000,677,606,True
pair_61_comp_147s,pair_61_comp_147s.wav,pair_61_comp_147s/vocals.wav,0.966,0.94,-18.74,1000,940,908,True
pair_61_comp_162s,pair_61_comp_162s.wav,pair_61_comp_162s/vocals.wav,0.9649,0.998,-17.19,1000,998,963,True
pair_61_comp_177s,pair_61_comp_177s.wav,pair_61_comp_177s/vocals.wav,0.9742,0.968,-16.64,1000,968,943,True
pair_61_comp_209s,pair_61_comp_209s.wav,pair_61_comp_209s/vocals.wav,0.9657,0.99,-16.56,1000,990,956,True
pair_61_comp_223s,pair_61_comp_223s.wav,pair_61_comp_223s/vocals.wav,0.9567,0.762,-17.29,1000,762,729,True
pair_61_comp_31s,pair_61_comp_31s.wav,pair_61_comp_31s/vocals.wav,0.8926,0.661,-19.63,1000,661,590,True
pair_61_comp_46s,pair_61_comp_46s.wav,pair_61_comp_46s/vocals.wav,0.9619,0.683,-19.87,1000,683,657,True
pair_61_comp_61s,pair_61_comp_61s.wav,pair_61_comp_61s/vocals.wav,0.9599,0.749,-21.24,1000,749,719,True
pair_61_comp_76s,pair_61_comp_76s.wav,pair_61_comp_76s/vocals.wav,0.962,0.922,-18.08,1000,922,887,True
pair_61_comp_91s,pair_61_comp_91s.wav,pair_61_comp_91s/vocals.wav,0.9514,0.968,-17.92,1000,968,921,True
pair_61_ori_102s,pair_61_ori_102s.wav,pair_61_ori_102s/vocals.wav,0.9602,0.729,-18.45,1000,729,700,True
pair_61_ori_123s,pair_61_ori_123s.wav,pair_61_ori_123s/vocals.wav,0.9281,0.723,-18.98,1000,723,671,True
pair_61_ori_138s,pair_61_ori_138s.wav,pair_61_ori_138s/vocals.wav,0.9625,0.934,-16.13,1000,934,899,True
pair_61_ori_153s,pair_61_ori_153s.wav,pair_61_ori_153s/vocals.wav,0.9503,0.985,-16.07,1000,985,936,True
pair_61_ori_168s,pair_61_ori_168s.wav,pair_61_ori_168s/vocals.wav,0.9627,0.885,-16.56,1000,885,852,True
pair_61_ori_197s,pair_61_ori_197s.wav,pair_61_ori_197s/vocals.wav,0.9716,0.846,-17.59,1000,846,822,True
pair_61_ori_27s,pair_61_ori_27s.wav,pair_61_ori_27s/vocals.wav,0.9375,0.672,-22.87,1000,672,630,True
pair_61_ori_42s,pair_61_ori_42s.wav,pair_61_ori_42s/vocals.wav,0.987,0.768,-19.77,1000,768,758,True
pair_61_ori_57s,pair_61_ori_57s.wav,pair_61_ori_57s/vocals.wav,0.9489,0.763,-18.77,1000,763,724,True
pair_61_ori_72s,pair_61_ori_72s.wav,pair_61_ori_72s/vocals.wav,0.9651,0.918,-16.44,1000,918,886,True
pair_61_ori_87s,pair_61_ori_87s.wav,pair_61_ori_87s/vocals.wav,0.9556,0.99,-16.27,1000,990,946,True
pair_62_comp_100s,pair_62_comp_100s.wav,pair_62_comp_100s/vocals.wav,0.9631,0.84,-20.56,1000,840,809,True
pair_62_comp_114s,pair_62_comp_114s.wav,pair_62_comp_114s/vocals.wav,0.9693,0.847,-20.33,1000,847,821,True
pair_62_comp_127s,pair_62_comp_127s.wav,pair_62_comp_127s/vocals.wav,0.9632,0.95,-19.17,1000,950,915,True
pair_62_comp_140s,pair_62_comp_140s.wav,pair_62_comp_140s/vocals.wav,0.9781,0.958,-20.33,1000,958,937,True
pair_62_comp_154s,pair_62_comp_154s.wav,pair_62_comp_154s/vocals.wav,0.9866,0.968,-21.1,1000,968,955,True
pair_62_comp_180s,pair_62_comp_180s.wav,pair_62_comp_180s/vocals.wav,0.993,1.0,-17.27,1000,1000,993,True
pair_62_comp_194s,pair_62_comp_194s.wav,pair_62_comp_194s/vocals.wav,0.9897,0.681,-20.03,1000,681,674,True
pair_62_comp_20s,pair_62_comp_20s.wav,pair_62_comp_20s/vocals.wav,0.9808,0.885,-20.85,1000,885,868,True
pair_62_comp_34s,pair_62_comp_34s.wav,pair_62_comp_34s/vocals.wav,0.9786,0.886,-20.39,1000,886,867,True
pair_62_comp_47s,pair_62_comp_47s.wav,pair_62_comp_47s/vocals.wav,0.9402,0.92,-20.66,1000,920,865,True
pair_62_comp_60s,pair_62_comp_60s.wav,pair_62_comp_60s/vocals.wav,0.9536,0.905,-20.0,1000,905,863,True
pair_62_comp_74s,pair_62_comp_74s.wav,pair_62_comp_74s/vocals.wav,0.9823,0.904,-21.46,1000,904,888,True
pair_62_comp_7s,pair_62_comp_7s.wav,pair_62_comp_7s/vocals.wav,0.9766,0.898,-21.66,1000,898,877,True
pair_62_comp_87s,pair_62_comp_87s.wav,pair_62_comp_87s/vocals.wav,0.9871,0.928,-20.87,1000,928,916,True
pair_62_ori_111s,pair_62_ori_111s.wav,pair_62_ori_111s/vocals.wav,0.9692,0.813,-20.59,1000,813,788,True
pair_62_ori_124s,pair_62_ori_124s.wav,pair_62_ori_124s/vocals.wav,0.9631,0.868,-18.68,1000,868,836,True
pair_62_ori_137s,pair_62_ori_137s.wav,pair_62_ori_137s/vocals.wav,0.9853,0.817,-18.83,1000,817,805,True
pair_62_ori_151s,pair_62_ori_151s.wav,pair_62_ori_151s/vocals.wav,0.9881,0.843,-18.62,1000,843,833,True
pair_62_ori_177s,pair_62_ori_177s.wav,pair_62_ori_177s/vocals.wav,0.9899,0.995,-18.27,1000,995,985,True
pair_62_ori_17s,pair_62_ori_17s.wav,pair_62_ori_17s/vocals.wav,0.9843,0.765,-20.36,1000,765,753,True
pair_62_ori_191s,pair_62_ori_191s.wav,pair_62_ori_191s/vocals.wav,0.9859,0.994,-18.2,1000,994,980,True
pair_62_ori_204s,pair_62_ori_204s.wav,pair_62_ori_204s/vocals.wav,0.9895,0.948,-20.37,1000,948,938,True
pair_62_ori_31s,pair_62_ori_31s.wav,pair_62_ori_31s/vocals.wav,0.9712,0.626,-22.48,1000,626,608,True
pair_62_ori_44s,pair_62_ori_44s.wav,pair_62_ori_44s/vocals.wav,0.956,0.795,-20.91,1000,795,760,True
pair_62_ori_4s,pair_62_ori_4s.wav,pair_62_ori_4s/vocals.wav,0.9865,0.815,-19.08,1000,815,804,True
pair_62_ori_57s,pair_62_ori_57s.wav,pair_62_ori_57s/vocals.wav,0.9515,0.846,-19.09,1000,846,805,True
pair_62_ori_71s,pair_62_ori_71s.wav,pair_62_ori_71s/vocals.wav,0.9789,0.807,-19.73,1000,807,790,True
pair_62_ori_84s,pair_62_ori_84s.wav,pair_62_ori_84s/vocals.wav,0.9897,0.775,-20.59,1000,775,767,True
pair_62_ori_97s,pair_62_ori_97s.wav,pair_62_ori_97s/vocals.wav,0.9831,0.649,-22.9,1000,649,638,True
pair_63_comp_105s,pair_63_comp_105s.wav,pair_63_comp_105s/vocals.wav,0.9043,0.909,-22.12,1000,909,822,True
pair_63_comp_118s,pair_63_comp_118s.wav,pair_63_comp_118s/vocals.wav,0.9378,0.45,-25.93,1000,450,422,True
pair_63_comp_146s,pair_63_comp_146s.wav,pair_63_comp_146s/vocals.wav,0.9596,0.643,-23.94,1000,643,617,True
pair_63_comp_160s,pair_63_comp_160s.wav,pair_63_comp_160s/vocals.wav,0.9683,0.631,-24.28,1000,631,611,True
pair_63_comp_173s,pair_63_comp_173s.wav,pair_63_comp_173s/vocals.wav,0.9456,0.698,-22.94,1000,698,660,True
pair_63_comp_186s,pair_63_comp_186s.wav,pair_63_comp_186s/vocals.wav,0.9746,0.905,-22.11,1000,905,882,True
pair_63_comp_19s,pair_63_comp_19s.wav,pair_63_comp_19s/vocals.wav,0.9305,0.475,-24.28,1000,475,442,True
pair_63_comp_204s,pair_63_comp_204s.wav,pair_63_comp_204s/vocals.wav,0.968,0.968,-21.33,1000,968,937,True
pair_63_comp_217s,pair_63_comp_217s.wav,pair_63_comp_217s/vocals.wav,0.965,0.943,-21.32,1000,943,910,True
pair_63_comp_231s,pair_63_comp_231s.wav,pair_63_comp_231s/vocals.wav,0.998,1.0,-20.8,1000,1000,998,True
pair_63_comp_245s,pair_63_comp_245s.wav,pair_63_comp_245s/vocals.wav,0.9891,0.64,-23.82,1000,640,633,True
pair_63_comp_33s,pair_63_comp_33s.wav,pair_63_comp_33s/vocals.wav,0.9837,0.492,-22.91,1000,492,484,True
pair_63_comp_46s,pair_63_comp_46s.wav,pair_63_comp_46s/vocals.wav,0.9519,0.603,-21.7,1000,603,574,True
pair_63_comp_60s,pair_63_comp_60s.wav,pair_63_comp_60s/vocals.wav,0.9368,0.823,-19.93,1000,823,771,True
pair_63_comp_77s,pair_63_comp_77s.wav,pair_63_comp_77s/vocals.wav,0.9316,0.863,-21.76,1000,863,804,True
pair_63_comp_91s,pair_63_comp_91s.wav,pair_63_comp_91s/vocals.wav,0.9227,0.815,-23.13,1000,815,752,True
pair_63_ori_100s,pair_63_ori_100s.wav,pair_63_ori_100s/vocals.wav,0.9769,0.995,-15.16,1000,995,972,True
pair_63_ori_113s,pair_63_ori_113s.wav,pair_63_ori_113s/vocals.wav,0.9864,0.736,-19.35,1000,736,726,True
pair_63_ori_150s,pair_63_ori_150s.wav,pair_63_ori_150s/vocals.wav,0.9809,0.682,-23.11,1000,682,669,True
pair_63_ori_163s,pair_63_ori_163s.wav,pair_63_ori_163s/vocals.wav,0.9915,0.702,-20.84,1000,702,696,True
pair_63_ori_175s,pair_63_ori_175s.wav,pair_63_ori_175s/vocals.wav,0.9786,0.84,-18.01,1000,840,822,True
pair_63_ori_188s,pair_63_ori_188s.wav,pair_63_ori_188s/vocals.wav,0.9829,0.936,-16.14,1000,936,920,True
pair_63_ori_200s,pair_63_ori_200s.wav,pair_63_ori_200s/vocals.wav,0.987,0.998,-14.91,1000,998,985,True
pair_63_ori_212s,pair_63_ori_212s.wav,pair_63_ori_212s/vocals.wav,0.988,1.0,-14.22,1000,1000,988,True
pair_63_ori_225s,pair_63_ori_225s.wav,pair_63_ori_225s/vocals.wav,0.9729,0.996,-14.99,1000,996,969,True
pair_63_ori_237s,pair_63_ori_237s.wav,pair_63_ori_237s/vocals.wav,0.9804,0.713,-19.28,1000,713,699,True
pair_63_ori_25s,pair_63_ori_25s.wav,pair_63_ori_25s/vocals.wav,0.9857,0.628,-23.41,1000,628,619,True
pair_63_ori_38s,pair_63_ori_38s.wav,pair_63_ori_38s/vocals.wav,0.9986,0.702,-20.92,1000,702,701,True
pair_63_ori_50s,pair_63_ori_50s.wav,pair_63_ori_50s/vocals.wav,0.9885,0.867,-17.73,1000,867,857,True
pair_63_ori_63s,pair_63_ori_63s.wav,pair_63_ori_63s/vocals.wav,0.9831,0.944,-15.31,1000,944,928,True
pair_63_ori_75s,pair_63_ori_75s.wav,pair_63_ori_75s/vocals.wav,0.988,0.998,-14.63,1000,998,986,True
pair_63_ori_88s,pair_63_ori_88s.wav,pair_63_ori_88s/vocals.wav,0.981,0.999,-15.16,1000,999,980,True
pair_64_comp_15s,pair_64_comp_15s.wav,pair_64_comp_15s/vocals.wav,0.8855,0.856,-16.06,1000,856,758,True
pair_64_comp_96s,pair_64_comp_96s.wav,pair_64_comp_96s/vocals.wav,0.938,0.903,-15.82,1000,903,847,True
pair_64_ori_134s,pair_64_ori_134s.wav,pair_64_ori_134s/vocals.wav,0.9287,0.982,-20.6,1000,982,912,True
pair_64_ori_145s,pair_64_ori_145s.wav,pair_64_ori_145s/vocals.wav,0.9157,0.973,-20.82,1000,973,891,True
pair_64_ori_155s,pair_64_ori_155s.wav,pair_64_ori_155s/vocals.wav,0.8903,0.957,-22.53,1000,957,852,True
pair_64_ori_165s,pair_64_ori_165s.wav,pair_64_ori_165s/vocals.wav,0.8779,0.942,-23.55,1000,942,827,True
pair_64_ori_176s,pair_64_ori_176s.wav,pair_64_ori_176s/vocals.wav,0.8658,0.924,-23.48,1000,924,800,True
pair_64_ori_186s,pair_64_ori_186s.wav,pair_64_ori_186s/vocals.wav,0.8898,0.926,-24.15,1000,926,824,True
pair_64_ori_197s,pair_64_ori_197s.wav,pair_64_ori_197s/vocals.wav,0.908,0.5721,-29.09,874,500,454,True
pair_64_ori_31s,pair_64_ori_31s.wav,pair_64_ori_31s/vocals.wav,0.8826,0.937,-20.46,1000,937,827,True
pair_64_ori_41s,pair_64_ori_41s.wav,pair_64_ori_41s/vocals.wav,0.9206,0.932,-20.41,1000,932,858,True
pair_64_ori_72s,pair_64_ori_72s.wav,pair_64_ori_72s/vocals.wav,0.8983,0.954,-20.74,1000,954,857,True
pair_64_ori_83s,pair_64_ori_83s.wav,pair_64_ori_83s/vocals.wav,0.9009,0.949,-20.51,1000,949,855,True
pair_65_comp_1s,pair_65_comp_1s.wav,pair_65_comp_1s/vocals.wav,0.9012,0.516,-18.23,1000,516,465,True
pair_65_ori_1s,pair_65_ori_1s.wav,pair_65_ori_1s/vocals.wav,0.9907,0.539,-23.92,1000,539,534,True
pair_66_comp_135s,pair_66_comp_135s.wav,pair_66_comp_135s/vocals.wav,0.9961,0.768,-32.84,1000,768,765,True
pair_66_comp_152s,pair_66_comp_152s.wav,pair_66_comp_152s/vocals.wav,1.0,0.787,-32.45,1000,787,787,True
pair_66_comp_15s,pair_66_comp_15s.wav,pair_66_comp_15s/vocals.wav,0.9778,0.135,-43.53,1000,135,132,True
pair_66_comp_65s,pair_66_comp_65s.wav,pair_66_comp_65s/vocals.wav,1.0,0.586,-33.54,1000,586,586,True
pair_66_comp_82s,pair_66_comp_82s.wav,pair_66_comp_82s/vocals.wav,0.998,0.507,-34.04,1000,507,506,True
pair_66_comp_98s,pair_66_comp_98s.wav,pair_66_comp_98s/vocals.wav,0.9772,0.394,-38.69,1000,394,385,True
pair_66_ori_0s,pair_66_ori_0s.wav,pair_66_ori_0s/vocals.wav,0.9624,0.133,-28.97,1000,133,128,True
pair_66_ori_151s,pair_66_ori_151s.wav,pair_66_ori_151s/vocals.wav,0.965,0.715,-21.8,1000,715,690,True
pair_66_ori_16s,pair_66_ori_16s.wav,pair_66_ori_16s/vocals.wav,0.9678,0.715,-21.86,1000,715,692,True
pair_66_ori_32s,pair_66_ori_32s.wav,pair_66_ori_32s/vocals.wav,0.9526,0.76,-21.5,1000,760,724,True
pair_66_ori_65s,pair_66_ori_65s.wav,pair_66_ori_65s/vocals.wav,0.9427,0.576,-22.55,1000,576,543,True
pair_69_comp_126s,pair_69_comp_126s.wav,pair_69_comp_126s/vocals.wav,0.8647,0.902,-23.79,1000,902,780,True
pair_69_comp_133s,pair_69_comp_133s.wav,pair_69_comp_133s/vocals.wav,0.8654,0.921,-23.71,1000,921,797,True
pair_69_comp_186s,pair_69_comp_186s.wav,pair_69_comp_186s/vocals.wav,0.8083,0.887,-23.74,1000,887,717,True
pair_69_comp_193s,pair_69_comp_193s.wav,pair_69_comp_193s/vocals.wav,0.8263,0.898,-23.61,1000,898,742,True
pair_69_comp_201s,pair_69_comp_201s.wav,pair_69_comp_201s/vocals.wav,0.8617,0.911,-25.2,1000,911,785,True
pair_69_comp_208s,pair_69_comp_208s.wav,pair_69_comp_208s/vocals.wav,0.8886,0.736,-23.96,1000,736,654,True
pair_69_comp_66s,pair_69_comp_66s.wav,pair_69_comp_66s/vocals.wav,0.8423,0.856,-24.05,1000,856,721,True
pair_69_comp_73s,pair_69_comp_73s.wav,pair_69_comp_73s/vocals.wav,0.8702,0.909,-24.42,1000,909,791,True
pair_69_ori_128s,pair_69_ori_128s.wav,pair_69_ori_128s/vocals.wav,0.9744,0.741,-27.74,1000,741,722,True
pair_69_ori_153s,pair_69_ori_153s.wav,pair_69_ori_153s/vocals.wav,0.8959,0.605,-29.21,1000,605,542,True
pair_69_ori_161s,pair_69_ori_161s.wav,pair_69_ori_161s/vocals.wav,0.8946,0.3474,-31.14,901,313,280,True
pair_69_ori_1s,pair_69_ori_1s.wav,pair_69_ori_1s/vocals.wav,0.945,0.291,-36.88,1000,291,275,True
pair_69_ori_25s,pair_69_ori_25s.wav,pair_69_ori_25s/vocals.wav,0.8607,0.524,-31.72,1000,524,451,True
pair_69_ori_33s,pair_69_ori_33s.wav,pair_69_ori_33s/vocals.wav,0.9009,0.434,-31.65,1000,434,391,True
pair_69_ori_88s,pair_69_ori_88s.wav,pair_69_ori_88s/vocals.wav,0.9238,0.682,-29.08,1000,682,630,True
pair_69_ori_96s,pair_69_ori_96s.wav,pair_69_ori_96s/vocals.wav,0.9735,0.791,-27.22,1000,791,770,True
pair_6_comp_18s,pair_6_comp_18s.wav,pair_6_comp_18s/vocals.wav,0.9507,0.791,-21.75,1000,791,752,True
pair_6_comp_1s,pair_6_comp_1s.wav,pair_6_comp_1s/vocals.wav,0.9515,0.103,-30.51,1000,103,98,True
pair_6_comp_25s,pair_6_comp_25s.wav,pair_6_comp_25s/vocals.wav,0.93,0.771,-21.98,1000,771,717,True
pair_6_comp_33s,pair_6_comp_33s.wav,pair_6_comp_33s/vocals.wav,0.9453,0.822,-21.64,1000,822,777,True
pair_6_comp_41s,pair_6_comp_41s.wav,pair_6_comp_41s/vocals.wav,0.9864,0.88,-21.41,1000,880,868,True
pair_6_comp_65s,pair_6_comp_65s.wav,pair_6_comp_65s/vocals.wav,0.9514,0.802,-21.02,1000,802,763,True
pair_6_comp_73s,pair_6_comp_73s.wav,pair_6_comp_73s/vocals.wav,0.9848,0.919,-21.13,1000,919,905,True
pair_6_comp_9s,pair_6_comp_9s.wav,pair_6_comp_9s/vocals.wav,0.9447,0.416,-24.49,1000,416,393,True
pair_6_ori_0s,pair_6_ori_0s.wav,pair_6_ori_0s/vocals.wav,1.0,0.086,-36.11,1000,86,86,True
pair_6_ori_123s,pair_6_ori_123s.wav,pair_6_ori_123s/vocals.wav,0.98,0.401,-32.31,1000,401,393,True
pair_6_ori_129s,pair_6_ori_129s.wav,pair_6_ori_129s/vocals.wav,0.9866,0.595,-29.49,1000,595,587,True
pair_6_ori_136s,pair_6_ori_136s.wav,pair_6_ori_136s/vocals.wav,0.9767,0.645,-28.72,1000,645,630,True
pair_6_ori_13s,pair_6_ori_13s.wav,pair_6_ori_13s/vocals.wav,0.9518,0.456,-30.06,1000,456,434,True
pair_6_ori_21s,pair_6_ori_21s.wav,pair_6_ori_21s/vocals.wav,0.9484,0.62,-29.42,1000,620,588,True
pair_6_ori_26s,pair_6_ori_26s.wav,pair_6_ori_26s/vocals.wav,0.9401,0.684,-29.16,1000,684,643,True
pair_6_ori_33s,pair_6_ori_33s.wav,pair_6_ori_33s/vocals.wav,0.9548,0.531,-30.56,1000,531,507,True
pair_6_ori_39s,pair_6_ori_39s.wav,pair_6_ori_39s/vocals.wav,0.9613,0.465,-31.08,1000,465,447,True
pair_6_ori_59s,pair_6_ori_59s.wav,pair_6_ori_59s/vocals.wav,0.9881,0.589,-29.8,1000,589,582,True
pair_6_ori_65s,pair_6_ori_65s.wav,pair_6_ori_65s/vocals.wav,0.9819,0.717,-28.86,1000,717,704,True
pair_6_ori_71s,pair_6_ori_71s.wav,pair_6_ori_71s/vocals.wav,0.9836,0.732,-28.35,1000,732,720,True
pair_6_ori_78s,pair_6_ori_78s.wav,pair_6_ori_78s/vocals.wav,0.9889,0.628,-29.53,1000,628,621,True
pair_6_ori_7s,pair_6_ori_7s.wav,pair_6_ori_7s/vocals.wav,0.985,0.266,-31.92,1000,266,262,True
pair_6_ori_84s,pair_6_ori_84s.wav,pair_6_ori_84s/vocals.wav,0.996,0.506,-30.71,1000,506,504,True
pair_70_comp_2s,pair_70_comp_2s.wav,pair_70_comp_2s/vocals.wav,0.8042,0.24,-23.67,1000,240,193,True
pair_70_comp_61s,pair_70_comp_61s.wav,pair_70_comp_61s/vocals.wav,0.9904,0.104,-25.35,1000,104,103,True
pair_70_comp_73s,pair_70_comp_73s.wav,pair_70_comp_73s/vocals.wav,0.9091,0.396,-20.11,1000,396,360,True
pair_70_comp_9s,pair_70_comp_9s.wav,pair_70_comp_9s/vocals.wav,0.8439,0.41,-20.88,1000,410,346,True
pair_70_ori_104s,pair_70_ori_104s.wav,pair_70_ori_104s/vocals.wav,0.9559,0.295,-24.93,1000,295,282,True
pair_70_ori_111s,pair_70_ori_111s.wav,pair_70_ori_111s/vocals.wav,0.9723,0.542,-22.44,1000,542,527,True
pair_70_ori_1s,pair_70_ori_1s.wav,pair_70_ori_1s/vocals.wav,0.9073,0.302,-23.26,1000,302,274,True
pair_70_ori_48s,pair_70_ori_48s.wav,pair_70_ori_48s/vocals.wav,0.9074,0.367,-23.78,1000,367,333,True
pair_70_ori_60s,pair_70_ori_60s.wav,pair_70_ori_60s/vocals.wav,0.9548,0.509,-22.14,1000,509,486,True
pair_70_ori_68s,pair_70_ori_68s.wav,pair_70_ori_68s/vocals.wav,0.9664,0.654,-20.99,1000,654,632,True
pair_7_comp_107s,pair_7_comp_107s.wav,pair_7_comp_107s/vocals.wav,0.974,1.0,-16.15,1000,1000,974,True
pair_7_comp_164s,pair_7_comp_164s.wav,pair_7_comp_164s/vocals.wav,0.9689,0.997,-15.34,1000,997,966,True
pair_7_comp_191s,pair_7_comp_191s.wav,pair_7_comp_191s/vocals.wav,0.9858,0.914,-19.97,1000,914,901,True
pair_7_comp_34s,pair_7_comp_34s.wav,pair_7_comp_34s/vocals.wav,0.9589,0.997,-17.13,1000,997,956,True
pair_7_comp_43s,pair_7_comp_43s.wav,pair_7_comp_43s/vocals.wav,0.9542,0.96,-17.04,1000,960,916,True
pair_7_comp_99s,pair_7_comp_99s.wav,pair_7_comp_99s/vocals.wav,0.968,0.999,-16.43,1000,999,967,True
pair_7_ori_20s,pair_7_ori_20s.wav,pair_7_ori_20s/vocals.wav,0.9174,0.726,-17.2,1000,726,666,True
pair_7_ori_79s,pair_7_ori_79s.wav,pair_7_ori_79s/vocals.wav,0.9341,0.683,-16.95,1000,683,638,True
pair_8_comp_145s,pair_8_comp_145s.wav,pair_8_comp_145s/vocals.wav,0.9896,0.964,-17.77,1000,964,954,True
pair_8_comp_29s,pair_8_comp_29s.wav,pair_8_comp_29s/vocals.wav,0.9878,0.98,-17.39,1000,980,968,True
pair_8_comp_81s,pair_8_comp_81s.wav,pair_8_comp_81s/vocals.wav,0.9889,0.991,-17.45,1000,991,980,True
pair_8_ori_162s,pair_8_ori_162s.wav,pair_8_ori_162s/vocals.wav,0.9716,0.917,-19.21,1000,917,891,True
pair_8_ori_37s,pair_8_ori_37s.wav,pair_8_ori_37s/vocals.wav,0.9742,0.891,-19.68,1000,891,868,True
pair_8_ori_90s,pair_8_ori_90s.wav,pair_8_ori_90s/vocals.wav,0.9789,0.901,-19.4,1000,901,882,True
pair_9_comp_180s,pair_9_comp_180s.wav,pair_9_comp_180s/vocals.wav,0.9795,0.831,-27.94,1000,831,814,True
pair_9_comp_187s,pair_9_comp_187s.wav,pair_9_comp_187s/vocals.wav,0.9864,0.881,-27.42,1000,881,869,True
pair_9_comp_51s,pair_9_comp_51s.wav,pair_9_comp_51s/vocals.wav,0.9795,0.779,-28.57,1000,779,763,True
pair_9_comp_58s,pair_9_comp_58s.wav,pair_9_comp_58s/vocals.wav,0.9871,0.854,-27.79,1000,854,843,True
pair_9_ori_13s,pair_9_ori_13s.wav,pair_9_ori_13s/vocals.wav,0.9913,0.923,-19.41,1000,923,915,True
pair_9_ori_19s,pair_9_ori_19s.wav,pair_9_ori_19s/vocals.wav,0.9899,0.887,-19.59,1000,887,878,True
pair_9_ori_25s,pair_9_ori_25s.wav,pair_9_ori_25s/vocals.wav,0.9796,0.884,-19.88,1000,884,866,True
pair_9_ori_31s,pair_9_ori_31s.wav,pair_9_ori_31s/vocals.wav,0.9818,0.823,-19.8,1000,823,808,True
pair_9_ori_48s,pair_9_ori_48s.wav,pair_9_ori_48s/vocals.wav,1.0,0.507,-21.79,1000,507,507,True
pair_9_ori_54s,pair_9_ori_54s.wav,pair_9_ori_54s/vocals.wav,0.9886,0.351,-24.71,1000,351,347,True
pair_9_ori_83s,pair_9_ori_83s.wav,pair_9_ori_83s/vocals.wav,1.0,0.979,-18.18,1000,979,979,True
pair_9_ori_89s,pair_9_ori_89s.wav,pair_9_ori_89s/vocals.wav,0.993,0.994,-19.15,1000,994,987,True
