dimension,global_mean_delta,global_std_delta,global_median_delta,global_max_delta,cross_category_std,cross_category_mean,mean_delta_Human Plagiarism (Base),mean_delta_Human Plagiarism + DSP,mean_delta_Original + DSP,mean_delta_AI Generation (Base),mean_delta_AI + DSP,stability_rank
1023,0.872515,0.755288,0.662474,6.554445,0.286077,0.853560,0.782314,0.791103,0.385458,1.151441,1.157485,1
767,0.879488,0.758767,0.680019,5.775313,0.269902,0.855534,0.810077,0.825481,0.391282,1.119743,1.131086,2
456,0.899498,0.785737,0.679240,5.998792,0.286016,0.874758,0.807815,0.853290,0.387053,1.174533,1.151098,3
660,0.905488,0.796066,0.685288,6.481767,0.293112,0.878468,0.859771,0.869686,0.352903,1.154917,1.155061,4
884,0.905636,0.787837,0.685720,5.734037,0.284638,0.877973,0.829826,0.850314,0.386926,1.150913,1.171888,5
155,0.909993,0.793436,0.687878,6.669345,0.282803,0.878430,0.853142,0.863867,0.376860,1.127976,1.170303,6
715,0.912420,0.796392,0.691440,5.672719,0.299669,0.905160,0.862144,0.837103,0.402363,1.237616,1.186573,7
373,0.913715,0.802809,0.696697,6.558292,0.302918,0.882877,0.791231,0.846087,0.381989,1.189461,1.205617,8
213,0.917717,0.806643,0.686650,6.415720,0.296183,0.884427,0.811426,0.859849,0.382099,1.170039,1.198722,9
588,0.919057,0.818819,0.678525,6.767452,0.286813,0.885512,0.822548,0.869484,0.392482,1.157269,1.185774,10
274,0.919701,0.793736,0.692306,5.089061,0.267871,0.893460,0.904368,0.911098,0.395412,1.134398,1.122025,11
434,0.925474,0.798472,0.707300,10.741641,0.292860,0.906913,0.862516,0.850061,0.411399,1.201181,1.209407,12
788,0.931919,0.800526,0.717774,5.955767,0.315715,0.902128,0.824061,0.863388,0.371771,1.218775,1.232645,13
857,0.933093,0.811457,0.703961,5.608389,0.307444,0.907409,0.810836,0.858947,0.405655,1.232953,1.228656,14
315,0.933303,0.797390,0.729424,5.625836,0.277874,0.896676,0.879653,0.898195,0.395873,1.125800,1.183862,15
1008,0.935258,0.812070,0.719252,6.381555,0.315600,0.898286,0.781354,0.870036,0.383135,1.219915,1.236989,16
122,0.937016,0.822073,0.708238,6.384818,0.306046,0.909334,0.846265,0.883091,0.384741,1.218965,1.213611,17
764,0.937607,0.824764,0.709500,6.946592,0.287688,0.900837,0.835132,0.890856,0.405297,1.167796,1.205103,18
182,0.941805,0.809376,0.719385,5.662430,0.264798,0.901352,0.928148,0.962612,0.393632,1.099332,1.123037,19
964,0.942114,0.850578,0.697926,6.291585,0.281328,0.907906,0.915188,0.933995,0.383947,1.145404,1.160996,20
987,0.942873,0.827280,0.707149,5.680361,0.290826,0.913130,0.877022,0.890662,0.403838,1.181670,1.212458,21
805,0.942909,0.794500,0.735891,6.141509,0.295981,0.910504,0.869749,0.904525,0.387252,1.188661,1.202334,22
577,0.943002,0.844256,0.700476,6.417782,0.285537,0.904948,0.863993,0.901057,0.401052,1.152006,1.206634,23
164,0.943956,0.842036,0.701229,7.821932,0.323327,0.918245,0.866865,0.857365,0.371779,1.227996,1.267219,24
386,0.944100,0.825714,0.723567,7.768871,0.306266,0.914924,0.848301,0.898594,0.387669,1.227580,1.212476,25
895,0.944820,0.847249,0.712427,7.619720,0.316530,0.916985,0.797676,0.860763,0.413780,1.255130,1.257576,26
285,0.946909,0.817533,0.727972,6.352065,0.273958,0.915202,0.889414,0.930823,0.419047,1.170058,1.166667,27
462,0.947499,0.827837,0.721702,10.192830,0.305807,0.922592,0.849778,0.880780,0.409347,1.238357,1.234699,28
292,0.949892,0.811406,0.732103,5.659143,0.287345,0.916873,0.834694,0.887436,0.437377,1.195207,1.229648,29
110,0.952759,0.826630,0.724246,6.645943,0.311139,0.923034,0.848113,0.878469,0.402347,1.228773,1.257470,30
526,0.954198,0.818627,0.736970,7.827284,0.318202,0.917288,0.808838,0.892249,0.391511,1.239289,1.254552,31
768,0.954719,0.816044,0.736416,5.616250,0.288090,0.915856,0.897068,0.942386,0.388141,1.164591,1.187095,32
541,0.955091,0.829653,0.726507,6.789148,0.279480,0.922102,0.935060,0.950213,0.399177,1.158310,1.167750,33
96,0.955253,0.826339,0.726720,6.082783,0.291057,0.924320,0.890539,0.911693,0.409834,1.193114,1.216423,34
71,0.955535,0.829659,0.729113,6.571307,0.319736,0.923773,0.814982,0.902836,0.393784,1.267407,1.239859,35
900,0.956144,0.852103,0.711529,7.607591,0.308038,0.929887,0.931425,0.904959,0.376003,1.204289,1.232757,36
98,0.958649,0.825212,0.732956,7.497655,0.306694,0.929691,0.933465,0.930191,0.368343,1.205494,1.210961,37
247,0.959594,0.830321,0.728721,6.341112,0.314585,0.919923,0.838023,0.913096,0.380772,1.222368,1.245355,38
147,0.961193,0.843943,0.730362,6.547037,0.302981,0.937584,0.862286,0.886188,0.434950,1.250038,1.254455,39
381,0.961639,0.862798,0.709290,6.489767,0.290099,0.919253,0.901243,0.967133,0.381515,1.168525,1.177850,40
312,0.962114,0.817482,0.746842,5.837337,0.310741,0.929930,0.911483,0.931284,0.368566,1.215850,1.222466,41
209,0.962802,0.822858,0.741442,6.671980,0.279758,0.930432,0.956767,0.953828,0.404618,1.156823,1.180126,42
500,0.962844,0.857130,0.719296,7.447185,0.339955,0.941796,0.870404,0.875555,0.375564,1.297436,1.290023,43
62,0.963555,0.835289,0.733059,6.846186,0.300791,0.926886,0.884701,0.934754,0.390580,1.204973,1.219422,44
37,0.963631,0.844698,0.723074,5.610425,0.318727,0.929295,0.844953,0.922229,0.383660,1.256172,1.239460,45
579,0.964555,0.824816,0.748052,6.628652,0.321793,0.936304,0.859787,0.883161,0.400367,1.256150,1.282057,46
901,0.968610,0.839811,0.738538,6.662699,0.284140,0.936677,0.932272,0.956061,0.413221,1.190328,1.191505,47
637,0.968852,0.832523,0.743059,7.289448,0.303442,0.944706,0.880776,0.895974,0.434761,1.250510,1.261509,48
1018,0.968974,0.850885,0.730627,6.275250,0.340280,0.947017,0.844454,0.852529,0.409260,1.301125,1.327714,49
919,0.969095,0.846791,0.728415,6.115117,0.292987,0.931698,0.923836,0.947700,0.394673,1.178334,1.213947,50
721,0.970259,0.874573,0.713375,8.316670,0.343303,0.943545,0.804636,0.883624,0.402748,1.327747,1.298970,51
326,0.971093,0.847729,0.731827,6.110633,0.282681,0.927684,0.912233,0.957911,0.408351,1.153571,1.206356,52
943,0.971596,0.855507,0.717994,6.414874,0.275786,0.936505,0.880249,0.939320,0.453651,1.195627,1.213677,53
578,0.972547,0.874189,0.722702,7.335187,0.331109,0.952604,0.837218,0.878259,0.428761,1.322013,1.296770,54
1015,0.973614,0.855750,0.727632,6.591422,0.295907,0.940330,0.902776,0.934885,0.415820,1.213555,1.234613,55
795,0.973713,0.835347,0.739534,5.956387,0.293678,0.941274,0.906636,0.941066,0.417737,1.215546,1.225385,56
133,0.976978,0.859724,0.741679,7.551700,0.301947,0.940480,0.916070,0.950590,0.394576,1.209693,1.231472,57
830,0.977780,0.877470,0.731108,8.714032,0.327728,0.945583,0.838063,0.883854,0.418212,1.272698,1.315086,58
146,0.978753,0.847548,0.749595,6.637603,0.325366,0.947918,0.885022,0.910240,0.392494,1.264092,1.287740,59
720,0.978986,0.858925,0.740592,6.543777,0.310802,0.949004,0.877958,0.906647,0.426196,1.252346,1.281873,60
886,0.979516,0.853422,0.745797,7.266384,0.318764,0.951062,0.886733,0.917191,0.406707,1.270274,1.274403,61
91,0.980951,0.861628,0.736686,6.719963,0.314299,0.953612,0.912474,0.901040,0.416019,1.244925,1.293603,62
683,0.981653,0.845823,0.746704,5.896267,0.286845,0.945220,0.882353,0.949296,0.444440,1.218376,1.231639,63
136,0.982363,0.828171,0.765766,6.773982,0.306759,0.941888,0.912274,0.958771,0.387064,1.210601,1.240730,64
33,0.983001,0.831974,0.770362,6.456635,0.309375,0.947554,0.858125,0.936139,0.423169,1.259916,1.260421,65
76,0.983096,0.894308,0.739816,7.661963,0.288627,0.937904,0.930453,0.994322,0.397346,1.172390,1.195010,66
817,0.983747,0.868485,0.734380,6.793618,0.312371,0.938150,0.868966,0.943112,0.393703,1.215982,1.268988,67
117,0.984277,0.842709,0.752344,6.347297,0.293119,0.948577,0.967934,0.968186,0.401679,1.183310,1.221775,68
123,0.987422,0.890900,0.723230,7.668190,0.345080,0.956062,0.811893,0.885669,0.419750,1.323491,1.339504,69
962,0.987630,0.858265,0.754019,6.228898,0.336536,0.965393,0.917562,0.918240,0.386771,1.309113,1.295279,70
1000,0.988307,0.847645,0.761209,6.913147,0.308520,0.957784,0.913616,0.941586,0.416682,1.254376,1.262662,71
114,0.988585,0.874838,0.741472,6.801575,0.312752,0.953977,0.879296,0.936609,0.418812,1.260886,1.274284,72
119,0.989250,0.863015,0.749225,6.733727,0.330873,0.972334,0.914528,0.881679,0.428405,1.307014,1.330043,73
295,0.990627,0.893707,0.724290,6.173497,0.371217,0.960018,0.816280,0.862892,0.387770,1.345702,1.387448,74
522,0.991002,0.837383,0.769658,6.050289,0.298976,0.961844,0.965362,0.967235,0.413066,1.230233,1.233324,75
521,0.991404,0.852253,0.754304,5.908671,0.314523,0.951777,0.890557,0.952752,0.400673,1.245485,1.269417,76
53,0.991535,0.863307,0.747773,6.983888,0.352431,0.967635,0.859423,0.902391,0.395761,1.352010,1.328591,77
69,0.992145,0.892449,0.728404,6.286030,0.348986,0.964786,0.843234,0.893457,0.409033,1.337335,1.340870,78
344,0.992506,0.842733,0.763821,5.654576,0.303740,0.966396,0.980280,0.970203,0.406165,1.242605,1.232726,79
234,0.993464,0.858622,0.751482,6.888766,0.311058,0.960973,0.921097,0.936664,0.416953,1.246508,1.283642,80
306,0.994335,0.870039,0.748051,6.311337,0.306227,0.962981,0.961286,0.976151,0.400200,1.240556,1.236711,81
972,0.995278,0.858708,0.763074,7.075550,0.322764,0.949005,0.869707,0.967973,0.384405,1.251614,1.271324,82
317,0.995351,0.833336,0.781700,6.228789,0.284979,0.958427,0.999461,1.020265,0.409661,1.182670,1.180077,83
955,0.995622,0.856630,0.767530,7.049987,0.311452,0.974896,0.996032,0.966083,0.402659,1.266686,1.243018,84
1021,0.995959,0.845420,0.771960,6.539311,0.287891,0.946666,0.885913,0.990782,0.430575,1.196884,1.229175,85
170,0.996721,0.878815,0.751150,6.619927,0.293426,0.971125,0.945897,0.934739,0.458301,1.241700,1.274989,86
902,0.997354,0.880900,0.741708,6.954458,0.315405,0.959772,0.865586,0.946565,0.427267,1.274305,1.285140,87
44,0.997707,0.871157,0.746244,7.414725,0.323050,0.965110,0.891178,0.941756,0.412941,1.287688,1.291986,88
183,0.997861,0.869017,0.754459,6.729220,0.314100,0.953409,0.868936,0.946267,0.417180,1.240187,1.294472,89
78,0.999229,0.855095,0.764754,7.419596,0.294638,0.960583,0.941286,0.969989,0.426905,1.209450,1.255285,90
825,1.000576,0.872458,0.759856,7.683186,0.321673,0.964097,0.925056,0.937353,0.401932,1.246929,1.309216,91
398,1.001121,0.830317,0.789368,6.267120,0.283126,0.956530,0.968225,1.011745,0.420821,1.171611,1.210250,92
36,1.001209,0.867274,0.762165,9.407895,0.292243,0.965297,0.951173,0.992858,0.427895,1.226408,1.228152,93
399,1.001799,0.855233,0.769186,5.614000,0.309884,0.967923,0.957861,0.968410,0.405628,1.240728,1.266987,94
157,1.002297,0.867082,0.769096,7.090101,0.317111,0.976711,0.982008,0.940982,0.409281,1.255708,1.295577,95
59,1.003419,0.865396,0.766800,6.631873,0.331046,0.977362,0.933506,0.926078,0.409038,1.296466,1.321723,96
814,1.003709,0.866111,0.761857,5.918229,0.315894,0.966357,0.950296,0.975184,0.392446,1.243361,1.270500,97
912,1.004399,0.866874,0.772714,7.468634,0.327217,0.968549,0.879649,0.939361,0.418175,1.291216,1.314344,98
225,1.004577,0.888048,0.744702,5.602490,0.293589,0.976964,1.001903,0.976216,0.433551,1.225213,1.247935,99
89,1.005153,0.860565,0.768575,6.660700,0.303121,0.964686,0.986933,0.995849,0.395585,1.199053,1.246009,100
251,1.005387,0.857482,0.776797,5.949812,0.284951,0.964358,0.938124,1.014714,0.438280,1.218728,1.211942,101
406,1.005452,0.872444,0.773397,6.396083,0.315702,0.969376,0.936021,0.967781,0.405682,1.256768,1.280628,102
374,1.006216,0.893257,0.749575,6.370932,0.332749,0.977075,0.971188,0.971439,0.373474,1.287733,1.281540,103
641,1.006490,0.865661,0.763612,6.322372,0.306947,0.970313,0.935108,0.973735,0.421565,1.250552,1.270604,104
996,1.006729,0.892164,0.758635,7.277404,0.313427,0.965132,0.886208,0.967951,0.423185,1.263112,1.285205,105
728,1.006848,0.874782,0.769458,6.963354,0.311384,0.968263,0.894340,0.961199,0.431452,1.265317,1.289008,106
360,1.009601,0.871092,0.769205,6.621021,0.323773,0.976961,0.899837,0.938321,0.431408,1.293397,1.321844,107
332,1.009984,0.869504,0.765543,5.632622,0.285652,0.951562,1.004511,1.063986,0.392358,1.114685,1.182270,108
524,1.010586,0.897591,0.749405,6.572632,0.366075,0.985905,0.860393,0.904395,0.405132,1.384867,1.374736,109
506,1.010797,0.877285,0.757023,5.875645,0.291635,0.959538,1.017547,1.059370,0.388710,1.146012,1.186048,110
310,1.010842,0.872255,0.767703,6.538329,0.324608,0.981177,0.976629,0.964441,0.396017,1.273213,1.295587,111
556,1.011061,0.903568,0.748726,7.987151,0.308885,0.963741,0.915750,0.971207,0.416831,1.218470,1.296445,112
824,1.011625,0.884892,0.763706,7.669119,0.325255,0.982869,0.937973,0.979515,0.407069,1.313107,1.276681,113
113,1.011751,0.878130,0.772794,6.434857,0.312170,0.975881,0.901910,0.954468,0.443260,1.275014,1.304751,114
705,1.011820,0.871876,0.771167,7.096413,0.319567,0.978085,0.984432,0.997308,0.386473,1.261337,1.260874,115
395,1.012361,0.879588,0.765330,6.808440,0.320585,0.972401,0.952386,0.994677,0.386926,1.256076,1.271938,116
17,1.012920,0.885553,0.768650,6.309295,0.329334,0.985256,0.928164,0.972069,0.410632,1.326788,1.288628,117
465,1.013320,0.882262,0.769531,6.828423,0.337441,0.981566,0.937335,0.957797,0.390389,1.305420,1.316887,118
426,1.013756,0.879331,0.774791,6.858235,0.348455,0.986684,0.897727,0.919503,0.413479,1.342832,1.359879,119
302,1.015046,0.904850,0.760977,7.346960,0.365861,0.982758,0.906221,0.914931,0.372312,1.334691,1.385636,120
925,1.015799,0.894135,0.755282,7.315948,0.328275,0.963838,0.906325,1.004170,0.373342,1.250859,1.284495,121
597,1.015916,0.894860,0.760736,6.147868,0.336197,0.986694,0.928281,0.955101,0.406763,1.322353,1.320975,122
693,1.016223,0.920706,0.751749,11.875290,0.376823,0.994118,0.842860,0.879969,0.424018,1.408806,1.414937,123
677,1.016700,0.876768,0.771328,6.559658,0.329823,0.982919,0.946245,0.974098,0.397110,1.293748,1.303396,124
377,1.016930,0.868585,0.785925,7.348501,0.305325,0.974551,0.925533,0.995518,0.428472,1.250262,1.272972,125
535,1.017093,0.878261,0.769902,6.148777,0.321309,0.982754,0.978648,0.990827,0.394908,1.267846,1.281541,126
464,1.017485,0.853611,0.790049,7.007650,0.280613,0.965381,0.945408,1.040689,0.439603,1.184031,1.217173,127
771,1.017949,0.889356,0.777240,6.782987,0.335427,0.983720,0.889071,0.921755,0.436060,1.305645,1.366068,128
459,1.018019,0.892041,0.769078,6.276491,0.295975,0.976771,0.920815,1.005488,0.448077,1.253358,1.256116,129
454,1.018850,0.885270,0.770278,7.181321,0.333858,0.990527,0.975309,0.958949,0.397835,1.297619,1.322924,130
128,1.019033,0.887535,0.768604,6.279138,0.316726,0.991840,1.031416,1.000719,0.398831,1.264020,1.264216,131
7,1.019379,0.890447,0.772600,7.164287,0.314644,0.981738,0.887147,0.971593,0.449625,1.297081,1.303246,132
363,1.019701,0.888988,0.779281,7.741570,0.315568,0.987625,0.911505,0.963228,0.450668,1.303486,1.309239,133
144,1.019752,0.888896,0.769731,6.283533,0.321817,0.984197,0.925168,0.981473,0.419935,1.297240,1.297167,134
163,1.020273,0.913043,0.756461,6.452850,0.374601,0.994592,0.874544,0.899830,0.401518,1.389456,1.407611,135
461,1.020664,0.879943,0.781846,6.638395,0.347267,0.993998,0.916422,0.932576,0.414945,1.346577,1.359468,136
591,1.021123,0.908534,0.763422,6.766251,0.338760,1.001205,0.948015,0.920632,0.435752,1.338950,1.362676,137
881,1.021329,0.869609,0.782265,6.374279,0.301425,0.993968,1.074339,1.028575,0.412674,1.227427,1.226826,138
947,1.021562,0.894859,0.774732,7.117569,0.314654,0.984948,0.954142,0.989726,0.419948,1.270931,1.289993,139
255,1.021925,0.868208,0.794924,6.132620,0.307998,0.989145,1.001660,1.007956,0.416883,1.256785,1.262438,140
540,1.023386,0.846712,0.814447,7.042906,0.292274,0.977941,1.004356,1.058870,0.415529,1.202033,1.208915,141
956,1.024047,0.864145,0.798139,6.238969,0.327122,0.993583,1.003956,1.004432,0.389505,1.289909,1.280114,142
893,1.024197,0.914941,0.765490,6.696633,0.320463,0.981066,0.919982,1.002345,0.411964,1.281010,1.290027,143
572,1.024209,0.873089,0.794125,6.647434,0.322044,0.998408,1.021826,0.998193,0.403142,1.289045,1.279837,144
792,1.024611,0.871570,0.785784,6.606415,0.312936,0.983853,0.971099,1.013207,0.407739,1.253933,1.273285,145
529,1.024614,0.892522,0.782547,6.795697,0.359742,0.990174,0.877908,0.928353,0.405310,1.352690,1.386610,146
257,1.024744,0.904482,0.772048,7.112953,0.301627,0.993128,0.961348,0.983087,0.457503,1.272689,1.291011,147
124,1.024786,0.882595,0.778729,6.942514,0.320819,0.986598,0.949278,0.982573,0.416146,1.274437,1.310557,148
388,1.025236,0.895807,0.773164,7.703848,0.354463,0.992972,0.883987,0.925386,0.418969,1.350765,1.385754,149
60,1.025427,0.907432,0.768478,6.760063,0.325314,0.988420,0.933583,0.965500,0.424103,1.286766,1.332148,150
224,1.026299,0.886546,0.775619,5.849690,0.308094,0.979375,0.894680,0.994458,0.445839,1.262850,1.299046,151
625,1.027025,0.884561,0.787358,6.551536,0.307027,0.993339,0.957306,0.984056,0.449303,1.275770,1.300261,152
199,1.027046,0.879193,0.794235,6.347586,0.319615,0.982973,0.973622,1.035960,0.386914,1.259123,1.259247,153
948,1.027198,0.870069,0.792776,6.879391,0.290141,0.995206,1.014522,0.987264,0.463228,1.224205,1.286809,154
986,1.027413,0.919187,0.767235,7.210704,0.311592,0.993993,0.940948,0.991371,0.445929,1.297814,1.293902,155
833,1.027592,0.913487,0.762381,6.882862,0.318485,0.983646,0.932895,1.004112,0.414338,1.271151,1.295735,156
714,1.027812,0.894688,0.781911,6.985460,0.306706,1.002259,1.098876,1.036385,0.408441,1.234927,1.232666,157
988,1.027835,0.893038,0.780717,7.951161,0.335259,0.996308,0.946715,0.940807,0.425369,1.302915,1.365733,158
384,1.027873,0.876077,0.792887,6.069073,0.307038,0.989899,0.968656,1.000326,0.433562,1.258311,1.288639,159
650,1.028798,0.905183,0.775549,6.996439,0.358381,0.993905,0.826798,0.906976,0.454531,1.367939,1.413284,160
595,1.029597,0.912677,0.766930,6.578792,0.338674,1.003894,0.981782,0.970441,0.405511,1.329398,1.332339,161
608,1.029600,0.933529,0.759797,7.921485,0.384337,1.007032,0.878614,0.891697,0.410671,1.416202,1.437978,162
281,1.029884,0.889686,0.790312,7.233260,0.328379,0.998372,0.983759,0.979892,0.410598,1.294779,1.322833,163
843,1.030101,0.900038,0.773986,6.755624,0.333947,0.996871,0.985040,0.972843,0.400375,1.289125,1.336969,164
949,1.030629,0.869331,0.805588,6.680670,0.304456,0.984999,0.958871,1.032838,0.423862,1.246609,1.262816,165
186,1.031193,0.894546,0.792140,7.743437,0.293616,0.990640,1.036547,1.044536,0.426861,1.205927,1.239327,166
920,1.031568,0.940743,0.745914,7.221350,0.335188,0.983755,0.908507,0.979716,0.403621,1.281042,1.345889,167
479,1.031572,0.902747,0.772696,6.796875,0.306526,0.981153,1.001938,1.061343,0.394244,1.209995,1.238247,168
425,1.031661,0.898169,0.785760,6.301519,0.328484,1.000376,0.973888,0.977963,0.418230,1.303664,1.328137,169
21,1.031677,0.906016,0.782506,6.374993,0.341707,0.987462,0.909048,0.992935,0.392255,1.312661,1.330410,170
2,1.031831,0.908036,0.778520,7.804880,0.355168,1.001160,0.902757,0.928098,0.423192,1.355500,1.396253,171
782,1.031964,0.904491,0.773528,7.185298,0.323476,0.989892,0.912582,0.987634,0.430654,1.294834,1.323756,172
793,1.032112,0.887773,0.790289,6.960724,0.298239,0.985296,0.958381,1.022445,0.439329,1.230336,1.275989,173
106,1.032327,0.907903,0.781723,7.846306,0.350049,1.013849,0.955665,0.941798,0.425663,1.378816,1.367305,174
686,1.032342,0.879752,0.787871,6.477110,0.316906,0.993106,1.009846,1.034913,0.396848,1.258068,1.265854,175
393,1.032424,0.882489,0.789517,6.828898,0.311443,0.991585,0.991305,1.031681,0.410995,1.255976,1.267971,176
725,1.032788,0.892612,0.783615,6.167106,0.319848,1.003902,0.968198,0.986656,0.439026,1.313728,1.311902,177
466,1.032950,0.893290,0.781901,6.008628,0.312232,0.986423,0.949253,1.021342,0.418927,1.255717,1.286874,178
499,1.034288,0.924461,0.761903,5.886995,0.314841,1.009578,1.158684,1.037274,0.396039,1.207628,1.248263,179
787,1.035514,0.893646,0.793659,7.658067,0.316442,0.986492,0.943684,1.023447,0.412970,1.257312,1.295049,180
978,1.035812,0.905471,0.792671,8.177362,0.327309,1.000431,0.942088,0.993882,0.427195,1.318313,1.320679,181
838,1.036304,0.919943,0.767195,7.657043,0.332509,1.000664,0.906546,0.980857,0.439066,1.339185,1.337666,182
732,1.037072,0.904716,0.777242,6.621371,0.318566,0.999415,0.957134,0.997338,0.434195,1.290697,1.317710,183
915,1.037250,0.887352,0.794458,6.070516,0.335042,0.995162,0.944023,1.015567,0.395534,1.309546,1.311141,184
494,1.039501,0.901445,0.787754,6.683238,0.319073,0.999324,0.946497,1.007139,0.433909,1.295009,1.314067,185
571,1.039604,0.911695,0.778985,6.254238,0.347450,1.018838,1.026222,0.990249,0.392219,1.353851,1.331651,186
162,1.039698,0.884627,0.801299,6.696831,0.303037,0.999166,0.935481,0.997408,0.471518,1.275638,1.315787,187
321,1.039849,0.887689,0.796492,5.826266,0.311332,1.011110,1.041409,1.002273,0.436624,1.269040,1.306206,188
483,1.040080,0.891389,0.804231,7.190822,0.317846,1.008833,0.996874,1.001489,0.435216,1.297508,1.313076,189
167,1.040401,0.907761,0.786640,7.798995,0.316279,0.998644,0.969074,1.032622,0.420910,1.283463,1.287150,190
584,1.040970,0.954584,0.761341,7.692095,0.312596,0.989260,0.987250,1.057889,0.400325,1.232869,1.267969,191
445,1.041100,0.895292,0.795869,7.876101,0.327851,0.997349,0.964791,0.998154,0.411302,1.273976,1.338520,192
695,1.041174,0.912188,0.774599,6.720640,0.308459,1.005684,1.009486,1.016801,0.437939,1.267003,1.297189,193
214,1.041629,0.878578,0.809781,8.420377,0.308650,0.993701,0.942285,1.030907,0.437590,1.264609,1.293111,194
973,1.043713,0.911985,0.775891,6.201953,0.331876,1.001972,0.961902,1.028229,0.401955,1.309223,1.308550,195
216,1.044473,0.886947,0.818158,7.246762,0.352284,1.021240,0.980695,0.977827,0.409187,1.378394,1.360098,196
740,1.044476,0.934243,0.770098,6.378106,0.335380,0.999835,0.934417,0.988728,0.417567,1.297944,1.360516,197
471,1.044767,0.908982,0.787489,8.376091,0.305316,1.007996,0.995472,1.033335,0.446813,1.280002,1.284360,198
18,1.045346,0.930724,0.778704,6.766825,0.353874,1.010156,0.914820,0.959866,0.422637,1.359630,1.393828,199
278,1.045615,0.917663,0.785040,7.840931,0.344175,1.007078,0.919205,0.986147,0.421504,1.345806,1.362728,200
271,1.047178,0.916402,0.787512,6.432124,0.294793,1.002432,0.986440,1.050253,0.455569,1.248044,1.271853,201
887,1.047493,0.884468,0.808904,6.562402,0.315585,1.004524,0.983037,1.050164,0.421885,1.284512,1.283023,202
58,1.047547,0.942762,0.773360,7.564147,0.358033,1.013475,0.906690,0.972287,0.419611,1.384298,1.384490,203
854,1.047678,0.908189,0.801901,7.290808,0.368519,1.023810,0.948505,0.936948,0.416207,1.395245,1.422145,204
349,1.047986,0.892042,0.807768,6.090926,0.320776,1.010833,1.029020,1.052419,0.407122,1.286357,1.279247,205
1007,1.048005,0.919445,0.788136,7.332885,0.349102,1.022242,0.923320,0.960453,0.450185,1.392888,1.384361,206
460,1.048017,0.937720,0.771142,7.368959,0.334810,1.006896,0.867237,0.959189,0.477359,1.339615,1.391079,207
568,1.048495,0.911488,0.796300,6.634851,0.322013,1.009421,0.962172,1.028056,0.432671,1.314427,1.309777,208
682,1.048778,0.905487,0.805544,7.256870,0.354140,1.016629,0.967286,0.986853,0.399256,1.359662,1.370090,209
809,1.050424,0.938650,0.786947,6.942302,0.364811,1.022826,0.916365,0.943960,0.433315,1.400933,1.419556,210
40,1.050502,0.918047,0.794649,6.647506,0.324943,1.010513,0.972485,1.006001,0.433193,1.297401,1.343483,211
923,1.050650,0.918162,0.789971,6.455888,0.339394,1.013400,1.025062,1.020289,0.388078,1.298866,1.334707,212
613,1.050946,0.909313,0.806018,7.178705,0.327674,1.006061,0.915393,0.981103,0.455415,1.301533,1.376863,213
1004,1.051339,0.896582,0.816485,6.830355,0.331731,1.008542,0.953734,1.023839,0.418188,1.316217,1.330731,214
95,1.051586,0.956951,0.761658,7.336078,0.368362,1.025315,0.933538,0.942358,0.423932,1.400990,1.425758,215
697,1.051863,0.900460,0.805481,7.438756,0.332169,1.014982,0.992234,1.025199,0.413085,1.318937,1.325453,216
250,1.052092,0.910662,0.805104,9.436349,0.341707,1.012495,0.952595,1.007595,0.412993,1.335779,1.353512,217
301,1.052821,0.918040,0.802923,7.110211,0.343871,1.020778,0.911776,0.951935,0.467324,1.365177,1.407679,218
891,1.052937,0.902491,0.810222,6.303311,0.314297,1.014441,0.939645,0.998921,0.476078,1.311127,1.346435,219
328,1.053538,0.899010,0.804003,6.594960,0.287402,1.023865,1.083478,1.055202,0.473534,1.247156,1.259958,220
709,1.053928,0.901290,0.812724,6.714899,0.328718,1.019126,0.938921,0.985500,0.463787,1.339233,1.368189,221
533,1.054616,0.897445,0.811163,7.396008,0.314947,1.010252,1.012085,1.055964,0.421234,1.268194,1.293781,222
408,1.054814,0.936097,0.780415,8.118863,0.309071,1.013731,0.985450,1.038283,0.451649,1.286315,1.306958,223
22,1.054854,0.928226,0.794912,6.328853,0.309593,1.004388,0.968519,1.047337,0.439297,1.260038,1.306749,224
168,1.055063,0.931808,0.801274,7.475638,0.353547,1.033591,0.944295,0.950083,0.458702,1.405149,1.409727,225
575,1.055341,0.935496,0.794863,6.989442,0.327189,1.024223,1.000343,1.004068,0.442584,1.325935,1.348185,226
198,1.055731,0.903074,0.815768,6.070798,0.338753,1.020032,0.998599,1.035097,0.404100,1.337580,1.324785,227
474,1.056509,0.913995,0.806489,8.387629,0.319849,1.012126,1.035737,1.074022,0.403612,1.267608,1.279649,228
156,1.056933,0.939201,0.791309,7.370270,0.378150,1.025794,0.841797,0.942643,0.456375,1.449353,1.438803,229
610,1.057271,0.937249,0.776221,6.158217,0.319835,1.009256,1.022475,1.092601,0.399016,1.269752,1.262433,230
622,1.058069,0.904257,0.829560,7.173992,0.325810,1.024266,0.970287,0.998302,0.459526,1.331938,1.361279,231
1014,1.058118,0.907886,0.824335,7.574553,0.351867,1.019074,0.958240,1.010624,0.402589,1.355395,1.368522,232
366,1.059008,0.907761,0.819547,7.322346,0.341755,1.028782,0.997379,0.986522,0.432259,1.343941,1.383813,233
293,1.059159,0.913388,0.807992,7.081897,0.329038,1.017951,1.002123,1.013003,0.425689,1.290031,1.358910,234
796,1.059280,0.932255,0.800543,6.994479,0.318366,1.027039,1.024900,1.029730,0.445649,1.311416,1.323498,235
729,1.059369,0.931005,0.793886,7.415530,0.333283,1.024132,0.978379,1.007735,0.438515,1.336168,1.359860,236
484,1.059458,0.917543,0.805238,6.568490,0.355104,1.035031,0.966509,0.969503,0.439146,1.396784,1.403215,237
813,1.059785,0.907231,0.820509,6.281660,0.320033,1.017837,1.126434,1.118286,0.385035,1.230256,1.229172,238
542,1.059822,0.926872,0.803539,6.639134,0.355469,1.021655,0.983143,1.003016,0.393597,1.344899,1.383619,239
802,1.060351,0.889570,0.827309,6.531479,0.328447,1.028106,1.040912,1.046626,0.418496,1.322193,1.312302,240
453,1.060498,0.919738,0.808704,8.389192,0.342829,1.021630,0.934984,0.971146,0.451600,1.338949,1.411471,241
800,1.060950,0.927239,0.801750,7.002972,0.358313,1.023470,0.942561,0.963614,0.426194,1.355586,1.429394,242
446,1.061199,0.924222,0.800356,8.143516,0.360524,1.034866,0.986756,0.968628,0.420639,1.383326,1.414980,243
50,1.061228,0.921906,0.800821,6.999906,0.329401,1.018722,0.975505,1.023414,0.431944,1.311062,1.351688,244
482,1.061547,0.939932,0.786466,6.457494,0.365418,1.021661,0.897113,0.973756,0.426278,1.388528,1.422627,245
405,1.062263,0.921749,0.809230,7.222720,0.318822,1.011034,0.906512,1.041319,0.461678,1.313630,1.332030,246
206,1.062669,0.925641,0.803805,6.124516,0.334383,1.013986,0.999321,1.073722,0.390917,1.299756,1.306216,247
765,1.062721,0.937241,0.791968,8.499641,0.353546,1.023799,0.972632,1.030280,0.394944,1.364287,1.356852,248
43,1.062727,0.933400,0.795378,7.001782,0.338195,1.030790,0.959008,0.982719,0.460264,1.358564,1.393394,249
798,1.063043,0.921926,0.807112,7.484795,0.330061,1.046642,1.049889,1.012374,0.455528,1.374672,1.340747,250
200,1.063232,0.935505,0.797760,7.889106,0.383139,1.039545,0.920417,0.947111,0.428737,1.452787,1.448673,251
651,1.063400,0.921659,0.806144,6.646591,0.328845,1.034425,1.013574,1.014880,0.448277,1.343724,1.351670,252
564,1.064064,0.924871,0.813847,7.134633,0.373089,1.030380,0.929902,0.959067,0.419343,1.399246,1.444344,253
27,1.064064,0.923214,0.824998,7.464707,0.347385,1.038579,0.985336,0.992749,0.441703,1.389074,1.384033,254
504,1.064926,0.922181,0.812551,6.029715,0.310658,1.030192,1.002098,1.028499,0.473723,1.312317,1.334323,255
711,1.065063,0.919882,0.820322,7.181886,0.383996,1.035856,0.907552,0.933126,0.433910,1.430157,1.474533,256
279,1.065225,0.939371,0.796013,6.703431,0.358136,1.035893,0.912926,0.972334,0.460081,1.418900,1.415224,257
766,1.065440,0.927734,0.791409,6.106546,0.323685,1.023281,1.006261,1.059045,0.427037,1.308027,1.316033,258
545,1.065788,0.920610,0.818390,8.761194,0.344858,1.032798,0.959187,0.988594,0.449068,1.368734,1.398405,259
287,1.065848,0.947406,0.787649,8.837646,0.335391,1.021728,0.957813,1.005852,0.440797,1.317892,1.386287,260
823,1.066278,0.951891,0.791606,7.092439,0.355806,1.034048,0.961647,0.990786,0.429033,1.385948,1.402828,261
382,1.066876,0.944505,0.792601,8.341183,0.323599,1.017086,0.977433,1.056620,0.428463,1.293299,1.329616,262
222,1.066980,0.919255,0.810436,6.792718,0.329798,1.022552,0.986492,1.058929,0.421780,1.320564,1.324996,263
756,1.067416,0.911861,0.817189,7.510408,0.319063,1.010640,0.948261,1.085000,0.429598,1.289771,1.300571,264
722,1.067908,0.921845,0.803952,7.074583,0.346947,1.029665,0.989495,1.032673,0.409724,1.355198,1.361235,265
576,1.068142,0.917066,0.813862,6.492076,0.350553,1.037802,1.020616,1.014899,0.411889,1.364796,1.376808,266
684,1.068258,0.945818,0.802817,7.222490,0.395273,1.033983,0.887641,0.930397,0.421401,1.434930,1.495547,267
607,1.069252,0.936817,0.805505,6.779081,0.335934,1.028246,0.978557,1.015560,0.438576,1.328415,1.380121,268
207,1.069263,0.914571,0.826226,8.069155,0.332111,1.030524,0.966382,1.008473,0.457359,1.337886,1.382519,269
263,1.069365,0.923038,0.814321,6.618328,0.333672,1.034036,1.007559,1.020495,0.439254,1.334856,1.368017,270
52,1.069489,0.915669,0.821342,7.037102,0.341460,1.044883,0.983220,0.988814,0.466930,1.390445,1.395008,271
72,1.069518,0.924462,0.813682,7.467871,0.370091,1.037156,0.920178,0.984267,0.431096,1.427893,1.422349,272
903,1.069714,0.915686,0.831346,7.174285,0.311883,1.009460,0.988952,1.096616,0.424101,1.244712,1.292921,273
735,1.069842,0.940477,0.813026,6.723900,0.345029,1.035974,1.018695,1.020052,0.417787,1.348120,1.375215,274
609,1.070271,0.936317,0.815007,6.735544,0.357849,1.037623,1.015460,1.007844,0.403010,1.365280,1.396520,275
959,1.070715,0.948540,0.804306,6.865612,0.345135,1.033898,0.942112,1.004547,0.451769,1.377238,1.393826,276
495,1.071112,0.941387,0.800118,7.171538,0.327082,1.031071,1.061352,1.077433,0.411193,1.297939,1.307441,277
68,1.071278,0.931922,0.808195,7.528318,0.334343,1.042875,1.029137,1.026106,0.443047,1.357477,1.358607,278
724,1.071555,0.945281,0.801561,7.066815,0.348306,1.042201,1.038097,1.023870,0.414054,1.363199,1.371785,279
208,1.071574,0.919652,0.822298,6.481505,0.332892,1.038019,0.977407,1.021851,0.459083,1.365072,1.366681,280
31,1.071835,0.940470,0.810380,6.895139,0.299457,1.016677,1.022206,1.108238,0.445031,1.236962,1.270949,281
587,1.072153,0.938035,0.814177,7.139316,0.357054,1.042447,0.980271,1.003672,0.428706,1.400491,1.399094,282
877,1.072195,0.928606,0.820868,7.412895,0.328728,1.035112,1.010361,1.038571,0.442579,1.331996,1.352052,283
789,1.072914,0.906382,0.834133,6.699974,0.340045,1.035438,0.999887,1.036739,0.426947,1.351092,1.362528,284
330,1.073044,0.957294,0.795901,7.806973,0.379506,1.037245,0.887469,0.970435,0.437378,1.438655,1.452285,285
619,1.073565,0.921656,0.828357,6.977720,0.322540,1.032516,1.039130,1.084053,0.426445,1.310279,1.302673,286
862,1.074158,0.917783,0.832213,6.894456,0.367260,1.044114,0.991713,1.023184,0.400729,1.417125,1.387821,287
473,1.074545,0.945855,0.798967,7.084620,0.345557,1.034052,0.984008,1.000278,0.435910,1.335697,1.414368,288
436,1.074633,0.890838,0.847544,6.132468,0.306161,1.026086,0.952330,1.055865,0.486234,1.302546,1.333456,289
889,1.075075,0.929760,0.816282,6.874903,0.334887,1.034108,0.990438,1.041125,0.436358,1.340083,1.362536,290
730,1.075105,0.943009,0.809877,6.940170,0.318482,1.027600,1.004586,1.048580,0.448705,1.283962,1.352166,291
918,1.075135,0.923627,0.822217,6.324766,0.341246,1.046642,1.046441,1.027839,0.430236,1.358882,1.369812,292
604,1.076057,0.931374,0.813953,6.220562,0.319263,1.021725,1.033716,1.090653,0.416918,1.254255,1.313082,293
719,1.076727,0.966476,0.802543,7.930733,0.382629,1.040324,0.950338,0.963399,0.409942,1.401605,1.476335,294
392,1.076887,0.931241,0.812089,6.873222,0.363174,1.047155,0.982783,1.014489,0.420724,1.417458,1.400319,295
254,1.077272,0.944158,0.815559,8.492717,0.345583,1.049121,0.984651,0.973641,0.474443,1.377434,1.435435,296
376,1.077502,0.937952,0.813416,7.069026,0.323013,1.035693,1.052159,1.071221,0.430285,1.296547,1.328252,297
218,1.077686,0.978156,0.795911,7.667136,0.375052,1.057491,0.985642,0.968513,0.437002,1.446041,1.450255,298
241,1.078099,0.954685,0.801625,8.892766,0.359123,1.034974,0.958242,0.996999,0.425014,1.359258,1.435357,299
467,1.078310,0.924666,0.829803,7.994318,0.373608,1.054055,0.970613,0.981937,0.433762,1.444623,1.439338,300
546,1.078927,0.944697,0.814342,7.103554,0.340922,1.043288,1.064961,1.071375,0.405387,1.339545,1.335170,301
696,1.079134,0.988144,0.784944,7.913253,0.382678,1.040767,0.931160,0.973687,0.414741,1.413696,1.470551,302
505,1.079476,0.933969,0.819988,7.116276,0.366034,1.046036,0.997909,0.999317,0.413560,1.388714,1.430678,303
517,1.079551,0.930164,0.822646,6.628226,0.349042,1.050632,1.012065,1.027396,0.435737,1.394758,1.383205,304
307,1.079964,0.942293,0.818215,8.237494,0.313513,1.043538,1.055791,1.035591,0.471374,1.291185,1.363752,305
233,1.080332,0.964149,0.805078,7.367201,0.391123,1.039628,0.943551,0.979284,0.388562,1.410917,1.475828,306
336,1.080573,0.932582,0.822488,6.900354,0.334949,1.041383,0.964780,1.024547,0.466174,1.361715,1.389700,307
914,1.080732,0.931951,0.830203,7.728875,0.375272,1.045952,0.886295,0.995679,0.452052,1.460902,1.434833,308
240,1.081106,0.964202,0.798188,7.632545,0.354314,1.047020,0.960931,1.007074,0.449616,1.401319,1.416160,309
934,1.081253,0.952224,0.804064,7.113032,0.338049,1.057609,1.078490,1.044152,0.438333,1.370012,1.357056,310
165,1.081961,0.925479,0.830551,7.774226,0.342340,1.035072,0.990179,1.074699,0.413724,1.347804,1.348956,311
348,1.082044,0.952650,0.815911,7.770974,0.355708,1.039830,0.932142,1.006953,0.447661,1.385551,1.426840,312
11,1.082373,0.935080,0.819772,7.747802,0.322226,1.045031,1.053558,1.070767,0.445992,1.321046,1.333791,313
300,1.082477,0.942970,0.825143,8.621176,0.363743,1.048698,1.008629,1.020691,0.409358,1.392901,1.411911,314
628,1.082991,0.932998,0.823437,6.899684,0.325078,1.041380,1.049572,1.062374,0.439221,1.304121,1.351609,315
368,1.083286,0.925780,0.835824,7.400155,0.339598,1.052237,0.996195,1.013561,0.468044,1.380328,1.403057,316
913,1.083790,0.951135,0.813401,6.734901,0.367166,1.047033,1.004470,1.030103,0.398209,1.393196,1.409187,317
664,1.083991,0.945951,0.812474,7.237332,0.342791,1.046183,1.007968,1.049424,0.433005,1.366871,1.373643,318
718,1.084411,0.937650,0.821202,7.744049,0.344436,1.039688,0.935675,1.021560,0.460634,1.369152,1.411417,319
82,1.085190,0.937457,0.822168,6.712188,0.331308,1.061092,1.055217,1.015651,0.475197,1.364984,1.394413,320
125,1.085204,0.940535,0.826006,7.247692,0.348027,1.044644,1.018252,1.053608,0.415621,1.357481,1.378258,321
614,1.085321,0.953339,0.810367,7.086512,0.319001,1.033957,0.972504,1.048239,0.471700,1.299956,1.377382,322
291,1.085393,0.943267,0.824680,6.993807,0.323099,1.031966,1.087542,1.140246,0.401136,1.256156,1.274748,323
882,1.085616,0.958273,0.805622,6.527094,0.328368,1.049408,1.086459,1.105141,0.423274,1.329789,1.302377,324
451,1.086266,0.937801,0.835720,7.259059,0.348631,1.047564,0.987741,1.032788,0.439044,1.376895,1.401352,325
327,1.086469,0.979101,0.795482,7.005694,0.342371,1.032797,0.931015,1.043410,0.446047,1.343889,1.399626,326
845,1.086483,0.938128,0.832044,6.650565,0.349632,1.053915,0.989727,1.010878,0.456673,1.391902,1.420395,327
907,1.086716,0.945021,0.822524,7.435795,0.399551,1.053457,0.914311,0.972231,0.417020,1.473703,1.490022,328
858,1.087138,0.949073,0.821523,6.731899,0.356794,1.057771,1.040715,1.028179,0.422922,1.391907,1.405135,329
812,1.087476,0.929642,0.845530,7.067417,0.330953,1.043374,1.039236,1.056926,0.437266,1.309647,1.373796,330
911,1.087744,0.918162,0.844654,7.146987,0.309607,1.043773,0.981888,1.052580,0.499600,1.321225,1.363573,331
801,1.088188,0.934867,0.836351,6.251733,0.330766,1.037801,0.972487,1.063748,0.450503,1.330927,1.371340,332
864,1.088590,0.921145,0.841486,7.587586,0.348544,1.049980,0.994379,1.052631,0.433397,1.386246,1.383247,333
960,1.089057,0.963659,0.807402,6.925499,0.406188,1.066153,0.939778,0.975376,0.415348,1.516076,1.484188,334
518,1.089310,0.921495,0.847907,6.315014,0.355053,1.060093,1.054014,1.072057,0.410627,1.406640,1.357129,335
220,1.089840,0.956394,0.827650,7.261066,0.337621,1.050982,0.974158,1.050107,0.464771,1.384754,1.381120,336
835,1.089916,0.943264,0.837388,7.022142,0.308221,1.044217,1.019429,1.081746,0.478790,1.304176,1.336946,337
229,1.089978,0.926075,0.844829,6.224917,0.340518,1.045247,0.989354,1.051764,0.442498,1.353177,1.389441,338
105,1.090230,0.930432,0.837719,7.754991,0.341654,1.053354,1.028893,1.051621,0.438862,1.363820,1.383574,339
1012,1.090255,0.927860,0.848937,7.220161,0.336381,1.074661,1.117384,1.047444,0.456968,1.388637,1.362875,340
873,1.090526,0.930281,0.835723,5.974168,0.330617,1.048040,1.042288,1.084266,0.435226,1.332434,1.345985,341
754,1.090723,0.978004,0.816173,7.610281,0.358598,1.057344,1.009780,1.021935,0.433445,1.397302,1.424258,342
702,1.091092,0.927610,0.840506,6.761725,0.344960,1.054643,1.003826,1.040459,0.448803,1.381551,1.398578,343
777,1.091094,0.968216,0.818532,8.236778,0.358571,1.047458,1.012517,1.027643,0.413954,1.352370,1.430806,344
343,1.091678,0.978734,0.808501,6.770188,0.400082,1.056492,0.922982,0.981052,0.413399,1.471256,1.493772,345
992,1.091838,0.975527,0.816220,7.356624,0.372500,1.050218,0.926508,0.977473,0.454067,1.403650,1.489393,346
412,1.091971,0.950128,0.824640,10.283942,0.343469,1.056473,1.016230,1.052057,0.445500,1.383060,1.385516,347
646,1.092118,1.005158,0.804911,6.795254,0.317545,1.040995,1.043743,1.117438,0.439527,1.292841,1.311426,348
966,1.092372,0.917941,0.857375,8.249421,0.328466,1.042640,1.068506,1.126714,0.412891,1.298908,1.306182,349
418,1.093002,0.954449,0.821240,7.047041,0.378902,1.065498,0.912986,0.986056,0.474434,1.487602,1.466413,350
558,1.093092,0.956690,0.829509,7.291095,0.349084,1.041235,0.939388,1.024694,0.453407,1.351103,1.437581,351
296,1.093167,0.941857,0.832637,6.996004,0.341823,1.043872,0.984187,1.070081,0.433662,1.350845,1.380586,352
998,1.093283,0.932570,0.849329,7.026889,0.356312,1.052009,0.989809,1.011975,0.441783,1.368569,1.447907,353
669,1.093644,0.943026,0.835683,8.128683,0.356584,1.059087,1.000842,1.030256,0.440622,1.403342,1.420375,354
118,1.094310,0.943094,0.836452,7.481911,0.352617,1.054275,0.991168,1.043977,0.438124,1.388619,1.409488,355
685,1.094393,0.929603,0.849865,8.049204,0.355003,1.062563,1.010974,1.023442,0.448362,1.403861,1.426178,356
416,1.094482,0.961057,0.823823,7.240518,0.356600,1.055083,0.960940,1.018570,0.456126,1.401085,1.438693,357
394,1.094634,0.967766,0.815771,7.663726,0.361236,1.048917,0.943247,1.027731,0.440779,1.395162,1.437664,358
561,1.095172,0.966156,0.837084,7.589179,0.339204,1.053734,0.977439,1.042800,0.468341,1.374829,1.405260,359
507,1.095253,0.911697,0.865097,6.573846,0.324988,1.048179,1.150148,1.153342,0.406316,1.256996,1.274092,360
827,1.095347,0.940994,0.836425,6.676421,0.340877,1.066694,1.058998,1.073255,0.445132,1.396342,1.359742,361
525,1.095600,0.930343,0.848507,6.609001,0.326144,1.048920,1.031218,1.113849,0.440727,1.335756,1.323049,362
438,1.095788,0.966316,0.816175,6.834781,0.354718,1.076636,1.016174,1.007550,0.479525,1.448311,1.431618,363
19,1.096413,0.956242,0.828750,6.793999,0.328800,1.058523,1.104815,1.091148,0.435098,1.316003,1.345552,364
549,1.096421,0.941933,0.843043,7.907573,0.343342,1.058940,1.048779,1.061367,0.434916,1.361698,1.387940,365
64,1.096650,0.960224,0.819108,7.267563,0.342055,1.059010,1.036302,1.052286,0.445089,1.363418,1.397957,366
439,1.096758,0.931225,0.851003,9.412884,0.312117,1.051250,1.066882,1.095879,0.463999,1.290985,1.338502,367
617,1.097559,0.960684,0.824692,7.522734,0.383422,1.057980,0.932689,1.007464,0.430431,1.447342,1.471976,368
490,1.097657,0.944197,0.848838,6.475173,0.387708,1.060567,0.938863,0.954121,0.452314,1.425445,1.532094,369
215,1.097723,0.959980,0.834614,8.318281,0.368448,1.060893,0.975733,1.030650,0.432961,1.428459,1.436659,370
731,1.097741,0.945650,0.840885,6.877348,0.352524,1.066012,0.981491,1.010632,0.477963,1.415918,1.444059,371
643,1.097821,0.970548,0.818142,8.120739,0.395761,1.075190,0.996547,0.996019,0.414924,1.491491,1.476966,372
1022,1.097876,0.950908,0.829186,7.367425,0.323746,1.057567,1.083605,1.101930,0.445503,1.321641,1.335154,373
15,1.097878,0.966966,0.818321,6.973647,0.365577,1.078285,1.044101,1.000244,0.454039,1.439612,1.453430,374
543,1.097984,0.997591,0.806570,7.540290,0.395820,1.073858,0.940572,0.974854,0.449962,1.505624,1.498279,375
339,1.098288,0.955335,0.831216,8.097999,0.341798,1.069411,1.012929,1.041875,0.476801,1.414129,1.401323,376
961,1.098626,0.974217,0.817757,7.226923,0.389764,1.057318,0.945006,1.000130,0.414905,1.436827,1.489724,377
102,1.098770,0.957597,0.830397,7.343924,0.369813,1.062533,1.014512,1.045232,0.411128,1.417144,1.424647,378
744,1.099028,0.934557,0.857677,7.348105,0.333345,1.057005,1.035231,1.079684,0.448751,1.350751,1.370610,379
56,1.099294,0.962520,0.831362,9.419405,0.345621,1.060779,1.041383,1.056168,0.438439,1.365459,1.402445,380
481,1.099545,0.976098,0.817325,7.169172,0.377045,1.062010,0.978041,1.012576,0.426029,1.425837,1.467569,381
872,1.099581,0.944834,0.837838,6.555171,0.327147,1.058610,1.152590,1.123421,0.420828,1.280611,1.315600,382
480,1.100092,0.954311,0.837029,7.179764,0.319045,1.059934,1.117949,1.108770,0.447628,1.296298,1.329026,383
39,1.100132,0.942856,0.839061,7.050516,0.325272,1.059174,1.150467,1.132757,0.423404,1.285026,1.304217,384
111,1.100304,0.982625,0.820252,8.839316,0.355502,1.066077,0.978877,1.031285,0.464806,1.425061,1.430354,385
860,1.100914,0.942292,0.852320,6.532027,0.355237,1.068278,1.113848,1.092897,0.398559,1.372706,1.363378,386
750,1.100986,0.978978,0.818544,7.051497,0.349773,1.071495,1.034823,1.035280,0.459573,1.406106,1.421690,387
892,1.101166,0.960763,0.834418,7.211748,0.370695,1.066199,0.990610,1.036438,0.429614,1.437063,1.437268,388
751,1.101614,0.981498,0.816518,8.370265,0.380008,1.055015,0.932385,1.002228,0.434891,1.412716,1.492853,389
74,1.101899,0.974241,0.823749,6.820585,0.375972,1.070819,1.005257,1.045659,0.418588,1.457252,1.427342,390
649,1.101973,0.961926,0.840456,8.157291,0.369928,1.077880,1.070656,1.017284,0.427925,1.421492,1.452042,391
662,1.102735,1.030772,0.780245,7.518610,0.431492,1.073387,0.913512,0.920844,0.426447,1.511936,1.594196,392
818,1.102767,0.952345,0.843493,6.837923,0.342269,1.059818,0.981085,1.034226,0.476366,1.372471,1.434944,393
870,1.103046,0.955140,0.844898,8.622744,0.350933,1.072587,1.034958,1.034793,0.459630,1.405037,1.428517,394
706,1.103361,0.950714,0.842960,6.776087,0.336097,1.065693,1.041317,1.071270,0.458807,1.370465,1.386607,395
239,1.103506,0.955081,0.842895,7.774405,0.348190,1.064475,1.028244,1.056915,0.444683,1.380477,1.412056,396
391,1.103625,0.973702,0.828315,6.487996,0.375667,1.068124,1.066776,1.072393,0.381295,1.411983,1.408175,397
177,1.104217,0.941335,0.852238,6.608778,0.360213,1.068041,1.038956,1.061416,0.422973,1.404214,1.412647,398
890,1.104472,1.091577,0.773661,9.041814,0.340909,1.054907,1.202661,1.194755,0.374733,1.248825,1.253563,399
743,1.105672,0.987933,0.814982,7.112462,0.410489,1.081322,1.013026,0.960761,0.409837,1.477456,1.545532,400
665,1.105823,0.958897,0.844761,8.936714,0.336172,1.067084,1.070742,1.091598,0.444445,1.358412,1.370223,401
277,1.105934,1.005829,0.802887,6.752308,0.458288,1.073808,0.867646,0.908567,0.409575,1.553834,1.629419,402
267,1.106010,0.979409,0.832245,7.862206,0.380661,1.069177,0.984342,1.024152,0.424802,1.443069,1.469520,403
75,1.106136,0.956229,0.847172,6.889524,0.345739,1.059909,1.088869,1.084766,0.413513,1.318663,1.393736,404
314,1.106300,0.951541,0.853602,7.588400,0.349422,1.068349,1.033706,1.077008,0.439843,1.397162,1.394024,405
249,1.106453,0.966261,0.839772,6.834805,0.404241,1.075218,0.962012,1.012509,0.408193,1.504166,1.489209,406
755,1.106954,0.996084,0.815149,7.150665,0.327833,1.063391,1.176676,1.144806,0.418563,1.268451,1.308458,407
90,1.107436,0.964731,0.835013,7.062810,0.392888,1.085266,0.971781,1.008605,0.446260,1.521940,1.477741,408
737,1.107474,0.979486,0.827090,7.094425,0.366313,1.063134,0.978279,1.062498,0.427679,1.419077,1.428137,409
928,1.107710,0.942524,0.848874,7.674057,0.353460,1.066253,0.971026,1.059525,0.461442,1.419133,1.420139,410
674,1.109025,0.974895,0.827702,10.511482,0.341521,1.061097,1.008472,1.103333,0.443489,1.375818,1.374373,411
421,1.109248,0.973328,0.826852,7.992830,0.346188,1.073408,0.980037,1.044453,0.489867,1.422559,1.430124,412
694,1.109718,0.962920,0.844096,7.889853,0.360059,1.082775,1.038602,1.027486,0.462878,1.432585,1.452322,413
359,1.109757,0.965510,0.843905,7.046180,0.397317,1.082030,0.962215,0.987793,0.445964,1.498774,1.515403,414
676,1.109792,0.962401,0.837971,6.844652,0.347677,1.064788,0.992688,1.069312,0.456265,1.390132,1.415542,415
81,1.109941,0.956868,0.853022,7.627565,0.342453,1.073869,1.060345,1.088140,0.448603,1.388838,1.383418,416
936,1.109960,0.968569,0.847171,8.494817,0.391293,1.072283,0.969126,0.988791,0.435402,1.443928,1.524171,417
537,1.110092,0.941428,0.854270,6.802225,0.328892,1.065532,1.064738,1.125842,0.447922,1.348746,1.340411,418
734,1.110660,0.940956,0.865622,6.569607,0.371767,1.070507,0.992730,1.057032,0.426617,1.435721,1.440436,419
635,1.110772,0.985556,0.832017,7.590603,0.366454,1.075724,0.976181,1.007597,0.475320,1.432967,1.486557,420
410,1.110970,0.966411,0.851280,7.697770,0.378103,1.090405,0.982193,1.017702,0.474589,1.513209,1.464332,421
671,1.111377,0.946401,0.859985,6.931125,0.337455,1.068952,1.033186,1.079747,0.462281,1.369792,1.399752,422
712,1.111465,0.959510,0.850058,6.577608,0.350658,1.076420,1.137393,1.111564,0.408371,1.360457,1.364316,423
990,1.111485,0.954587,0.857333,7.221099,0.337341,1.070785,1.059551,1.110585,0.446482,1.374998,1.362308,424
309,1.112234,0.974568,0.843155,6.838204,0.347889,1.078411,1.088338,1.087526,0.437068,1.388394,1.390728,425
937,1.112477,0.990413,0.827551,7.111526,0.375465,1.064977,0.962629,1.041636,0.429993,1.419500,1.471129,426
946,1.112947,0.967531,0.846719,7.873610,0.346474,1.079371,1.034047,1.058899,0.470833,1.410713,1.422362,427
115,1.112953,0.960236,0.841816,7.071263,0.347803,1.062475,1.086678,1.126037,0.402298,1.332111,1.365250,428
512,1.113038,0.967998,0.848555,6.852196,0.327044,1.071702,1.111764,1.117964,0.449506,1.326673,1.352601,429
699,1.113491,0.977922,0.843634,7.961276,0.373374,1.083825,0.977323,0.995768,0.483150,1.459819,1.503064,430
927,1.113729,0.972713,0.838691,7.412184,0.349493,1.067825,1.056378,1.104367,0.422356,1.368052,1.387971,431
659,1.114280,0.977470,0.844829,7.575683,0.397605,1.083675,0.939279,1.010467,0.449907,1.518310,1.500410,432
23,1.114687,0.956040,0.858560,8.500851,0.335684,1.080367,1.131355,1.102149,0.446023,1.349564,1.372746,433
841,1.114732,0.996909,0.831020,8.356919,0.335289,1.068694,1.086490,1.096916,0.443385,1.325335,1.391346,434
380,1.115220,0.955047,0.860798,10.797796,0.322138,1.073550,1.115625,1.150409,0.452926,1.333531,1.315260,435
166,1.115810,0.977697,0.847888,7.462311,0.347096,1.061261,1.030702,1.101889,0.426483,1.344303,1.402930,436
866,1.115924,0.973997,0.841310,7.165413,0.381597,1.078411,0.962163,1.023260,0.451737,1.464354,1.490542,437
778,1.116384,0.973305,0.846878,7.084644,0.326095,1.073432,1.046643,1.085313,0.484135,1.352868,1.398202,438
325,1.116744,0.947700,0.864152,8.161920,0.353569,1.064145,0.996001,1.049941,0.452818,1.356692,1.465275,439
820,1.117023,0.983471,0.834787,7.441290,0.378179,1.068231,0.956419,1.040558,0.434739,1.424961,1.484478,440
372,1.117645,0.954341,0.857915,7.269036,0.336962,1.077640,1.046072,1.095030,0.467909,1.386669,1.392519,441
13,1.117883,0.984471,0.845124,7.438185,0.335692,1.082973,1.150286,1.112705,0.442599,1.341435,1.367840,442
469,1.117918,0.959399,0.860140,8.260389,0.341631,1.086667,1.089674,1.071099,0.467468,1.389525,1.415569,443
878,1.117980,0.974340,0.851526,7.025764,0.343786,1.076990,1.039507,1.088142,0.459094,1.391888,1.406321,444
668,1.118053,0.973157,0.834930,6.875486,0.357606,1.066077,1.028089,1.103734,0.415053,1.374660,1.408849,445
204,1.118078,0.981939,0.848186,8.976026,0.359568,1.088850,1.072707,1.057073,0.449437,1.424991,1.440040,446
190,1.118650,0.970094,0.853559,7.633513,0.364747,1.093521,1.080537,1.051023,0.447591,1.441683,1.446770,447
226,1.119234,0.939697,0.872253,6.852631,0.307652,1.064029,1.039553,1.120936,0.495268,1.299796,1.364590,448
86,1.119685,0.986116,0.844390,7.301854,0.420654,1.100856,0.962771,1.019635,0.426176,1.594153,1.501544,449
514,1.119736,0.998897,0.839708,7.815830,0.359256,1.076861,1.029566,1.054833,0.447428,1.392425,1.460052,450
658,1.120068,0.965024,0.852590,7.537410,0.346875,1.083517,1.016240,1.075110,0.478881,1.426262,1.421090,451
361,1.121027,0.960478,0.859900,8.188839,0.330705,1.080716,1.092384,1.110959,0.464004,1.357074,1.379161,452
515,1.121170,0.964830,0.852561,7.209733,0.354122,1.083338,1.021488,1.071668,0.464306,1.425405,1.433822,453
836,1.121657,0.975572,0.844002,8.065294,0.362542,1.074292,0.990415,1.083990,0.441695,1.420329,1.435033,454
807,1.122310,0.963202,0.858197,8.176641,0.348616,1.085563,1.098550,1.093062,0.442629,1.383456,1.410117,455
547,1.122371,0.958858,0.856571,6.946432,0.363415,1.077151,1.041008,1.091763,0.421835,1.402701,1.428449,456
390,1.122795,0.957738,0.861853,7.563763,0.330153,1.070170,0.994099,1.096540,0.488645,1.362045,1.409521,457
342,1.122887,0.974641,0.856182,7.560762,0.368013,1.092305,0.998686,1.032086,0.481865,1.468083,1.480805,458
283,1.123157,0.982625,0.843761,6.982182,0.373477,1.091456,1.034083,1.042061,0.449986,1.453800,1.477351,459
230,1.123871,1.007004,0.838436,7.799129,0.362064,1.092970,1.035608,1.027997,0.479753,1.434409,1.487084,460
753,1.123890,0.964134,0.861583,7.435562,0.354341,1.079344,1.008342,1.078171,0.460184,1.410629,1.439394,461
544,1.123932,0.963141,0.860232,6.383554,0.366689,1.081573,1.039332,1.091088,0.424134,1.422282,1.431030,462
318,1.124531,0.981184,0.856868,6.937890,0.341699,1.070415,0.975428,1.096248,0.476055,1.383312,1.421031,463
84,1.125281,1.013029,0.830259,9.648417,0.359896,1.086086,1.016488,1.085138,0.455858,1.441473,1.431473,464
88,1.125399,0.983223,0.852520,7.261466,0.385935,1.092597,0.939794,1.020369,0.484829,1.510524,1.507470,465
237,1.125581,0.994809,0.844474,7.483624,0.347297,1.071215,1.047067,1.117020,0.432160,1.353340,1.406489,466
20,1.125766,0.957807,0.871554,7.322507,0.346154,1.083195,1.138911,1.133881,0.420936,1.347642,1.374607,467
594,1.126245,0.982892,0.855904,7.176289,0.348722,1.085264,1.105094,1.132722,0.428351,1.383819,1.376334,468
173,1.127105,1.003086,0.846820,7.714388,0.364370,1.080301,0.985686,1.078745,0.453289,1.431091,1.452694,469
875,1.127226,0.988182,0.849572,7.634215,0.349440,1.091781,1.035334,1.073874,0.481405,1.429214,1.439076,470
656,1.127251,1.005461,0.834286,7.984797,0.417391,1.095970,0.981165,0.995402,0.423259,1.518828,1.561196,471
493,1.127680,0.962020,0.874622,7.310297,0.389019,1.084346,0.991175,1.059612,0.420098,1.463525,1.487316,472
839,1.127795,1.005840,0.839147,7.029864,0.378546,1.093166,0.966034,1.032594,0.480035,1.488180,1.498985,473
832,1.127926,0.977572,0.855895,7.902714,0.338999,1.091402,1.043714,1.092061,0.489779,1.416689,1.414767,474
203,1.128495,0.979532,0.857487,8.030262,0.358744,1.102450,1.047325,1.038999,0.493120,1.455964,1.476839,475
708,1.129670,0.982493,0.855527,7.431201,0.379581,1.098833,1.084136,1.061859,0.424363,1.450222,1.473587,476
131,1.129685,1.017284,0.837584,8.751266,0.364134,1.096861,1.024650,1.053667,0.476379,1.457014,1.472598,477
389,1.129721,0.964311,0.873012,7.773031,0.333411,1.080366,0.953697,1.083672,0.524660,1.406086,1.433713,478
288,1.130268,0.984222,0.858667,7.892591,0.364892,1.091328,1.011493,1.073956,0.462475,1.451351,1.457367,479
620,1.130359,0.974199,0.861575,9.141003,0.389476,1.098687,1.027183,1.043864,0.436079,1.486821,1.499490,480
25,1.131095,0.990649,0.856829,7.054564,0.382803,1.099472,0.983998,1.055039,0.465585,1.512433,1.480306,481
667,1.131180,0.961148,0.875383,7.419262,0.345196,1.080987,1.089196,1.146093,0.429630,1.360979,1.379036,482
746,1.131231,0.975863,0.857524,7.257257,0.326294,1.080670,1.104926,1.166117,0.455102,1.333293,1.343914,483
154,1.131235,0.986810,0.862476,10.009625,0.421445,1.106941,0.993936,1.014359,0.421612,1.562385,1.542412,484
191,1.131272,0.960136,0.879136,7.782358,0.372145,1.098840,1.062329,1.071323,0.442449,1.455838,1.462260,485
486,1.131609,1.012561,0.823511,6.728230,0.412233,1.106307,0.997177,0.988062,0.449191,1.528253,1.568853,486
703,1.132117,1.030372,0.835223,8.358826,0.377532,1.101591,1.004462,1.014672,0.488121,1.474883,1.525820,487
403,1.132193,0.963120,0.878704,8.078922,0.386407,1.096030,1.055161,1.062182,0.417888,1.457257,1.487661,488
958,1.132280,0.985140,0.859522,7.483620,0.363370,1.083474,1.021368,1.098570,0.438381,1.414423,1.444628,489
983,1.132779,1.016530,0.832354,8.230873,0.394597,1.085479,0.914780,1.041926,0.458399,1.492918,1.519371,490
502,1.133015,0.981978,0.870286,7.098222,0.376926,1.088743,1.002923,1.032932,0.458481,1.425980,1.523400,491
428,1.133093,1.017972,0.841336,8.912849,0.376600,1.090047,1.063829,1.096328,0.409681,1.427972,1.452427,492
776,1.133274,0.985646,0.853309,7.150888,0.367431,1.081476,0.954797,1.064418,0.471043,1.429622,1.487500,493
623,1.133375,1.016826,0.833733,7.563635,0.408683,1.096019,0.960805,1.018408,0.438896,1.513833,1.548149,494
352,1.133653,1.037680,0.815315,7.441864,0.370014,1.089952,1.115798,1.123941,0.396098,1.394563,1.419359,495
797,1.133664,0.964241,0.875787,7.115516,0.356768,1.093327,1.061337,1.081510,0.458016,1.410178,1.455595,496
1020,1.133836,0.988290,0.855675,7.219827,0.364375,1.091533,1.047494,1.081701,0.446178,1.420284,1.462006,497
303,1.134035,0.995838,0.847914,6.941403,0.326505,1.083074,1.076044,1.151655,0.469904,1.350097,1.367671,498
1011,1.134039,0.998411,0.853138,7.940257,0.398640,1.107252,0.973102,1.015266,0.475027,1.538569,1.534298,499
150,1.134097,0.976535,0.865928,6.718387,0.333151,1.079712,1.049063,1.153160,0.461047,1.362329,1.372959,500
567,1.135263,0.997075,0.861943,8.347118,0.375745,1.105838,1.100103,1.056519,0.440345,1.443943,1.488278,501
935,1.135266,0.955776,0.884861,7.673033,0.346992,1.104299,1.081228,1.071977,0.490859,1.423498,1.453932,502
42,1.136094,1.003114,0.848611,8.049742,0.394374,1.106039,1.000381,1.023931,0.462586,1.510348,1.532950,503
926,1.136738,1.003669,0.846531,7.415372,0.346554,1.089144,1.090791,1.115351,0.448611,1.365171,1.425797,504
760,1.136999,0.992494,0.873201,7.735959,0.376622,1.099363,1.062834,1.083625,0.430462,1.450828,1.469069,505
435,1.137563,1.004593,0.847802,7.216631,0.330408,1.081034,1.096520,1.196658,0.444894,1.337839,1.329261,506
94,1.137795,1.003286,0.842663,6.839018,0.354787,1.097178,1.060577,1.123364,0.454064,1.433847,1.414040,507
1013,1.137882,0.962139,0.890349,7.710278,0.350727,1.099608,1.058092,1.092813,0.476804,1.425314,1.445019,508
874,1.138083,1.008133,0.855134,7.909750,0.406138,1.115522,1.040526,1.047820,0.429605,1.549196,1.510463,509
1017,1.138216,0.977038,0.873666,6.683755,0.380049,1.088852,1.041285,1.084350,0.414978,1.417913,1.485735,510
510,1.138833,0.959209,0.897431,7.190945,0.335992,1.093251,1.047761,1.104920,0.493014,1.388505,1.432055,511
883,1.139141,1.024844,0.842006,8.057596,0.409707,1.106962,1.002424,1.014853,0.439495,1.516306,1.561730,512
289,1.139946,1.028515,0.846122,7.849462,0.358749,1.108643,1.123849,1.072183,0.462567,1.411787,1.472831,513
852,1.140149,0.991713,0.867691,7.942757,0.381515,1.104186,1.009923,1.079888,0.454090,1.499743,1.477285,514
953,1.140208,0.959587,0.874515,6.240176,0.338635,1.086560,1.031958,1.124360,0.476883,1.377320,1.422281,515
627,1.140390,1.017164,0.846132,7.783489,0.414321,1.109805,1.002978,0.966073,0.464029,1.496730,1.619215,516
55,1.140498,1.067422,0.828825,9.859741,0.467582,1.107471,0.870835,0.958237,0.434052,1.623757,1.650476,517
808,1.140790,1.001630,0.860528,8.904718,0.376906,1.098670,0.972639,1.057947,0.479430,1.477556,1.505778,518
971,1.141193,0.971426,0.875952,7.357030,0.360673,1.102396,1.103963,1.109076,0.441354,1.415940,1.441647,519
139,1.141368,0.982962,0.874817,7.437255,0.379824,1.105150,1.026824,1.075957,0.452759,1.485121,1.485088,520
268,1.141426,1.031522,0.825513,7.691846,0.401550,1.100641,0.990555,1.043738,0.434899,1.495538,1.538476,521
531,1.141639,1.005618,0.861644,7.477978,0.377095,1.096756,1.010771,1.066508,0.454033,1.447995,1.504472,522
304,1.141673,0.970309,0.877724,8.924187,0.372434,1.107233,1.122287,1.129508,0.415585,1.447969,1.420814,523
681,1.141795,0.990613,0.874261,7.464552,0.338012,1.093856,0.981241,1.093648,0.523814,1.419795,1.450779,524
121,1.141876,0.990958,0.858873,7.357555,0.360180,1.097340,1.055917,1.102513,0.453255,1.419758,1.455259,525
910,1.141912,0.983607,0.865559,7.857211,0.344646,1.111848,1.119506,1.123955,0.476405,1.433456,1.405919,526
134,1.141963,0.972955,0.884253,7.156119,0.347136,1.103763,1.175826,1.166030,0.433213,1.376664,1.367081,527
819,1.142382,0.986385,0.873486,6.622485,0.350003,1.088795,1.107268,1.158420,0.424866,1.357640,1.395780,528
244,1.142696,1.003645,0.855629,7.634364,0.366234,1.100593,1.069177,1.098940,0.443936,1.428299,1.462614,529
151,1.142959,1.014588,0.842920,6.959619,0.389691,1.096830,1.046064,1.073960,0.413335,1.440714,1.510078,530
1003,1.143014,0.990724,0.867980,7.361420,0.384417,1.101747,1.057144,1.090571,0.420131,1.458376,1.482512,531
49,1.143069,0.980008,0.873511,6.735254,0.356283,1.096232,1.037372,1.108980,0.463545,1.421764,1.449497,532
311,1.143085,0.970803,0.873441,6.973820,0.333126,1.096721,1.042338,1.104293,0.506902,1.389418,1.440657,533
929,1.143232,1.023543,0.845511,8.099276,0.366771,1.111048,1.053595,1.071661,0.477728,1.469346,1.482911,534
455,1.143625,1.029606,0.842803,7.841613,0.400465,1.108820,0.949358,1.032808,0.479185,1.539748,1.543002,535
51,1.143677,0.983373,0.866755,8.944344,0.339226,1.108159,1.126500,1.141725,0.472859,1.407800,1.391913,536
574,1.143772,0.976596,0.880187,7.321582,0.324137,1.101558,1.084032,1.136766,0.504825,1.386750,1.395416,537
849,1.144919,0.984877,0.875441,6.702129,0.359007,1.091871,1.005879,1.107643,0.465044,1.418751,1.462038,538
598,1.145103,1.008620,0.869237,6.964563,0.347441,1.110005,1.122729,1.116024,0.469677,1.411471,1.430125,539
430,1.145805,0.986888,0.877583,7.090114,0.368168,1.103679,1.069330,1.098887,0.445729,1.433953,1.470496,540
73,1.146179,1.021050,0.852741,7.383316,0.352414,1.109963,1.157817,1.132678,0.445460,1.396228,1.417631,541
26,1.146355,0.991325,0.880527,8.172317,0.369133,1.110622,1.096227,1.108389,0.442377,1.451465,1.454654,542
748,1.146391,0.999642,0.866473,8.172977,0.324116,1.107248,1.069908,1.113964,0.526829,1.401741,1.423796,543
160,1.146929,0.979064,0.882395,7.971275,0.389667,1.107235,1.097918,1.099808,0.401702,1.453527,1.483219,544
299,1.148907,1.025453,0.859209,9.142691,0.379173,1.110758,0.984588,1.046863,0.497851,1.491962,1.532527,545
773,1.149185,1.000653,0.881348,7.511996,0.378543,1.112370,1.078846,1.087711,0.442228,1.461958,1.491106,546
34,1.150259,1.003165,0.874976,7.657855,0.385264,1.124623,1.083538,1.060546,0.460829,1.502750,1.515451,547
367,1.150705,1.011566,0.870835,8.467657,0.384956,1.116478,1.028230,1.087443,0.459174,1.515669,1.491875,548
690,1.152077,1.012905,0.861757,7.178666,0.428968,1.113977,1.006660,1.003486,0.422762,1.516521,1.620457,549
379,1.152384,1.001187,0.880098,7.234521,0.375570,1.107841,1.033811,1.093965,0.455773,1.460237,1.495418,550
252,1.152535,1.013935,0.859906,8.355500,0.380134,1.116035,1.062853,1.098096,0.448043,1.485501,1.485683,551
129,1.152536,0.994486,0.884052,8.000009,0.403660,1.110940,0.999881,1.061510,0.438355,1.510838,1.544114,552
557,1.152778,1.012949,0.868408,9.001612,0.363020,1.117172,1.135819,1.120033,0.447602,1.430097,1.452308,553
28,1.152960,1.012449,0.856209,10.785894,0.411361,1.131064,1.062088,1.042602,0.441823,1.557454,1.551355,554
922,1.153070,1.006265,0.864049,7.713966,0.356641,1.104525,1.117384,1.133095,0.441467,1.382734,1.447945,555
837,1.153330,1.007012,0.881167,7.826247,0.419903,1.124304,1.032316,1.003843,0.446512,1.531018,1.607833,556
791,1.153337,1.017429,0.867774,7.920568,0.417141,1.117767,1.003172,1.024640,0.442186,1.530199,1.588638,557
120,1.153583,0.992826,0.875053,6.989117,0.361840,1.108897,1.041471,1.107971,0.474329,1.446779,1.473934,558
585,1.153659,1.036335,0.853230,8.536189,0.341483,1.114860,1.064520,1.107533,0.512751,1.432974,1.456522,559
905,1.154049,1.017159,0.872448,8.540014,0.402696,1.111740,0.972135,1.059475,0.456417,1.523358,1.547312,560
780,1.154213,1.001379,0.875396,6.854017,0.329647,1.081732,0.981173,1.172444,0.494282,1.352868,1.407895,561
762,1.154250,0.998352,0.888973,7.633411,0.340324,1.120017,1.174726,1.136849,0.477763,1.389877,1.420870,562
741,1.155036,1.048825,0.860259,8.586967,0.365490,1.120284,1.060997,1.109834,0.478960,1.485596,1.466032,563
867,1.155144,1.081101,0.833263,8.271782,0.361051,1.112558,1.195174,1.202657,0.408692,1.391494,1.364772,564
570,1.155571,0.990993,0.872071,7.185840,0.388633,1.118185,1.125190,1.142247,0.398900,1.475619,1.448971,565
644,1.155587,1.007712,0.879555,9.878652,0.403973,1.138351,1.066176,1.055259,0.462167,1.576191,1.531961,566
433,1.156285,1.005443,0.873497,7.213113,0.347074,1.113948,1.055995,1.112645,0.502626,1.435236,1.463237,567
896,1.156739,0.959726,0.914292,7.531893,0.372672,1.105405,1.016043,1.103914,0.461198,1.447688,1.498182,568
569,1.157165,1.005389,0.876450,7.703172,0.370568,1.123317,1.084234,1.096524,0.470585,1.475707,1.489538,569
763,1.157544,1.025564,0.851886,7.155985,0.371636,1.119279,1.082392,1.113160,0.456111,1.467930,1.476800,570
273,1.158988,1.001579,0.886500,7.198238,0.388504,1.124287,1.032131,1.081793,0.467586,1.521153,1.518772,571
409,1.159024,0.995732,0.885164,7.128871,0.353439,1.122870,1.126232,1.134611,0.472671,1.437833,1.443005,572
231,1.159737,1.014151,0.874235,7.530976,0.360454,1.120651,1.115505,1.116968,0.465948,1.432132,1.472703,573
811,1.160468,1.036113,0.855436,8.847438,0.347805,1.101592,1.060038,1.155148,0.465896,1.384816,1.442062,574
266,1.160623,0.989826,0.897807,7.617212,0.403301,1.129346,1.023752,1.064658,0.461194,1.551275,1.545848,575
672,1.162008,1.053451,0.840012,8.426219,0.391501,1.130492,1.069663,1.085854,0.455266,1.520676,1.521001,576
202,1.162561,1.022685,0.867342,8.504099,0.398918,1.123812,1.012299,1.059780,0.466797,1.518916,1.561267,577
217,1.162623,1.055814,0.853347,7.345729,0.364629,1.106837,1.075120,1.163097,0.435335,1.416056,1.444578,578
982,1.162630,0.991635,0.893129,7.030710,0.343491,1.103156,1.070662,1.149119,0.475130,1.368559,1.452310,579
692,1.162674,1.028144,0.867732,8.770967,0.396476,1.124334,1.047214,1.092274,0.441944,1.515356,1.524881,580
264,1.162812,1.016861,0.872821,7.286328,0.409450,1.118824,1.006139,1.068353,0.436979,1.518134,1.564515,581
977,1.162896,1.000840,0.891166,7.285778,0.347195,1.121219,1.111869,1.131972,0.487358,1.418220,1.456675,582
432,1.163571,1.068768,0.842892,8.207549,0.433454,1.122551,0.981898,1.035563,0.426756,1.556313,1.612225,583
212,1.165325,0.974391,0.912648,7.033885,0.362978,1.119206,1.120315,1.131266,0.453253,1.413506,1.477690,584
583,1.165506,1.019428,0.872821,8.119197,0.384986,1.137507,1.112935,1.083386,0.463642,1.502069,1.525502,585
179,1.166092,0.998147,0.891410,6.687854,0.353889,1.115649,1.115736,1.169253,0.453819,1.405952,1.433487,586
942,1.166277,0.984642,0.894979,6.853457,0.350144,1.124762,1.228558,1.198915,0.440389,1.369826,1.386120,587
358,1.167215,1.003986,0.888360,7.359841,0.354351,1.112170,1.015690,1.126880,0.499320,1.432397,1.486560,588
16,1.167283,1.017025,0.881787,7.644785,0.398537,1.128782,1.044176,1.084892,0.450842,1.519727,1.544275,589
297,1.167295,1.050959,0.855030,7.557714,0.339249,1.131676,1.133476,1.140865,0.508751,1.430854,1.444436,590
784,1.167568,1.023320,0.885956,8.462168,0.388252,1.133729,1.068699,1.064527,0.477519,1.500033,1.557866,591
132,1.167808,1.054350,0.860942,10.271573,0.412505,1.122204,1.011190,1.041140,0.449802,1.499129,1.609758,592
397,1.168328,0.989817,0.906470,8.760283,0.365996,1.134294,1.165466,1.139635,0.454685,1.448323,1.463358,593
159,1.168427,1.010038,0.885524,7.821843,0.363866,1.118624,1.073737,1.153396,0.459367,1.445554,1.461064,594
369,1.168593,1.009746,0.900043,8.225262,0.366236,1.124545,1.088019,1.145537,0.462002,1.461103,1.466064,595
1005,1.168779,1.037629,0.871039,7.800124,0.421142,1.140038,1.032949,1.044782,0.453634,1.575016,1.593807,596
440,1.168789,1.028859,0.876070,7.203900,0.388751,1.129140,1.098073,1.106649,0.438747,1.481190,1.521039,597
401,1.168935,0.988495,0.916424,7.499847,0.334225,1.115009,1.121019,1.183010,0.484203,1.371646,1.415166,598
538,1.168989,1.023872,0.876858,9.275925,0.380837,1.131520,1.065418,1.082568,0.480566,1.489101,1.539948,599
1019,1.169599,1.004118,0.901035,7.455441,0.383781,1.129803,1.055711,1.105546,0.466402,1.502663,1.518695,600
742,1.170508,1.013524,0.894128,7.538002,0.385629,1.126141,0.961765,1.088969,0.509418,1.532505,1.538048,601
245,1.170908,0.993166,0.916000,7.380652,0.365458,1.133460,1.091226,1.128013,0.483408,1.481250,1.483403,602
284,1.171063,1.043454,0.874206,11.073658,0.399780,1.126240,1.052303,1.112516,0.429433,1.507664,1.529281,603
14,1.171212,1.024575,0.882007,7.798366,0.413852,1.140346,1.040239,1.060009,0.457122,1.564003,1.580359,604
488,1.171463,1.058779,0.876169,9.521626,0.416230,1.132168,0.954114,1.034465,0.494506,1.564283,1.613470,605
269,1.173054,1.021283,0.888444,7.453517,0.408502,1.132928,1.066156,1.115198,0.418483,1.534036,1.530766,606
679,1.173350,1.041154,0.879478,8.323471,0.385842,1.142211,1.069832,1.098697,0.481928,1.534731,1.525867,607
143,1.173439,0.992397,0.920158,7.021198,0.363329,1.132134,1.041501,1.110990,0.512645,1.486866,1.508666,608
509,1.173622,1.057151,0.855508,8.085571,0.436392,1.131890,0.961822,1.040320,0.448406,1.580960,1.627943,609
178,1.174495,1.046785,0.865554,8.202149,0.389254,1.140161,1.097812,1.106014,0.457346,1.511961,1.527669,610
338,1.174618,1.042540,0.880276,7.476883,0.368151,1.126533,1.078748,1.149048,0.464399,1.460206,1.480263,611
196,1.174692,0.995619,0.915520,6.997508,0.368528,1.127523,1.102858,1.160112,0.452928,1.454136,1.467580,612
828,1.175222,1.052781,0.877803,8.242875,0.403156,1.141861,1.058513,1.109977,0.450088,1.561644,1.529083,613
738,1.175478,1.016840,0.900144,7.351351,0.360725,1.143389,1.178283,1.161111,0.468545,1.460963,1.448042,614
8,1.175504,1.010189,0.902474,7.526626,0.383722,1.115253,1.012281,1.168382,0.438104,1.478592,1.478905,615
550,1.175604,0.983666,0.923638,7.485436,0.343460,1.143557,1.249657,1.184783,0.478257,1.395671,1.409419,616
908,1.175693,1.008909,0.894634,6.760565,0.379354,1.143421,1.143130,1.104586,0.465369,1.478447,1.525574,617
337,1.175838,1.015102,0.901351,7.710753,0.397067,1.120149,1.018459,1.104076,0.443024,1.477055,1.558134,618
29,1.175867,1.057162,0.869804,7.979489,0.355522,1.131263,1.201305,1.207265,0.442695,1.400714,1.404334,619
621,1.176477,1.042372,0.870225,7.510172,0.361244,1.128262,1.207137,1.203664,0.427672,1.385281,1.417559,620
806,1.176590,1.030360,0.881580,7.212912,0.401010,1.141751,1.101240,1.094760,0.441985,1.517660,1.553110,621
41,1.176742,1.025529,0.888054,7.385695,0.396789,1.142637,1.068610,1.090829,0.466429,1.534927,1.552388,622
815,1.176976,1.057636,0.872873,9.421640,0.417470,1.142618,1.040287,1.071963,0.449376,1.566213,1.585251,623
172,1.177346,1.018270,0.893149,7.648244,0.393515,1.143747,1.055764,1.113396,0.471169,1.554660,1.523744,624
707,1.177502,0.997635,0.905063,6.613144,0.347887,1.124888,1.134551,1.214239,0.462727,1.409873,1.403052,625
228,1.178018,0.988316,0.922273,8.233911,0.372714,1.137116,1.125270,1.143169,0.458794,1.467452,1.490896,626
717,1.179300,1.083105,0.865070,8.294817,0.454013,1.156626,1.002344,1.012035,0.457885,1.649395,1.661470,627
152,1.179804,1.044476,0.884624,7.590528,0.367887,1.144002,1.065643,1.116469,0.512932,1.511600,1.513364,628
148,1.180375,1.037122,0.887370,7.729420,0.399407,1.139451,0.979076,1.099289,0.496027,1.570610,1.552254,629
333,1.180573,1.058565,0.867671,8.149982,0.411421,1.149637,1.018546,1.059443,0.491010,1.582413,1.596775,630
414,1.180698,1.019212,0.911121,7.609448,0.367991,1.137277,1.093542,1.133727,0.482837,1.469954,1.506325,631
298,1.180720,1.010634,0.909172,7.834360,0.370638,1.159178,1.252304,1.171367,0.453887,1.476757,1.441574,632
645,1.180744,1.048889,0.879978,10.053509,0.380582,1.138796,1.119576,1.131234,0.453652,1.473013,1.516507,633
176,1.181317,0.985995,0.924714,6.345964,0.357712,1.129218,1.121748,1.202452,0.457720,1.433336,1.430836,634
636,1.181473,1.062573,0.870758,8.681894,0.387943,1.130264,1.111885,1.146428,0.423887,1.453902,1.515220,635
12,1.181811,1.047353,0.883629,7.489212,0.401990,1.151640,1.123181,1.108398,0.443615,1.538657,1.544348,636
185,1.182151,1.044701,0.882366,7.829344,0.372194,1.141280,1.073781,1.124699,0.493430,1.496290,1.518200,637
638,1.183138,1.016695,0.905905,7.736671,0.359272,1.136598,1.164282,1.186179,0.457728,1.424568,1.450233,638
396,1.183165,1.007397,0.918021,7.520777,0.345227,1.135106,1.195161,1.216550,0.466725,1.390350,1.406743,639
745,1.183253,1.012168,0.910038,7.994584,0.403202,1.131812,1.028293,1.133622,0.436076,1.522394,1.538674,640
5,1.183318,1.068336,0.863748,8.052487,0.356493,1.136754,1.149181,1.205695,0.462492,1.441509,1.424894,641
523,1.183927,1.016938,0.907881,6.703362,0.410644,1.152707,1.092462,1.115736,0.439171,1.571320,1.544849,642
821,1.184118,1.002429,0.923421,7.608715,0.385926,1.144577,1.133586,1.123086,0.451936,1.480114,1.534163,643
485,1.184307,0.995191,0.920068,6.849419,0.367647,1.140715,1.126371,1.179968,0.462200,1.474328,1.460708,644
341,1.184368,1.024277,0.912611,8.203817,0.377733,1.134536,1.096803,1.131655,0.460821,1.453243,1.530156,645
487,1.184581,1.012633,0.905395,6.662345,0.353347,1.143333,1.186285,1.197021,0.470064,1.432329,1.430966,646
79,1.184740,1.022708,0.914590,7.665940,0.366294,1.134369,1.054421,1.126283,0.500576,1.462184,1.528379,647
704,1.184961,1.009112,0.919506,7.537720,0.356402,1.138157,1.184366,1.220060,0.452159,1.422405,1.411795,648
786,1.185505,1.066560,0.873274,9.310400,0.396576,1.142744,1.089116,1.115763,0.448748,1.506355,1.553735,649
437,1.186172,1.038204,0.893289,8.772197,0.394976,1.142437,1.003141,1.062334,0.515906,1.521428,1.609378,650
589,1.186366,1.079521,0.877099,7.407639,0.382609,1.155276,1.181804,1.150188,0.450005,1.497595,1.496787,651
24,1.186529,1.028569,0.901875,8.718058,0.374289,1.145987,1.086498,1.121028,0.494342,1.494731,1.533335,652
0,1.187541,1.024534,0.903693,7.877637,0.401113,1.155091,1.094502,1.114159,0.460619,1.555943,1.550232,653
334,1.188095,1.064372,0.870737,7.491723,0.380752,1.154067,1.117784,1.108739,0.489244,1.505862,1.548709,654
320,1.189332,1.012422,0.917191,7.541024,0.357651,1.145265,1.072790,1.135313,0.524024,1.478316,1.515879,655
894,1.189349,1.046360,0.902791,9.529469,0.392374,1.147291,1.026391,1.097132,0.500902,1.537006,1.575024,656
350,1.189548,1.024019,0.914656,8.433650,0.379984,1.149393,1.159929,1.140626,0.455898,1.467214,1.523298,657
747,1.189800,1.007742,0.920172,6.811025,0.354056,1.143001,1.207172,1.186420,0.467086,1.392403,1.461923,658
601,1.190089,1.036505,0.891372,7.690746,0.370598,1.144206,1.167536,1.185835,0.447899,1.447758,1.472001,659
30,1.190197,1.089002,0.866180,8.437178,0.447992,1.157640,1.081370,1.057701,0.409870,1.590917,1.648344,660
616,1.190215,1.045361,0.890914,8.052397,0.384055,1.134569,1.064243,1.156047,0.453136,1.476476,1.522941,661
769,1.190571,1.033383,0.896249,7.270444,0.360740,1.131307,1.081518,1.197861,0.470794,1.441407,1.464954,662
496,1.190657,1.046390,0.896175,7.505361,0.387882,1.149800,1.052318,1.132653,0.486558,1.542846,1.534627,663
520,1.190776,0.997667,0.930997,7.738278,0.362473,1.155517,1.158233,1.160687,0.491138,1.481638,1.485890,664
573,1.190799,1.039161,0.899110,11.082483,0.410014,1.157596,1.110237,1.081966,0.456740,1.537610,1.601427,665
513,1.190830,1.024284,0.904065,7.299300,0.370398,1.141691,1.163079,1.192014,0.444082,1.439602,1.469678,666
319,1.190831,1.071240,0.877354,10.341761,0.435323,1.164043,0.984639,1.046162,0.500726,1.650564,1.638125,667
723,1.191154,1.032864,0.905280,7.803256,0.370349,1.141836,1.124828,1.187421,0.457478,1.464504,1.474947,668
101,1.191422,1.069577,0.877167,7.440877,0.368570,1.140705,1.066939,1.165671,0.487517,1.484428,1.498968,669
952,1.191563,1.029417,0.909018,7.456133,0.367010,1.146184,1.156209,1.171676,0.465269,1.448667,1.489097,670
54,1.191570,1.025117,0.930881,8.423544,0.368507,1.147412,1.156142,1.164383,0.466833,1.452436,1.497264,671
431,1.192306,1.006337,0.931023,7.554889,0.366022,1.146763,1.133218,1.152520,0.482060,1.453921,1.512095,672
775,1.193309,1.049274,0.904454,8.157706,0.362562,1.158386,1.197596,1.182133,0.477183,1.468502,1.466519,673
478,1.193784,1.025537,0.910250,6.934012,0.383008,1.148408,1.117824,1.173429,0.451738,1.499107,1.499941,674
270,1.194539,1.016310,0.921472,7.837937,0.396467,1.155695,1.130907,1.142007,0.445354,1.520528,1.539678,675
175,1.195622,1.016582,0.931058,6.743437,0.372907,1.147742,1.174227,1.192875,0.445480,1.446723,1.479403,676
630,1.196247,1.017208,0.920071,7.949019,0.395856,1.163625,1.127979,1.132221,0.464977,1.546336,1.546609,677
968,1.196669,1.024384,0.913532,8.429471,0.380977,1.159772,1.160681,1.169341,0.460782,1.506558,1.501501,678
329,1.197726,1.093983,0.864993,7.878901,0.457404,1.155905,1.037158,1.047735,0.415761,1.590049,1.688819,679
181,1.197755,1.070105,0.884721,7.840828,0.385924,1.158151,1.105300,1.136029,0.481135,1.521715,1.546575,680
680,1.197893,1.054629,0.907267,8.539774,0.436715,1.167594,1.039458,1.067980,0.464670,1.626648,1.639214,681
420,1.198213,1.061407,0.901381,9.048161,0.428309,1.147796,0.950201,1.086999,0.480480,1.591616,1.629686,682
932,1.198237,1.080180,0.877877,7.604627,0.428281,1.142480,0.993616,1.082216,0.450130,1.540059,1.646379,683
876,1.198658,1.031229,0.924732,7.629588,0.373485,1.149228,1.147399,1.191252,0.455244,1.462839,1.489405,684
48,1.199294,1.034675,0.913113,8.122149,0.403247,1.162735,1.052443,1.110673,0.491424,1.577177,1.581956,685
981,1.199348,1.080712,0.889212,9.429972,0.463100,1.165990,0.985008,1.025156,0.463419,1.651445,1.704922,686
201,1.199371,1.045817,0.911412,8.170881,0.371341,1.149155,1.064395,1.149762,0.504409,1.491905,1.535305,687
863,1.200349,1.064408,0.900199,7.419662,0.400174,1.161989,1.064695,1.108807,0.490850,1.557881,1.587714,688
675,1.201207,1.015487,0.922308,7.478935,0.362027,1.161973,1.236603,1.210042,0.466691,1.441367,1.455163,689
508,1.201271,1.073324,0.888137,7.230304,0.391396,1.160044,1.142259,1.152737,0.454339,1.509173,1.541714,690
993,1.201591,1.114784,0.861448,7.227199,0.354287,1.150674,1.252339,1.267263,0.451942,1.388441,1.393388,691
840,1.203299,1.051498,0.913313,10.392998,0.404474,1.169268,1.183156,1.150066,0.432922,1.530126,1.550068,692
600,1.203564,1.068733,0.897082,8.219427,0.398763,1.167632,1.107517,1.139211,0.472336,1.560610,1.558488,693
634,1.203900,1.023483,0.920488,7.704754,0.385010,1.167446,1.209197,1.178106,0.448443,1.491499,1.509985,694
415,1.204377,1.037105,0.915836,6.702590,0.404514,1.165671,1.116978,1.148226,0.451048,1.554977,1.557127,695
246,1.204432,1.049540,0.910034,7.531431,0.384342,1.143887,1.040588,1.176900,0.472315,1.496834,1.532797,696
954,1.204513,1.027678,0.925899,7.299830,0.386269,1.168710,1.122796,1.147506,0.487779,1.541469,1.544000,697
9,1.204990,1.093781,0.888185,7.864272,0.480117,1.169119,0.987139,1.055931,0.419945,1.686510,1.696070,698
758,1.206458,1.076625,0.911581,8.867704,0.455111,1.174204,1.060393,1.068833,0.432820,1.637499,1.671476,699
670,1.207253,1.030509,0.931166,8.074600,0.354203,1.167559,1.149673,1.167949,0.527192,1.480410,1.512570,700
592,1.207316,1.041349,0.937062,7.343159,0.364903,1.163458,1.148381,1.169650,0.500867,1.476400,1.521990,701
879,1.207949,1.078566,0.889632,8.219225,0.370040,1.165423,1.185676,1.190769,0.475672,1.473880,1.501120,702
417,1.208121,1.064792,0.887977,7.360141,0.365039,1.167495,1.262065,1.225570,0.460371,1.434630,1.454836,703
35,1.208557,1.031710,0.934060,8.289030,0.388647,1.162375,1.158874,1.193092,0.444340,1.501210,1.514359,704
924,1.208820,1.069803,0.912721,7.140300,0.405986,1.167360,1.082638,1.147186,0.466178,1.571073,1.569725,705
618,1.208832,1.067106,0.902509,8.317808,0.467336,1.171502,0.962279,1.032025,0.476700,1.665068,1.721439,706
536,1.210188,1.071793,0.907713,10.310179,0.404830,1.186622,1.162223,1.118714,0.481920,1.582471,1.587783,707
790,1.210321,1.063991,0.907001,9.782226,0.435346,1.170552,0.993876,1.088029,0.487920,1.634469,1.648464,708
931,1.211103,1.057666,0.913902,7.311201,0.368818,1.170850,1.130460,1.138754,0.524929,1.496852,1.563255,709
528,1.211270,1.063691,0.907038,7.633501,0.433190,1.179631,1.086663,1.073723,0.469837,1.604281,1.663651,710
492,1.211397,1.039218,0.936216,8.121263,0.384889,1.168489,1.195586,1.209587,0.444938,1.496616,1.495721,711
980,1.211421,1.057070,0.910429,7.702604,0.378613,1.180153,1.203825,1.179421,0.481622,1.521304,1.514593,712
648,1.211536,1.013702,0.944302,8.660275,0.377275,1.155765,1.174072,1.250194,0.435947,1.462261,1.456350,713
606,1.211782,1.068930,0.899615,7.272303,0.393562,1.181236,1.253724,1.175577,0.443712,1.504119,1.529050,714
1010,1.212122,1.089333,0.884869,8.161764,0.510092,1.195818,0.979211,1.003232,0.452486,1.783524,1.760637,715
10,1.212218,1.035977,0.934963,7.847567,0.424540,1.162322,1.106305,1.123307,0.424250,1.530238,1.627507,716
976,1.212281,1.064674,0.922048,7.849732,0.425927,1.189180,1.140269,1.093937,0.467600,1.612549,1.631546,717
256,1.212960,1.018188,0.938061,9.994101,0.359564,1.145677,1.163705,1.260601,0.455432,1.400104,1.448545,718
232,1.213164,1.061352,0.910305,8.227003,0.388004,1.170933,1.131865,1.158171,0.481324,1.524091,1.559216,719
944,1.213203,1.088028,0.882910,6.959230,0.391971,1.165292,1.193100,1.207221,0.428521,1.485117,1.512502,720
602,1.213380,1.073757,0.904440,8.720922,0.401455,1.173888,1.158511,1.146197,0.456630,1.528352,1.579750,721
275,1.213380,1.070894,0.915748,7.788567,0.382278,1.164553,1.202065,1.169407,0.456397,1.442098,1.552798,722
475,1.214267,1.110795,0.884762,8.222937,0.363263,1.145495,1.186241,1.273375,0.440728,1.387420,1.439712,723
957,1.214997,1.054059,0.918639,7.685213,0.383109,1.172142,1.092131,1.171189,0.503789,1.550503,1.543096,724
265,1.216886,1.066982,0.928087,7.376136,0.346330,1.174198,1.238766,1.243691,0.505156,1.440162,1.443215,725
700,1.217312,1.056513,0.925220,8.438320,0.389814,1.174499,1.116468,1.164761,0.487815,1.542281,1.561170,726
422,1.218505,1.051846,0.918252,8.018571,0.394108,1.190709,1.178538,1.154987,0.488159,1.569100,1.562763,727
752,1.218752,1.089017,0.905500,8.564688,0.435715,1.172545,0.999420,1.099110,0.483299,1.618715,1.662182,728
888,1.218844,1.050174,0.932362,7.966774,0.377754,1.177643,1.143714,1.163906,0.505253,1.517660,1.557684,729
294,1.219478,1.084905,0.906362,8.742229,0.412414,1.176571,1.167272,1.166533,0.430578,1.538416,1.580058,730
180,1.219566,1.046435,0.928361,7.290175,0.418618,1.194923,1.189316,1.144259,0.451020,1.601080,1.588942,731
223,1.220902,1.056874,0.927985,8.751968,0.431033,1.209253,1.118472,1.066424,0.520271,1.673946,1.667153,732
534,1.221555,1.031025,0.947894,7.747374,0.367192,1.173643,1.179087,1.218089,0.488143,1.480587,1.502306,733
457,1.221861,1.049644,0.939400,7.486311,0.377011,1.175332,1.140000,1.181208,0.498008,1.507888,1.549556,734
997,1.222982,1.107810,0.901843,10.593847,0.430947,1.192935,1.038999,1.076501,0.522970,1.649760,1.676443,735
974,1.223567,1.032743,0.946113,6.961942,0.390272,1.171048,1.195529,1.229943,0.433902,1.483783,1.512083,736
187,1.223962,1.087320,0.907414,8.659089,0.391833,1.183173,1.185055,1.193228,0.463926,1.529727,1.543932,737
759,1.224165,1.070165,0.923644,8.863629,0.355936,1.181615,1.248821,1.218903,0.502560,1.442744,1.495049,738
909,1.225707,1.070019,0.940552,7.583934,0.385151,1.182218,1.207233,1.217849,0.460324,1.507596,1.518089,739
930,1.226245,1.069695,0.927044,7.880043,0.433661,1.187584,1.070560,1.100994,0.479245,1.615774,1.671346,740
371,1.226541,1.049456,0.932055,7.365115,0.377118,1.191104,1.243831,1.222087,0.477649,1.510682,1.501269,741
92,1.226622,1.048187,0.939927,7.063741,0.388007,1.179106,1.155283,1.214172,0.467825,1.529102,1.529151,742
1002,1.226941,1.068433,0.926986,7.275580,0.351366,1.176561,1.151191,1.223106,0.529659,1.478657,1.500190,743
385,1.227143,1.083457,0.930242,8.080029,0.415981,1.187498,1.112220,1.141657,0.474190,1.589029,1.620392,744
282,1.227804,1.045127,0.942832,8.277040,0.359500,1.177283,1.282473,1.268393,0.472566,1.409538,1.453446,745
242,1.228212,1.063433,0.933022,7.751945,0.420181,1.191510,1.121821,1.145375,0.468010,1.604449,1.617896,746
138,1.230137,1.063734,0.938693,9.072588,0.409331,1.194376,1.151352,1.176348,0.468972,1.595331,1.579875,747
489,1.230309,1.058008,0.937823,7.307319,0.365044,1.172446,1.221703,1.262809,0.468581,1.431291,1.477846,748
688,1.230793,1.063795,0.934486,7.450882,0.389108,1.181956,1.188593,1.202000,0.463726,1.499404,1.556055,749
554,1.231079,1.096021,0.904884,7.190233,0.409704,1.182946,1.127300,1.182088,0.455808,1.560419,1.589115,750
313,1.231234,1.093176,0.903568,7.660608,0.391875,1.182946,1.108439,1.195679,0.491341,1.557634,1.561637,751
243,1.231788,1.065842,0.946688,8.632135,0.381309,1.204370,1.273559,1.173370,0.499123,1.511662,1.564140,752
447,1.233338,1.038857,0.958873,7.456796,0.376448,1.186970,1.171086,1.228773,0.492120,1.524376,1.518493,753
846,1.233533,1.059479,0.941892,7.017389,0.393155,1.200452,1.222228,1.206182,0.473896,1.557986,1.541967,754
322,1.234391,1.144154,0.892524,9.335712,0.493242,1.199855,1.002945,1.051201,0.452972,1.723553,1.768603,755
99,1.234442,1.052176,0.945796,7.247098,0.376538,1.172088,1.160341,1.266400,0.462673,1.477441,1.493587,756
441,1.234498,1.075652,0.932349,9.015650,0.385608,1.194643,1.176071,1.189847,0.498786,1.543263,1.565249,757
153,1.234704,1.057780,0.952316,7.636251,0.365309,1.185315,1.214532,1.237858,0.494377,1.471260,1.508548,758
149,1.235191,1.089862,0.929482,8.539999,0.379595,1.191403,1.239123,1.242338,0.469402,1.499342,1.506808,759
774,1.235833,1.060172,0.949636,8.577971,0.404018,1.190178,1.175610,1.197206,0.455420,1.545201,1.577450,760
383,1.236258,1.113985,0.941172,8.692970,0.378273,1.183406,1.106469,1.218915,0.510339,1.539371,1.541935,761
647,1.238295,1.093732,0.923596,7.440328,0.424919,1.207550,1.111724,1.138140,0.496838,1.649292,1.641755,762
985,1.238556,1.103181,0.929070,9.568548,0.465607,1.202333,0.967405,1.072546,0.520807,1.717503,1.733403,763
253,1.238623,1.135250,0.906252,9.341081,0.429312,1.193908,1.064512,1.128297,0.490197,1.616472,1.670064,764
633,1.238865,1.074909,0.939980,8.249449,0.379877,1.196898,1.176978,1.218006,0.503358,1.545831,1.540319,765
855,1.240437,1.091434,0.932631,8.483506,0.394386,1.205550,1.122411,1.138821,0.544690,1.589005,1.632825,766
829,1.241568,1.093089,0.930472,7.493176,0.419529,1.207128,1.142167,1.163966,0.481575,1.625517,1.622414,767
559,1.242590,1.074216,0.951312,7.867500,0.388746,1.206087,1.140252,1.173028,0.533428,1.585928,1.597801,768
169,1.242595,1.016927,0.997138,7.711957,0.355309,1.183383,1.149451,1.242450,0.529472,1.472248,1.523293,769
38,1.242778,1.088413,0.938466,7.769659,0.443147,1.209028,1.096133,1.134304,0.474980,1.670627,1.669098,770
6,1.244068,1.072301,0.940206,7.000628,0.379328,1.189202,1.196733,1.277321,0.470045,1.506438,1.495474,771
161,1.244145,1.073624,0.944892,8.945644,0.431900,1.204825,1.087266,1.145762,0.486995,1.645865,1.658237,772
308,1.244457,1.111810,0.916223,7.978172,0.392903,1.198288,1.213965,1.239345,0.463447,1.533669,1.541014,773
848,1.245329,1.116808,0.905518,8.012517,0.392021,1.186324,1.058132,1.201740,0.518257,1.560019,1.593474,774
46,1.246758,1.084797,0.949777,8.369471,0.419708,1.211141,1.158705,1.175430,0.477127,1.621848,1.622593,775
452,1.249404,1.082791,0.943734,7.372049,0.404568,1.204158,1.183440,1.206972,0.471963,1.563340,1.595076,776
770,1.250391,1.111845,0.924571,8.997619,0.459880,1.203628,1.017723,1.133956,0.473908,1.688015,1.704538,777
593,1.250707,1.054334,0.961626,8.120426,0.384661,1.196855,1.201304,1.250652,0.477349,1.510422,1.544550,778
423,1.250934,1.077237,0.951793,7.806348,0.415529,1.224105,1.171316,1.163358,0.508084,1.645118,1.632648,779
370,1.251861,1.090958,0.944226,7.939843,0.365899,1.199770,1.274218,1.285185,0.489505,1.457344,1.492602,780
472,1.252431,1.080400,0.957571,8.034418,0.424738,1.210508,1.099279,1.154588,0.501744,1.631801,1.665127,781
516,1.252590,1.109291,0.937875,9.327314,0.446904,1.207025,1.058634,1.144413,0.478446,1.661929,1.691702,782
666,1.253605,1.063245,0.970909,8.053597,0.373186,1.202982,1.203692,1.270998,0.501786,1.522734,1.515701,783
444,1.253982,1.103798,0.944363,8.009367,0.362992,1.211414,1.313381,1.279093,0.504766,1.467670,1.492160,784
904,1.254181,1.073689,0.962639,9.262863,0.391623,1.225354,1.204972,1.167519,0.539409,1.590242,1.624626,785
772,1.254454,1.069426,0.976110,8.302494,0.411212,1.220261,1.210325,1.190125,0.483609,1.599657,1.617590,786
97,1.255364,1.083324,0.942295,6.912929,0.363236,1.187364,1.245612,1.317478,0.478607,1.418936,1.476184,787
810,1.255880,1.139947,0.916648,8.429687,0.447386,1.211525,1.082429,1.121999,0.485737,1.642705,1.724754,788
497,1.256624,1.070905,0.973120,8.592482,0.409801,1.226320,1.252828,1.220032,0.471879,1.603900,1.582963,789
989,1.256911,1.121700,0.929111,8.652306,0.380687,1.202598,1.202303,1.272862,0.487413,1.520994,1.529419,790
197,1.257032,1.106451,0.944445,7.995262,0.420267,1.215951,1.118998,1.167731,0.505394,1.630250,1.657382,791
450,1.257244,1.092555,0.946070,8.376932,0.426193,1.237226,1.187376,1.151307,0.511330,1.677450,1.658666,792
726,1.257631,1.121305,0.929523,7.847663,0.406342,1.216590,1.225114,1.226126,0.468854,1.575072,1.587785,793
364,1.258034,1.095992,0.945031,8.528932,0.423393,1.225218,1.147421,1.177306,0.500073,1.659317,1.641970,794
642,1.259723,1.134361,0.920109,9.150684,0.503350,1.240686,1.106091,1.059493,0.458245,1.772626,1.806975,795
323,1.260545,1.103194,0.963848,7.916668,0.407890,1.210156,1.184894,1.226080,0.469313,1.565963,1.604530,796
868,1.261303,1.113312,0.952246,9.645924,0.380382,1.215915,1.291892,1.278121,0.483207,1.502720,1.523635,797
565,1.262119,1.076355,0.970200,8.525880,0.387966,1.205105,1.234023,1.271312,0.469577,1.499725,1.550888,798
261,1.262996,1.096880,0.955298,7.763008,0.412372,1.214513,1.213156,1.260399,0.448035,1.580585,1.570390,799
581,1.263327,1.080272,0.985158,9.046456,0.411712,1.237736,1.207279,1.207396,0.508351,1.660108,1.605546,800
851,1.263404,1.130976,0.931486,8.691963,0.487686,1.232178,1.117059,1.111880,0.437921,1.731140,1.762891,801
476,1.263586,1.082762,0.973461,8.724750,0.397691,1.213712,1.145764,1.231690,0.506953,1.588682,1.595468,802
61,1.263587,1.132771,0.944730,8.589699,0.427871,1.212146,1.115463,1.218724,0.466180,1.631480,1.628883,803
799,1.263879,1.113434,0.951196,8.368029,0.434742,1.230734,1.100864,1.132930,0.531649,1.679836,1.708394,804
687,1.265679,1.118633,0.946228,8.636880,0.433113,1.229238,1.085718,1.124711,0.544057,1.668674,1.723032,805
335,1.266491,1.126884,0.944716,7.900113,0.417808,1.200244,1.066282,1.200970,0.494045,1.576195,1.663727,806
871,1.266777,1.045944,1.005608,7.627921,0.378697,1.204810,1.288554,1.330168,0.462228,1.454184,1.488915,807
194,1.266961,1.095582,0.953047,7.376473,0.386881,1.220711,1.256804,1.258148,0.492251,1.531476,1.564876,808
850,1.268239,1.117786,0.952711,8.948517,0.451280,1.226012,1.091603,1.125870,0.500612,1.665886,1.746087,809
340,1.268670,1.126309,0.944694,6.934371,0.377099,1.205539,1.238009,1.317473,0.479092,1.483819,1.509301,810
407,1.268929,1.067106,0.985679,7.408477,0.371759,1.201271,1.214306,1.309365,0.491073,1.470451,1.521162,811
354,1.269023,1.151269,0.934785,8.775436,0.460498,1.230122,1.163785,1.134111,0.454139,1.652980,1.745596,812
227,1.269148,1.096303,0.960838,7.703109,0.381792,1.222677,1.268826,1.294399,0.492083,1.534948,1.523129,813
532,1.269496,1.117206,0.945639,9.086830,0.446566,1.236624,1.153155,1.150413,0.487942,1.680199,1.711410,814
781,1.269604,1.069174,0.988000,7.922843,0.415096,1.215817,1.146619,1.212227,0.485868,1.588023,1.646351,815
967,1.270556,1.130947,0.931252,7.845381,0.506410,1.243477,1.052988,1.101081,0.464289,1.809678,1.789347,816
127,1.271617,1.117912,0.966190,7.915015,0.419077,1.232433,1.214563,1.233617,0.473086,1.626998,1.613902,817
865,1.272766,1.117029,0.946469,8.328789,0.462279,1.226268,1.064627,1.134206,0.490242,1.686557,1.755708,818
552,1.273028,1.148745,0.936795,8.969994,0.452983,1.238680,1.135022,1.167287,0.480571,1.706821,1.703699,819
785,1.274161,1.044910,1.018364,8.490353,0.376569,1.210164,1.195745,1.300436,0.502611,1.510056,1.541974,820
555,1.274299,1.105241,0.971986,8.462610,0.420173,1.226771,1.128953,1.230213,0.496658,1.648726,1.629305,821
1,1.274744,1.119662,0.959999,8.642754,0.423189,1.229134,1.170828,1.191087,0.492988,1.612525,1.678240,822
411,1.275309,1.127227,0.944031,8.455978,0.392839,1.217035,1.318265,1.345472,0.444184,1.483728,1.493525,823
596,1.276237,1.109741,0.964182,7.400450,0.392227,1.227719,1.234000,1.260884,0.499445,1.557208,1.587056,824
448,1.276584,1.104047,0.966880,7.901941,0.443254,1.239954,1.153116,1.167022,0.493020,1.676866,1.709747,825
130,1.277878,1.136093,0.959286,10.235481,0.415877,1.248605,1.256317,1.198584,0.505004,1.626857,1.656266,826
566,1.280075,1.105510,0.969765,7.892683,0.406637,1.225932,1.228236,1.263843,0.471513,1.559197,1.606871,827
1009,1.280222,1.118213,0.973218,7.637162,0.365929,1.227074,1.213206,1.269821,0.551033,1.527614,1.573695,828
498,1.280284,1.118994,0.959094,8.002743,0.438328,1.235262,1.133049,1.233881,0.475759,1.687968,1.645653,829
527,1.280472,1.139944,0.943615,8.023558,0.420926,1.229937,1.219221,1.260961,0.455251,1.598914,1.615337,830
979,1.280528,1.095337,0.991636,8.539752,0.425332,1.236886,1.192185,1.223492,0.481196,1.634640,1.652918,831
653,1.282149,1.104577,0.970190,7.940254,0.391019,1.236654,1.267318,1.283143,0.499424,1.563537,1.569848,832
560,1.283129,1.097472,0.981695,7.344219,0.390309,1.241626,1.273395,1.262697,0.512657,1.567840,1.591542,833
678,1.284476,1.146923,0.945236,7.980149,0.369049,1.218628,1.297680,1.350177,0.494602,1.448737,1.501942,834
804,1.284690,1.104192,0.980051,7.423713,0.400783,1.230605,1.230632,1.285481,0.482505,1.566968,1.587438,835
353,1.284940,1.120862,0.992949,8.890894,0.429111,1.249682,1.206709,1.218216,0.493058,1.669204,1.661222,836
280,1.285652,1.115833,0.988067,7.975078,0.420388,1.235910,1.167587,1.237781,0.493291,1.630931,1.649957,837
761,1.287102,1.125514,0.960310,6.996997,0.404180,1.250139,1.265081,1.254079,0.506078,1.612219,1.613235,838
235,1.287226,1.137392,0.957648,8.648932,0.388125,1.225425,1.196030,1.286893,0.508993,1.543979,1.591227,839
103,1.287315,1.245256,0.924772,9.205030,0.422070,1.244047,1.236634,1.251762,0.473424,1.624663,1.633753,840
100,1.288627,1.138437,0.953501,8.701792,0.424219,1.245752,1.191802,1.243513,0.491707,1.656855,1.644879,841
898,1.289533,1.124293,0.983133,8.925804,0.403053,1.247435,1.263947,1.298500,0.491445,1.612837,1.570449,842
221,1.289585,1.110941,0.976631,10.186703,0.440205,1.255427,1.219657,1.227822,0.474370,1.689443,1.665841,843
174,1.291676,1.141109,0.963579,8.135836,0.458115,1.254638,1.177256,1.184955,0.474636,1.704509,1.731833,844
116,1.291681,1.124423,0.979125,8.176035,0.405954,1.248409,1.269657,1.250019,0.500493,1.585364,1.636509,845
351,1.291878,1.107778,0.979510,8.870741,0.406337,1.236151,1.307986,1.322838,0.451166,1.534458,1.564304,846
582,1.294351,1.127028,0.977001,8.183372,0.434882,1.241902,1.107447,1.205877,0.517514,1.665864,1.712808,847
655,1.295800,1.122924,0.979732,8.675201,0.427309,1.239258,1.097560,1.192830,0.538364,1.637379,1.730156,848
258,1.298596,1.143997,0.972119,8.297455,0.418048,1.259710,1.271238,1.253391,0.494895,1.629405,1.649622,849
189,1.301468,1.133066,0.979919,8.662674,0.440307,1.273095,1.256994,1.204333,0.500675,1.690244,1.713230,850
356,1.301670,1.125337,0.993302,9.330479,0.427436,1.267618,1.274200,1.254435,0.489552,1.664971,1.654932,851
324,1.301759,1.111854,0.995900,7.995260,0.391335,1.251631,1.210614,1.287861,0.540152,1.609291,1.610235,852
917,1.301864,1.116904,0.996108,7.492629,0.443180,1.257138,1.248885,1.249868,0.453457,1.651424,1.682056,853
463,1.303151,1.145633,0.983932,9.702671,0.434175,1.246634,1.196547,1.224406,0.482658,1.609175,1.720387,854
938,1.303450,1.140836,0.981185,8.559584,0.463255,1.255036,1.136572,1.191067,0.482421,1.701679,1.763441,855
950,1.307987,1.107369,1.028421,8.686855,0.419549,1.255831,1.223347,1.295229,0.488681,1.637036,1.634861,856
885,1.309895,1.151455,0.979468,9.936021,0.419622,1.256935,1.264610,1.302474,0.474526,1.610195,1.632869,857
603,1.310086,1.123839,1.004933,10.135783,0.416998,1.270423,1.294964,1.296067,0.493357,1.643057,1.624668,858
842,1.310091,1.134736,1.008043,10.632113,0.415618,1.255276,1.206066,1.277886,0.506986,1.625470,1.659972,859
449,1.310223,1.155773,0.988004,8.323019,0.412871,1.262843,1.125075,1.208527,0.589088,1.667495,1.724029,860
816,1.310904,1.129222,1.006926,8.121876,0.421345,1.259922,1.284065,1.324274,0.464367,1.618919,1.607984,861
3,1.311716,1.109907,1.021248,7.614001,0.370062,1.249449,1.260490,1.347405,0.544499,1.531997,1.562855,862
779,1.312179,1.192436,0.952466,9.076982,0.424749,1.264081,1.226936,1.281694,0.495890,1.657489,1.658395,863
137,1.312356,1.148484,0.985811,9.612537,0.438025,1.279231,1.206816,1.225467,0.527215,1.723552,1.713105,864
108,1.312883,1.160816,0.982651,8.476450,0.418208,1.256661,1.208898,1.305623,0.494766,1.637743,1.636273,865
104,1.313089,1.149417,0.987736,9.935408,0.424757,1.258775,1.247603,1.276189,0.482224,1.612720,1.675136,866
286,1.313105,1.103011,1.026472,8.068300,0.382444,1.254819,1.316300,1.349017,0.515068,1.526060,1.567648,867
491,1.313258,1.122478,1.010014,7.815380,0.428192,1.264544,1.295432,1.308584,0.459851,1.624942,1.633910,868
970,1.313921,1.140030,1.011527,9.480343,0.467206,1.268661,1.163199,1.199372,0.484805,1.719749,1.776178,869
477,1.313986,1.129368,1.000387,8.662197,0.431212,1.262829,1.244507,1.282155,0.475684,1.641657,1.670139,870
77,1.314677,1.146506,0.990242,8.481586,0.429643,1.262697,1.215090,1.282016,0.488983,1.656997,1.670399,871
503,1.316990,1.137072,0.999007,8.416477,0.421494,1.276495,1.299278,1.286446,0.496487,1.645297,1.654965,872
188,1.317997,1.136865,1.003224,9.230975,0.411684,1.272023,1.294540,1.291472,0.507349,1.615275,1.651478,873
316,1.324912,1.135372,1.015800,8.704369,0.417263,1.260055,1.266564,1.311532,0.482510,1.572965,1.666701,874
605,1.325204,1.169885,0.988495,8.396930,0.413014,1.280706,1.329953,1.322692,0.499335,1.621928,1.629620,875
248,1.326038,1.155046,0.993135,7.957035,0.442174,1.282129,1.242509,1.267328,0.494172,1.695470,1.711168,876
663,1.327758,1.173985,0.980182,7.576037,0.418806,1.276722,1.207699,1.279840,0.536924,1.666541,1.692605,877
553,1.327788,1.170056,1.015117,10.358284,0.432854,1.288479,1.234956,1.267275,0.525310,1.711627,1.703225,878
727,1.327921,1.128104,1.031145,12.462370,0.429900,1.285061,1.240779,1.284761,0.516180,1.697747,1.685836,879
844,1.328246,1.148299,1.021886,9.050091,0.440452,1.284435,1.246997,1.250983,0.506174,1.684033,1.733989,880
921,1.329936,1.165215,0.998882,8.994382,0.441717,1.284260,1.228632,1.267104,0.504279,1.700541,1.720746,881
260,1.330501,1.133350,1.023471,8.185339,0.422901,1.274027,1.263290,1.313535,0.493528,1.629563,1.670217,882
219,1.331884,1.158102,1.005256,8.155210,0.438035,1.269094,1.156621,1.263824,0.517087,1.665600,1.742340,883
991,1.333019,1.215720,0.959484,8.688467,0.452560,1.298601,1.258594,1.273766,0.495703,1.751165,1.713780,884
831,1.333891,1.154314,1.010526,9.023808,0.400911,1.290645,1.363155,1.342501,0.523237,1.607988,1.616342,885
969,1.334025,1.112442,1.053372,7.967819,0.435496,1.275737,1.172563,1.288959,0.516413,1.689071,1.711680,886
739,1.334540,1.206728,0.992505,9.999958,0.515968,1.300397,1.167489,1.191736,0.456368,1.842926,1.843464,887
530,1.334679,1.210466,0.986389,9.126537,0.450413,1.293309,1.243900,1.265854,0.498703,1.724971,1.733120,888
402,1.337895,1.184297,0.995227,8.321172,0.494908,1.303062,1.186772,1.201991,0.486681,1.811566,1.828303,889
736,1.337900,1.162557,1.008628,8.635035,0.446553,1.296232,1.343567,1.328650,0.456637,1.684904,1.667404,890
939,1.338228,1.162579,1.009902,8.573853,0.438351,1.292509,1.232683,1.294616,0.513429,1.717650,1.704167,891
783,1.340535,1.162188,1.015171,7.976344,0.436984,1.300191,1.230820,1.267243,0.540414,1.728889,1.733590,892
83,1.341760,1.139062,1.033026,8.416932,0.399926,1.286603,1.326609,1.345847,0.527807,1.590685,1.642069,893
404,1.343008,1.166398,1.005138,8.386385,0.419563,1.277100,1.203913,1.336798,0.519649,1.649526,1.675611,894
67,1.344575,1.187026,0.998574,8.205768,0.494048,1.301249,1.214891,1.259521,0.447388,1.796206,1.788239,895
141,1.344671,1.174128,1.021798,11.671761,0.436371,1.302008,1.264551,1.286255,0.524171,1.710482,1.724579,896
378,1.344912,1.170319,1.021889,9.254618,0.455992,1.319812,1.276704,1.249551,0.529658,1.784427,1.758720,897
135,1.345265,1.195265,1.003280,11.029346,0.474950,1.307979,1.251453,1.248690,0.483801,1.770334,1.785616,898
195,1.346048,1.143228,1.047589,8.119591,0.398053,1.300809,1.346174,1.359508,0.543590,1.631936,1.622835,899
511,1.346146,1.153353,1.035084,8.641248,0.429238,1.292339,1.220942,1.312744,0.528386,1.696403,1.703218,900
519,1.348616,1.211412,0.992150,9.662376,0.444824,1.310841,1.247431,1.243389,0.548662,1.733999,1.780724,901
899,1.348948,1.168244,1.036620,9.411549,0.429806,1.294831,1.218384,1.323729,0.529147,1.706200,1.696692,902
357,1.350318,1.165133,1.028204,8.760603,0.414310,1.301030,1.250629,1.304285,0.561978,1.678928,1.709330,903
586,1.351430,1.156340,1.033892,8.120079,0.433715,1.301793,1.320878,1.334092,0.493885,1.668771,1.691340,904
984,1.352413,1.193229,1.014786,8.626446,0.487231,1.321584,1.292901,1.271074,0.460651,1.806934,1.776364,905
548,1.352859,1.189259,1.008897,7.873890,0.413153,1.315749,1.366690,1.317278,0.545675,1.660621,1.688481,906
63,1.353001,1.228511,0.989574,9.525011,0.437772,1.310807,1.363406,1.331160,0.489353,1.677103,1.693012,907
733,1.354291,1.201862,1.008456,8.588008,0.458586,1.313239,1.231193,1.259568,0.527619,1.762484,1.785333,908
615,1.359171,1.169904,1.035927,8.285624,0.455639,1.311740,1.216670,1.280729,0.528115,1.757100,1.776087,909
859,1.359708,1.220121,1.007191,9.198505,0.499281,1.326273,1.196556,1.239981,0.501573,1.861896,1.831358,910
933,1.360198,1.179843,1.034930,7.919854,0.495578,1.334921,1.305488,1.260653,0.468564,1.836172,1.803727,911
691,1.360756,1.214038,1.021185,10.695774,0.500242,1.327715,1.219190,1.225330,0.498360,1.843294,1.852403,912
87,1.360887,1.148520,1.067732,9.660219,0.450515,1.319273,1.282702,1.317450,0.510416,1.755342,1.730456,913
580,1.363865,1.155020,1.048288,7.978664,0.422245,1.310187,1.258349,1.326239,0.552886,1.690763,1.722700,914
210,1.363948,1.207138,1.027129,9.309752,0.501838,1.322390,1.170317,1.215456,0.513796,1.834610,1.877774,915
794,1.364121,1.247539,1.000678,8.757860,0.411774,1.303363,1.379234,1.433343,0.499456,1.606603,1.598178,916
80,1.364587,1.170295,1.046986,8.717587,0.439979,1.318751,1.235945,1.274193,0.564383,1.734431,1.784801,917
346,1.366776,1.179358,1.038279,8.448519,0.445324,1.311670,1.225527,1.322406,0.527662,1.735620,1.747136,918
112,1.367834,1.164342,1.052248,8.119049,0.421199,1.312809,1.340810,1.380999,0.515483,1.656960,1.669795,919
869,1.368649,1.184398,1.044161,8.551604,0.435476,1.304788,1.222132,1.311365,0.540356,1.681819,1.768269,920
853,1.369241,1.212176,1.008849,9.693783,0.526677,1.327886,1.151945,1.186468,0.502750,1.863864,1.934405,921
689,1.369805,1.241203,1.008997,10.322029,0.596364,1.334956,1.012779,1.138435,0.492633,2.023781,2.007151,922
856,1.371376,1.182204,1.045657,8.868435,0.440170,1.314280,1.236606,1.322386,0.537350,1.718197,1.756863,923
713,1.372344,1.218672,1.027108,9.517389,0.511995,1.347442,1.201650,1.203798,0.534394,1.901791,1.895578,924
657,1.376205,1.194608,1.044363,8.836173,0.437361,1.325071,1.270623,1.321720,0.547821,1.724229,1.760962,925
916,1.376373,1.171826,1.063599,8.898342,0.447039,1.330395,1.242278,1.318615,0.552154,1.776281,1.762647,926
1016,1.377030,1.219189,1.022307,10.539839,0.464635,1.336285,1.204626,1.276057,0.565114,1.821062,1.814564,927
65,1.378421,1.224989,1.030843,9.556293,0.451571,1.329999,1.276497,1.299616,0.536651,1.740110,1.797122,928
847,1.381261,1.179491,1.071670,7.869180,0.448257,1.314996,1.323745,1.393946,0.471291,1.673631,1.712367,929
276,1.382134,1.192686,1.058441,10.299429,0.421882,1.324976,1.318879,1.395977,0.535907,1.688981,1.685135,930
897,1.382655,1.203799,1.049762,8.852856,0.452982,1.325900,1.337464,1.389742,0.476201,1.713344,1.712748,931
362,1.382981,1.207956,1.046388,8.489855,0.494750,1.339586,1.226161,1.261513,0.511959,1.831084,1.867215,932
906,1.384362,1.239741,1.035268,9.687757,0.496242,1.328619,1.203967,1.260143,0.500726,1.792170,1.886086,933
716,1.384670,1.234127,1.023744,9.333741,0.498410,1.335961,1.218159,1.285135,0.491820,1.832843,1.851846,934
710,1.385235,1.241447,1.027725,10.155398,0.531137,1.342849,1.153341,1.211602,0.510982,1.895477,1.942843,935
965,1.389762,1.203445,1.069714,11.611876,0.454267,1.344811,1.275669,1.281095,0.566918,1.760827,1.839546,936
701,1.390568,1.227176,1.048448,9.700490,0.447829,1.352638,1.287769,1.307194,0.576020,1.792809,1.799397,937
803,1.391636,1.244608,1.028849,8.290658,0.445424,1.333329,1.415745,1.398145,0.479471,1.652807,1.720474,938
424,1.392512,1.200472,1.064883,9.939073,0.472265,1.342828,1.221716,1.297233,0.546460,1.809070,1.839661,939
142,1.393479,1.268843,1.026356,9.884210,0.482987,1.345860,1.264763,1.309176,0.508166,1.812172,1.835025,940
205,1.393554,1.223893,1.055587,10.401646,0.476974,1.342262,1.332375,1.342080,0.475151,1.760636,1.801069,941
458,1.393974,1.223511,1.054814,8.554686,0.416543,1.341704,1.403709,1.417230,0.542369,1.667028,1.678184,942
626,1.394155,1.238089,1.042959,9.415787,0.479582,1.347636,1.261582,1.338262,0.508074,1.831558,1.798700,943
975,1.395340,1.223238,1.055829,9.138866,0.502389,1.348580,1.228297,1.273082,0.509025,1.843909,1.888584,944
652,1.398574,1.241695,1.037279,8.911185,0.540254,1.363738,1.271986,1.257664,0.454469,1.910177,1.924394,945
93,1.399701,1.192114,1.090094,8.567489,0.458666,1.334978,1.350881,1.431888,0.465515,1.714724,1.711880,946
109,1.400314,1.202196,1.076894,9.710105,0.461715,1.361851,1.289702,1.300384,0.569457,1.812836,1.836873,947
442,1.401284,1.212760,1.060479,10.204255,0.459967,1.362855,1.311992,1.332562,0.552429,1.815485,1.801808,948
826,1.403616,1.235715,1.046512,8.185766,0.477358,1.356942,1.343349,1.333847,0.498486,1.781634,1.827395,949
193,1.405306,1.234587,1.055967,9.575928,0.459569,1.354974,1.227947,1.314175,0.582920,1.809652,1.840174,950
599,1.406927,1.272318,1.035100,9.136625,0.469939,1.349226,1.250736,1.347560,0.529841,1.796037,1.821960,951
940,1.410115,1.216600,1.072435,9.317771,0.470985,1.369403,1.378861,1.354692,0.511410,1.794841,1.807214,952
347,1.411248,1.208643,1.085165,10.390306,0.437279,1.351225,1.335437,1.400056,0.543377,1.720616,1.756642,953
429,1.412002,1.217518,1.078927,9.333830,0.449266,1.362584,1.305779,1.371129,0.560090,1.790108,1.785815,954
945,1.412118,1.252819,1.056207,8.905293,0.498762,1.364303,1.296574,1.312374,0.498469,1.831876,1.882221,955
192,1.414415,1.247294,1.055215,8.866720,0.439333,1.348230,1.383674,1.442589,0.509745,1.683396,1.721745,956
171,1.415004,1.245529,1.060624,9.541391,0.512925,1.388069,1.288016,1.272693,0.537344,1.926703,1.915588,957
539,1.419479,1.225536,1.085675,9.026416,0.447271,1.369079,1.371725,1.414851,0.537567,1.768549,1.752702,958
413,1.420202,1.216376,1.091547,10.313180,0.431176,1.367639,1.446279,1.426131,0.541907,1.689157,1.734722,959
331,1.421868,1.247487,1.066254,8.849778,0.416925,1.357426,1.445315,1.478749,0.543189,1.641472,1.678403,960
375,1.422981,1.278237,1.054030,9.691216,0.538023,1.375263,1.165332,1.238074,0.545305,1.925952,2.001651,961
57,1.425961,1.264569,1.059719,9.685582,0.512640,1.389261,1.275210,1.287160,0.539443,1.911535,1.932958,962
632,1.427833,1.236332,1.095866,11.346433,0.476034,1.393788,1.336607,1.361868,0.557612,1.883777,1.829075,963
107,1.427968,1.271492,1.075241,10.037292,0.420176,1.358857,1.341719,1.462067,0.568937,1.703147,1.718416,964
631,1.430330,1.243763,1.073951,8.984116,0.530181,1.392115,1.269882,1.294970,0.511295,1.939125,1.945303,965
305,1.436611,1.279677,1.068338,10.451286,0.510445,1.375019,1.252892,1.355613,0.498444,1.863797,1.904349,966
654,1.440372,1.263710,1.083563,8.377791,0.421837,1.352430,1.360906,1.508152,0.543268,1.638309,1.711514,967
624,1.443694,1.233150,1.123292,10.750009,0.466171,1.401749,1.375429,1.389324,0.564094,1.843315,1.836586,968
661,1.448421,1.317555,1.057428,9.764285,0.513858,1.409172,1.360738,1.351818,0.509606,1.908527,1.915173,969
236,1.454241,1.242789,1.116466,9.124186,0.465667,1.398660,1.396115,1.441521,0.535984,1.805622,1.814060,970
590,1.455078,1.285232,1.095861,10.646996,0.504453,1.409737,1.371820,1.365282,0.518522,1.877132,1.915928,971
259,1.461130,1.291454,1.090791,9.395302,0.432021,1.416818,1.509750,1.447618,0.593527,1.742863,1.790332,972
387,1.462217,1.291732,1.085731,9.233843,0.513297,1.438474,1.374545,1.323541,0.570957,1.965655,1.957672,973
262,1.466171,1.222805,1.148760,9.483333,0.428556,1.392690,1.499264,1.553651,0.547919,1.661325,1.701290,974
32,1.479450,1.305106,1.117754,9.474970,0.481012,1.415506,1.373737,1.446610,0.542303,1.834443,1.880436,975
749,1.481335,1.262102,1.141848,9.217260,0.471388,1.423680,1.553344,1.522981,0.504137,1.755711,1.782227,976
861,1.481390,1.324161,1.091043,8.811996,0.451118,1.408888,1.564460,1.565704,0.515641,1.666496,1.732138,977
563,1.487639,1.325315,1.100417,9.593971,0.506133,1.417678,1.227717,1.409121,0.577947,1.919988,1.953617,978
562,1.489770,1.292751,1.130881,9.887669,0.511393,1.454038,1.355496,1.377674,0.587963,1.983636,1.965422,979
272,1.490574,1.311491,1.123839,11.629521,0.499275,1.435653,1.363834,1.418074,0.557111,1.901931,1.937312,980
66,1.491273,1.310562,1.127749,9.879597,0.497702,1.436987,1.367704,1.426121,0.557713,1.905513,1.927884,981
470,1.493492,1.348370,1.097999,8.740450,0.565145,1.465507,1.329735,1.322020,0.548034,2.070189,2.057559,982
158,1.494704,1.238831,1.173485,9.560375,0.459354,1.442285,1.474467,1.522911,0.571137,1.844445,1.798465,983
126,1.496200,1.313436,1.137336,11.030994,0.486500,1.437026,1.514416,1.513195,0.505137,1.813944,1.838440,984
85,1.503008,1.296633,1.128483,8.702461,0.485151,1.433007,1.457079,1.516227,0.516148,1.815211,1.860373,985
822,1.506568,1.316902,1.150123,8.354259,0.473261,1.444821,1.561686,1.569259,0.519272,1.786487,1.787401,986
501,1.506643,1.287272,1.155216,10.297518,0.486329,1.465508,1.432642,1.430481,0.601689,1.926747,1.935983,987
184,1.509317,1.280646,1.172510,11.261027,0.469213,1.453720,1.427234,1.481426,0.597264,1.874176,1.888500,988
468,1.514937,1.339929,1.124048,9.992907,0.449379,1.440367,1.495895,1.563907,0.572740,1.756992,1.812297,989
673,1.536176,1.430382,1.154114,9.870642,0.486917,1.460863,1.568175,1.619708,0.506156,1.795690,1.814586,990
365,1.536884,1.361615,1.142530,10.106022,0.520568,1.478765,1.438046,1.457400,0.551162,1.937172,2.010046,991
140,1.540498,1.373066,1.161970,12.208800,0.522545,1.491017,1.492921,1.475829,0.541720,1.955147,1.989469,992
639,1.547808,1.328231,1.186476,9.588627,0.521520,1.484013,1.420228,1.508086,0.546944,1.964635,1.980171,993
211,1.552011,1.406070,1.132189,9.846797,0.495536,1.488315,1.613453,1.602189,0.521768,1.840115,1.864049,994
238,1.552659,1.390894,1.154531,10.080879,0.571029,1.504083,1.333959,1.425521,0.562440,2.107164,2.091330,995
951,1.563521,1.376668,1.168525,10.396203,0.487537,1.478565,1.486462,1.616372,0.550032,1.849698,1.890262,996
345,1.568380,1.345239,1.199612,10.002718,0.533531,1.509543,1.454265,1.472465,0.570005,1.982398,2.068581,997
999,1.576705,1.337536,1.217765,8.955568,0.496981,1.510183,1.520393,1.588505,0.576598,1.926716,1.938705,998
419,1.598717,1.380480,1.221106,9.023288,0.514116,1.550076,1.684264,1.621714,0.556174,1.949715,1.938516,999
994,1.606127,1.437620,1.194291,10.974934,0.566753,1.559631,1.476918,1.506590,0.575255,2.124692,2.114699,1000
443,1.609854,1.393743,1.235323,10.465565,0.555740,1.566469,1.563390,1.509484,0.573594,2.072488,2.113389,1001
1006,1.645286,1.490119,1.178284,11.334392,0.526823,1.568268,1.568160,1.662708,0.579257,2.001088,2.030128,1002
290,1.646586,1.451939,1.225889,10.296343,0.662576,1.623390,1.419563,1.404857,0.596260,2.358623,2.337648,1003
611,1.668027,1.398870,1.292956,9.650508,0.504320,1.616191,1.685435,1.666730,0.659907,2.034003,2.034879,1004
1001,1.670464,1.458675,1.269646,11.509455,0.574617,1.621238,1.563411,1.571003,0.611304,2.171985,2.188485,1005
145,1.682766,1.544495,1.221629,11.832707,0.571909,1.617278,1.533367,1.602535,0.609723,2.146647,2.194118,1006
640,1.709599,1.533471,1.270330,11.703989,0.560493,1.634682,1.539147,1.612153,0.657885,2.120344,2.243883,1007
551,1.711870,1.501676,1.280781,11.521715,0.666525,1.679258,1.519535,1.498164,0.602836,2.386078,2.389675,1008
612,1.716676,1.533782,1.272908,11.394983,0.572419,1.672538,1.653132,1.658977,0.639145,2.231183,2.180251,1009
355,1.721717,1.469554,1.336376,12.581606,0.596950,1.650192,1.545368,1.654281,0.598397,2.213987,2.238925,1010
47,1.725359,1.489769,1.310820,12.809257,0.552542,1.648822,1.669973,1.732219,0.609155,2.094185,2.138575,1011
995,1.731566,1.492233,1.323510,10.768452,0.602129,1.663939,1.680480,1.688226,0.551811,2.174474,2.224703,1012
427,1.767911,1.523427,1.349280,12.049929,0.596624,1.704136,1.662506,1.700648,0.630792,2.247428,2.279308,1013
400,1.786685,1.612011,1.311070,12.191164,0.681516,1.762250,1.650638,1.602326,0.625934,2.498181,2.434169,1014
698,1.788025,1.565349,1.338113,12.274755,0.564397,1.712166,1.679443,1.792595,0.668510,2.211608,2.208672,1015
45,1.813386,1.537023,1.417685,11.606918,0.614805,1.744088,1.732825,1.776594,0.614979,2.288678,2.307363,1016
941,1.818510,1.567038,1.392832,10.990078,0.596368,1.742484,1.709391,1.822854,0.640529,2.280820,2.258828,1017
834,1.823920,1.650760,1.332270,11.472993,0.678148,1.769444,1.690794,1.706008,0.583256,2.436129,2.431032,1018
757,1.856920,1.626027,1.397429,15.552452,0.604510,1.786616,1.778164,1.835589,0.670347,2.321494,2.327487,1019
70,1.905901,1.669696,1.427943,12.662573,0.605022,1.829560,1.876479,1.930339,0.681652,2.329338,2.329992,1020
629,1.946317,1.732117,1.429065,13.159672,0.650631,1.878617,1.993820,1.980609,0.629616,2.412016,2.377025,1021
4,1.964171,1.783843,1.457825,16.237141,0.695259,1.901538,1.859599,1.857248,0.662686,2.547747,2.580410,1022
963,1.982154,1.726484,1.509232,13.216076,0.680134,1.902397,1.859268,1.909104,0.674051,2.500460,2.569101,1023
880,2.040551,1.776621,1.558782,14.341676,0.672231,1.962023,2.014229,2.006032,0.705469,2.505534,2.578852,1024
