dimension,ori_mean,ori_std,mod_mean_Human_Plagiarism_(Base),mod_std_Human_Plagiarism_(Base),shift_mean_Human_Plagiarism_(Base),shift_std_Human_Plagiarism_(Base),mod_mean_Human_Plagiarism_+_DSP,mod_std_Human_Plagiarism_+_DSP,shift_mean_Human_Plagiarism_+_DSP,shift_std_Human_Plagiarism_+_DSP,mod_mean_Original_+_DSP,mod_std_Original_+_DSP,shift_mean_Original_+_DSP,shift_std_Original_+_DSP,mod_mean_AI_Generation_(Base),mod_std_AI_Generation_(Base),shift_mean_AI_Generation_(Base),shift_std_AI_Generation_(Base),mod_mean_AI_+_DSP,mod_std_AI_+_DSP,shift_mean_AI_+_DSP,shift_std_AI_+_DSP
0,-0.069849,1.377165,0.001444,1.395797,0.156098,1.419832,-0.062530,1.333552,0.102470,1.424490,-0.036340,1.289279,-0.053941,0.628084,-0.474815,1.407885,-0.495138,1.879560,-0.386091,1.384276,-0.405412,1.894343
1,0.555704,1.478577,0.517022,1.516441,-0.084372,1.506827,0.571619,1.503544,-0.025991,1.546430,0.570528,1.527722,0.056450,0.700538,-0.005489,1.419872,-0.523537,1.953771,-0.114180,1.427825,-0.630112,2.008474
2,0.458942,1.160926,0.629522,1.216513,0.177124,1.174732,0.639263,1.172340,0.175933,1.181218,0.425328,1.126071,-0.032338,0.596037,-0.255642,1.149423,-0.710113,1.540576,-0.278332,1.186907,-0.733949,1.590656
3,0.137552,1.495907,0.056955,1.444457,-0.140726,1.647295,0.061908,1.464846,-0.130266,1.719979,0.051500,1.506637,-0.034522,0.754820,0.365111,1.370206,0.281907,1.907182,0.359803,1.363749,0.274632,1.941418
4,-0.568616,2.624034,-0.972807,2.530845,-0.466770,2.420484,-0.846315,2.465995,-0.340050,2.454378,-0.540339,2.551635,0.083748,0.888788,0.319303,2.037633,0.948431,3.044926,0.494943,1.991292,1.123816,3.044075
5,-0.468583,1.310148,-0.238469,1.186665,0.354653,1.495611,-0.289011,1.244107,0.298115,1.595704,-0.365185,1.241740,-0.009733,0.638564,-0.016655,1.360313,0.339123,1.784495,-0.068980,1.314299,0.286870,1.776117
6,0.228579,1.489425,0.371943,1.511977,0.074862,1.546685,0.396035,1.526117,0.099241,1.644146,0.185757,1.475863,0.021205,0.648023,-0.020711,1.314468,-0.184313,1.892754,-0.014941,1.275277,-0.178813,1.876342
7,-0.687199,1.139957,-0.661494,1.062889,0.072872,1.149845,-0.677829,1.111203,0.065723,1.253306,-0.636513,1.145356,-0.000590,0.642885,-0.545529,1.304404,0.087143,1.649862,-0.447477,1.259152,0.187347,1.638692
8,0.240539,1.377661,0.214976,1.076436,-0.038009,1.296979,0.151196,1.111127,-0.095762,1.477408,0.209171,1.313894,-0.025317,0.608323,-0.326576,1.347010,-0.560962,1.785809,-0.340942,1.312717,-0.574336,1.779402
9,-0.006850,1.677609,-0.118509,1.563409,-0.004453,1.298580,-0.169808,1.499021,-0.056168,1.379568,0.015525,1.539835,-0.076914,0.573744,-0.820261,1.207692,-0.915331,1.912156,-0.835962,1.180166,-0.930793,1.902342
10,0.746731,1.306111,0.504756,1.364594,-0.221042,1.376049,0.587925,1.389549,-0.130071,1.423365,0.773133,1.310097,0.003465,0.592905,-0.149260,1.173541,-0.924267,1.652908,-0.239819,1.253454,-1.013990,1.739061
11,-0.006622,1.214340,0.062151,1.199351,0.106452,1.374842,0.114346,1.172664,0.159870,1.385656,0.070198,1.207113,0.036771,0.622562,-0.104484,1.320503,-0.131916,1.655858,-0.165126,1.270154,-0.194070,1.659243
12,-0.189856,1.441118,-0.266016,1.458202,-0.083310,1.497075,-0.180245,1.427549,0.006236,1.439611,-0.108902,1.399891,0.086610,0.619178,0.374928,1.285934,0.563519,1.852920,0.437450,1.264705,0.630675,1.839100
13,0.148861,1.259171,0.242358,1.449534,0.045008,1.553398,0.151411,1.345691,-0.046190,1.452715,0.069086,1.224713,-0.034088,0.664565,-0.006533,1.250180,-0.105570,1.681085,-0.003916,1.226194,-0.106983,1.720043
14,-0.291076,1.361803,-0.267882,1.424573,0.082652,1.334386,-0.344271,1.344869,0.011774,1.361435,-0.255017,1.385360,-0.023165,0.631435,-0.819667,1.395422,-0.591123,1.878490,-0.817772,1.380789,-0.587955,1.887020
15,-0.668759,1.326291,-0.653159,1.469718,0.029218,1.392711,-0.625615,1.331894,0.056102,1.301322,-0.591381,1.262766,0.065489,0.633453,-0.235971,1.348782,0.420142,1.760245,-0.363071,1.354193,0.293213,1.795992
16,0.408651,1.313972,0.473336,1.235672,0.072427,1.363213,0.378653,1.253875,-0.030568,1.400141,0.358573,1.318365,-0.050355,0.612683,-0.140633,1.406605,-0.551139,1.810524,-0.209082,1.418166,-0.618027,1.828966
17,-0.227446,1.113573,-0.005267,1.115385,0.304889,1.174875,0.021445,1.160251,0.334794,1.220777,-0.092435,1.148599,0.053080,0.579222,0.012352,1.285538,0.157657,1.651607,0.003936,1.227443,0.151096,1.612564
18,-0.343559,1.184129,-0.551624,1.177577,-0.183787,1.196512,-0.461839,1.192709,-0.084604,1.259213,-0.288745,1.201339,0.024082,0.591994,0.165993,1.216700,0.479231,1.644567,0.189713,1.227336,0.502428,1.673028
19,0.408148,1.248878,0.500884,1.274971,0.231424,1.418261,0.431139,1.277585,0.167249,1.415178,0.497945,1.278356,-0.044932,0.598218,0.229579,1.231412,-0.317073,1.637038,0.164568,1.213948,-0.379495,1.651907
20,0.153414,1.347177,0.212023,1.257912,0.004216,1.445715,0.222364,1.186297,0.016794,1.449432,0.123423,1.256143,0.018432,0.576352,0.152603,1.244201,0.049779,1.694614,0.170611,1.250566,0.067137,1.725503
21,0.300886,1.343852,0.151397,1.324003,-0.194102,1.193247,0.214657,1.366626,-0.129302,1.277154,0.304953,1.380417,0.045726,0.550590,0.092742,1.201079,-0.164764,1.651340,0.139788,1.173526,-0.120741,1.670009
22,-0.291382,1.219021,-0.033978,1.226186,0.354687,1.207034,-0.105625,1.224200,0.277225,1.346040,-0.241571,1.175680,-0.037708,0.652303,-0.242064,1.140076,-0.036525,1.587436,-0.191355,1.176085,0.012828,1.648993
23,-0.378769,1.188999,-0.595389,1.312492,-0.270779,1.440188,-0.603441,1.258418,-0.276209,1.394747,-0.482826,1.223658,-0.054054,0.613250,-0.120861,1.257539,0.303824,1.659838,-0.133975,1.270135,0.293808,1.698921
24,-0.026795,1.456597,0.029759,1.419011,0.146120,1.403746,0.095520,1.355732,0.225434,1.432156,0.134622,1.367933,0.064625,0.713462,0.270842,1.218439,0.200517,1.859211,0.289378,1.258191,0.220703,1.907110
25,0.317569,1.327698,0.250592,1.262034,-0.040357,1.290716,0.309193,1.318266,0.018972,1.382579,0.364411,1.312572,0.019573,0.635508,-0.033866,1.427756,-0.375232,1.847087,-0.033003,1.354130,-0.375995,1.808969
26,-0.150708,1.421193,-0.213744,1.502596,-0.068158,1.405488,-0.242060,1.509356,-0.093271,1.411095,-0.199815,1.445052,-0.044499,0.602611,-0.246546,1.248224,-0.093337,1.826984,-0.322788,1.236377,-0.170942,1.834219
27,0.006012,1.219883,0.243666,1.208091,0.338341,1.218382,0.225855,1.203581,0.321500,1.237071,0.131259,1.231614,0.029502,0.622170,0.205225,1.306768,0.102764,1.736187,0.304910,1.264273,0.202786,1.727733
28,1.090460,1.422260,1.013258,1.512639,-0.055095,1.371026,0.994458,1.507373,-0.072110,1.354728,1.052754,1.481521,-0.060048,0.612141,0.440964,1.232772,-0.673307,1.813872,0.514294,1.245895,-0.598410,1.836638
29,0.741584,1.307238,0.700306,1.367545,-0.134074,1.586613,0.814446,1.394782,-0.011284,1.623173,0.706166,1.312539,0.044219,0.619818,0.676848,1.320422,0.018915,1.759791,0.780602,1.281874,0.119700,1.761233
30,0.418596,1.562641,0.574477,1.591675,0.217128,1.373773,0.557747,1.512953,0.204012,1.371886,0.477479,1.516234,-0.000450,0.568276,-0.256997,1.369358,-0.738944,1.897603,-0.312324,1.333865,-0.792209,1.923729
31,-0.032276,1.144092,0.028417,1.010783,0.078349,1.383820,0.165746,1.131411,0.219228,1.436797,0.120101,1.189612,0.131856,0.624762,0.039639,1.191007,0.053452,1.553971,0.244705,1.218011,0.257562,1.582665
32,0.591230,1.760233,0.494138,1.663557,-0.073199,1.814579,0.369525,1.651733,-0.191579,1.882804,0.506554,1.763255,-0.108889,0.732546,0.316818,1.687349,-0.304643,2.278723,0.071924,1.644550,-0.548230,2.300028
33,-0.282067,1.145630,-0.352044,1.049465,-0.085869,1.086322,-0.394084,1.108130,-0.133282,1.171483,-0.304538,1.205155,-0.002161,0.592598,-0.306397,1.150515,-0.004648,1.593466,-0.289231,1.138474,0.011951,1.584824
34,-0.499621,1.367379,-0.676182,1.473418,-0.257192,1.367393,-0.779721,1.373434,-0.366220,1.312237,-0.659796,1.368161,-0.077919,0.651926,-0.596407,1.458979,-0.013719,1.902782,-0.704260,1.390509,-0.124655,1.898806
35,-0.146066,1.389869,0.031647,1.463486,0.122912,1.492702,0.003374,1.447775,0.091683,1.521190,-0.198041,1.423208,0.002512,0.613941,0.196519,1.272851,0.396968,1.824489,0.248467,1.262739,0.448729,1.842126
36,-0.031205,1.159873,-0.067474,0.986858,-0.067156,1.232945,-0.093379,1.069582,-0.089308,1.285172,-0.067550,1.130961,-0.008375,0.600477,-0.247296,1.166376,-0.191231,1.538170,-0.209782,1.168279,-0.153087,1.544294
37,-0.088524,1.039289,0.187790,1.080080,0.287056,1.087129,0.148177,1.130274,0.247585,1.186843,-0.048643,1.111199,0.027315,0.524293,0.021802,1.199515,0.102816,1.561930,-0.038704,1.163628,0.040156,1.545445
38,0.276007,1.408408,0.140296,1.504106,-0.128026,1.409217,0.112135,1.522563,-0.146672,1.453300,0.265505,1.475823,-0.024301,0.658185,0.029701,1.572042,-0.263259,2.076314,-0.081668,1.516494,-0.373200,2.053093
39,0.217034,1.265372,0.054529,1.302567,-0.241830,1.465373,0.077182,1.263660,-0.216404,1.449468,0.167835,1.235592,0.024596,0.598751,0.327043,1.213856,0.182102,1.604241,0.345622,1.186002,0.200974,1.621336
40,-0.486455,1.306450,-0.435589,1.208747,0.078742,1.264704,-0.452453,1.227628,0.054028,1.303195,-0.518882,1.242991,-0.054463,0.609715,-0.652263,1.235779,-0.182729,1.624112,-0.702801,1.244378,-0.235646,1.678505
41,-0.074810,1.431542,-0.005015,1.309135,0.197646,1.385029,-0.152454,1.331252,0.062137,1.411586,-0.019532,1.444122,-0.074033,0.652448,-0.649125,1.262909,-0.706758,1.778534,-0.653126,1.252881,-0.709567,1.802434
42,0.348660,1.275457,0.433640,1.382630,0.025502,1.324132,0.279642,1.327293,-0.122861,1.334903,0.209410,1.268875,-0.087110,0.627083,0.177785,1.407879,-0.122037,1.869856,-0.084438,1.393189,-0.381416,1.873829
43,0.026576,1.335698,0.020445,1.353572,-0.038298,1.252213,0.102510,1.355676,0.044865,1.291176,0.029751,1.373375,0.032424,0.644486,-0.033193,1.200483,-0.029366,1.700339,-0.062220,1.210147,-0.059276,1.742008
44,0.147329,1.236623,0.316507,1.166345,0.209243,1.150501,0.334650,1.205545,0.228671,1.199042,0.220486,1.264871,0.034597,0.563807,-0.001650,1.165554,-0.190814,1.601818,0.097535,1.170189,-0.088588,1.623491
45,-0.947279,2.132615,-1.292426,2.019253,-0.368689,2.160074,-1.159085,1.960894,-0.226983,2.226790,-0.896309,2.015579,0.065884,0.821344,-0.163759,2.275041,0.798194,2.758466,-0.097907,2.198476,0.864916,2.754621
46,-0.114758,1.606614,-0.165011,1.390676,-0.020380,1.494691,-0.112171,1.383366,0.028833,1.507149,-0.068018,1.523616,0.021018,0.681137,-0.435272,1.450542,-0.348316,2.002915,-0.333494,1.424979,-0.243503,2.025055
47,0.501783,2.124300,0.777285,1.828673,0.254510,2.155478,0.818852,1.769826,0.289682,2.221604,0.567363,1.909284,0.090158,0.815604,0.572711,1.935104,0.095322,2.626763,0.378466,1.937978,-0.097819,2.672214
48,-0.699762,1.517604,-0.492892,1.447710,0.262319,1.356713,-0.475206,1.463952,0.273639,1.405831,-0.611785,1.512212,0.035603,0.674149,-0.483757,1.384404,0.172986,1.957505,-0.495748,1.350264,0.158497,1.961645
49,0.408696,1.423929,0.283399,1.371617,-0.179011,1.363706,0.192963,1.274792,-0.266779,1.410041,0.310034,1.315821,-0.049394,0.662168,-0.032105,1.226715,-0.392366,1.736242,0.044710,1.215165,-0.315673,1.770865
50,-0.652131,1.228813,-0.587458,1.211152,0.127522,1.254698,-0.579949,1.181386,0.137846,1.322350,-0.565200,1.169347,0.026561,0.606546,-0.315476,1.212759,0.273089,1.632857,-0.245529,1.229049,0.344473,1.660046
51,-0.330179,1.306251,-0.425880,1.172855,-0.132496,1.472448,-0.304698,1.199855,-0.017689,1.478550,-0.266435,1.262010,0.104987,0.666305,0.276826,1.197832,0.647810,1.641334,0.271564,1.157295,0.641266,1.623562
52,0.061951,1.213259,0.150093,1.203966,0.165575,1.259250,0.059256,1.230187,0.075280,1.259714,0.101624,1.246000,-0.033580,0.641883,0.201983,1.361841,0.065937,1.745618,0.072312,1.337290,-0.063459,1.746825
53,-0.721395,1.124007,-0.743775,1.132493,0.014059,1.098979,-0.753630,1.162915,0.004780,1.152402,-0.682933,1.144672,0.003855,0.555005,-0.130074,1.214722,0.556723,1.604691,-0.293405,1.222448,0.392819,1.617754
54,-0.030569,1.442941,-0.072979,1.396906,-0.156480,1.471304,-0.109430,1.371325,-0.191800,1.477741,-0.148474,1.408252,-0.012479,0.639378,-0.283283,1.327616,-0.146474,1.847912,-0.277936,1.311213,-0.139713,1.882922
55,-0.000799,1.302569,0.064783,1.256532,0.152674,1.131570,0.068260,1.321093,0.164519,1.218682,0.071787,1.341687,-0.013757,0.604618,-0.861957,1.420596,-0.951749,1.851994,-0.899881,1.375693,-0.989452,1.860270
56,-0.552803,1.237212,-0.412354,1.258571,0.225082,1.322036,-0.382060,1.260508,0.255048,1.338639,-0.450418,1.228830,0.021804,0.606765,-0.603017,1.303063,-0.129113,1.736843,-0.598665,1.314710,-0.125455,1.773542
57,0.260821,1.846938,0.335885,1.805457,0.095501,1.666359,0.210913,1.724690,-0.030871,1.676391,0.164661,1.806653,-0.113454,0.734641,-0.325387,1.608648,-0.605050,2.321103,-0.486359,1.514238,-0.765647,2.289771
58,0.103802,1.323298,0.151084,1.188676,0.153342,1.202808,0.093789,1.219635,0.103855,1.278718,0.167123,1.321513,-0.040539,0.584934,-0.276914,1.191292,-0.488702,1.669894,-0.211690,1.183899,-0.423318,1.696172
59,-0.300538,1.094749,-0.242589,1.102570,0.156758,1.199638,-0.276941,1.137802,0.126363,1.192460,-0.230814,1.128929,-0.026229,0.569304,-0.766350,1.121277,-0.563738,1.510181,-0.844398,1.101026,-0.640775,1.511240
60,0.045685,1.172378,-0.050112,1.103755,-0.118326,1.216628,-0.083936,1.154785,-0.150900,1.250276,0.006899,1.189597,-0.018606,0.582458,-0.198096,1.253815,-0.222806,1.621971,-0.311844,1.256421,-0.337301,1.651070
61,0.383046,1.614913,0.563076,1.558272,0.278579,1.504111,0.631941,1.545989,0.337354,1.590440,0.501571,1.588243,0.031408,0.634156,0.492545,1.380820,0.025920,2.036834,0.360486,1.358764,-0.106646,2.031075
62,-0.360440,1.169625,-0.153762,1.154794,0.178822,1.133602,-0.142943,1.154034,0.191439,1.204314,-0.372649,1.159776,0.011643,0.542912,-0.317258,1.056421,0.069504,1.500845,-0.337465,1.052900,0.048041,1.524405
63,-0.113966,1.467782,-0.376314,1.449040,-0.340835,1.820583,-0.199447,1.380551,-0.174751,1.773793,-0.078360,1.421396,0.119106,0.694004,0.347113,1.564616,0.545571,2.044839,0.357790,1.571295,0.554642,2.061176
64,0.912479,1.274000,0.777511,1.311979,-0.183302,1.390263,0.860044,1.308571,-0.097697,1.381650,0.907460,1.305142,0.038634,0.610616,0.499671,1.196929,-0.370592,1.662264,0.437727,1.205389,-0.431644,1.688211
65,-0.332523,1.650592,-0.201636,1.784823,0.037595,1.705507,-0.285675,1.675331,-0.047969,1.721451,-0.474842,1.658331,-0.054685,0.744632,0.013593,1.504967,0.435738,2.135462,0.141791,1.518953,0.564521,2.172676
66,-0.222376,1.851937,-0.130968,1.882878,0.106011,1.773351,-0.112916,1.910841,0.136164,1.840181,-0.177759,1.851365,0.024741,0.742379,0.533587,1.683155,0.727960,2.304269,0.565168,1.656925,0.762580,2.310531
67,0.375003,1.583336,0.407394,1.314701,0.146586,1.547407,0.473575,1.322460,0.217995,1.622015,0.515948,1.493586,0.031268,0.616845,-0.645213,1.392980,-1.133070,1.925390,-0.644389,1.332213,-1.132766,1.925081
68,-0.661985,1.170383,-0.627218,1.262290,0.077595,1.357975,-0.629334,1.166317,0.072134,1.330375,-0.638671,1.177945,-0.015289,0.631169,-0.387813,1.254312,0.238480,1.687090,-0.431843,1.247323,0.192466,1.693863
69,-0.351941,1.286181,-0.363420,1.256265,0.035621,1.113111,-0.346759,1.301344,0.052096,1.175660,-0.312205,1.289691,-0.005794,0.579255,-0.215400,1.174649,0.092579,1.676272,-0.182755,1.141746,0.125196,1.682255
70,1.113850,2.623147,1.233244,2.443656,0.219159,2.450822,1.308240,2.381849,0.281501,2.521725,1.317387,2.503512,0.118516,0.928724,1.624459,2.011806,0.427474,2.870854,1.614746,1.961062,0.417421,2.883580
71,0.058967,1.109564,0.078977,1.037410,-0.005700,1.032775,0.140006,1.059374,0.057349,1.164683,0.061673,1.122680,0.026475,0.546157,0.542324,1.156197,0.507168,1.519848,0.390923,1.120013,0.353998,1.514981
72,-0.539021,1.191175,-0.555541,1.177649,0.022595,1.181446,-0.584791,1.184296,0.000078,1.269062,-0.546201,1.227243,-0.049961,0.593112,-0.063981,1.336679,0.431865,1.727023,-0.045613,1.294130,0.451042,1.710708
73,-0.619611,1.282804,-0.580100,1.344972,-0.012372,1.546803,-0.601037,1.223078,-0.038675,1.499487,-0.701026,1.255319,-0.028028,0.625904,-0.291333,1.235178,0.382898,1.713661,-0.303044,1.253758,0.370035,1.750095
74,0.288716,1.151323,0.156503,1.135872,-0.177804,1.339084,0.137091,1.138497,-0.196795,1.364023,0.242215,1.171431,-0.003805,0.601363,-0.226901,1.366011,-0.473113,1.746255,-0.117474,1.325126,-0.363366,1.740817
75,0.279852,1.316838,0.236495,1.102408,-0.050409,1.404926,0.272874,1.152358,-0.009526,1.391455,0.261085,1.261416,-0.015231,0.581114,0.031806,1.198813,-0.247579,1.643902,-0.156030,1.235876,-0.432903,1.701382
76,0.185125,1.072882,0.103695,1.012525,-0.112766,1.295559,0.090905,1.044605,-0.124277,1.340252,0.161720,1.107084,0.005409,0.545571,0.173154,1.117889,0.016424,1.478686,0.306551,1.117433,0.149918,1.499797
77,-0.006147,1.612045,0.138260,1.398066,0.099196,1.604303,0.185103,1.445878,0.150005,1.657952,-0.042734,1.604228,0.005074,0.661600,-0.159902,1.486471,-0.115135,2.068882,-0.039963,1.508792,0.004867,2.093794
78,0.267279,1.124879,0.203667,1.026159,-0.137659,1.204709,0.196082,1.054339,-0.148967,1.234037,0.178902,1.163939,-0.015041,0.597403,0.222878,1.195548,0.030580,1.529138,0.237988,1.191445,0.043555,1.579755
79,-0.256797,1.284060,-0.217854,1.385354,0.040878,1.364146,-0.176607,1.391308,0.077694,1.434478,-0.201917,1.327143,0.054268,0.725746,0.090569,1.413599,0.352251,1.806966,0.325895,1.402126,0.585161,1.836338
80,-0.118284,1.618092,-0.143950,1.695587,0.077936,1.586121,-0.072389,1.606789,0.153428,1.629335,0.015178,1.631138,0.032720,0.810832,-0.697020,1.424596,-0.681078,2.069821,-0.645440,1.426797,-0.628473,2.129465
81,-0.025817,1.274027,-0.035039,1.290595,0.036254,1.375024,-0.108804,1.257108,-0.035621,1.407458,-0.025961,1.284827,-0.041864,0.621510,0.289487,1.300979,0.267370,1.724466,0.307956,1.258690,0.288415,1.712180
82,-0.059780,1.181586,-0.047703,1.362085,0.010633,1.371356,-0.143263,1.232440,-0.080658,1.313349,-0.118189,1.172428,-0.060379,0.687411,-0.119429,1.271620,-0.061764,1.712407,-0.264150,1.266666,-0.206627,1.731285
83,0.470080,1.588438,0.265775,1.664206,-0.332007,1.669338,0.391220,1.632320,-0.211099,1.710782,0.408367,1.627441,0.062914,0.712659,0.457511,1.422465,0.112623,1.997044,0.347686,1.445026,0.001999,2.059653
84,-0.066070,1.244690,0.146732,1.161936,0.225081,1.347243,0.181574,1.220157,0.255641,1.410777,-0.036313,1.262625,0.021380,0.637037,-0.514153,1.389455,-0.454954,1.760715,-0.511522,1.345258,-0.453525,1.764329
85,0.367225,1.846978,0.488661,1.533119,0.293513,1.838989,0.523582,1.531057,0.329006,1.942163,0.522445,1.703812,-0.007157,0.709105,0.076129,1.607907,-0.452795,2.218592,-0.058829,1.593511,-0.589827,2.239492
86,0.298313,1.271474,0.215071,1.198481,-0.195190,1.222713,0.119410,1.199329,-0.286387,1.281663,0.156055,1.244770,-0.041383,0.582995,0.842681,1.529953,0.647815,1.880540,0.725268,1.411291,0.529551,1.808227
87,0.146449,1.460882,0.153574,1.260969,-0.080440,1.613272,0.208127,1.314127,-0.025372,1.652862,0.109873,1.402522,0.044420,0.695622,0.972390,1.558164,0.911191,2.000752,1.005220,1.479900,0.941419,1.959615
88,0.494214,1.480723,0.492712,1.390714,0.011738,1.220200,0.686851,1.469221,0.197209,1.298709,0.537663,1.509174,0.038334,0.694455,0.599060,1.409121,0.102212,1.887424,0.631215,1.402693,0.131228,1.883437
89,-0.079958,1.102496,-0.017818,1.161055,0.125596,1.266397,0.073513,1.133593,0.218127,1.260013,0.039450,1.132618,0.057412,0.549168,0.060411,1.118456,0.078733,1.506058,0.067477,1.134589,0.086892,1.562467
90,0.537709,1.201010,0.784523,1.189250,0.325808,1.229073,0.739094,1.217034,0.277657,1.279685,0.600858,1.264263,-0.010581,0.612629,-0.165177,1.249769,-0.774128,1.719935,-0.002925,1.256085,-0.612766,1.732108
91,-0.137993,1.141689,-0.132389,1.192684,-0.039428,1.221719,-0.067191,1.140704,0.017291,1.183707,-0.149956,1.162722,0.036088,0.574627,-0.194293,1.186693,-0.005876,1.550591,-0.115127,1.216328,0.073016,1.611836
92,-0.185690,1.429004,-0.064268,1.288081,0.180765,1.514972,-0.061185,1.307963,0.193996,1.550435,-0.142066,1.403626,-0.020428,0.676940,-0.091798,1.446557,0.031345,1.892771,0.136229,1.423471,0.256952,1.884367
93,-0.133090,1.705480,-0.027571,1.787732,0.099547,1.741464,-0.134255,1.774797,-0.008261,1.815062,-0.205589,1.668166,-0.067730,0.636031,-0.182079,1.515465,-0.038714,2.153014,-0.162136,1.465350,-0.022157,2.147854
94,-0.473798,1.334513,-0.466147,1.253997,-0.019407,1.403916,-0.530307,1.275614,-0.082766,1.476767,-0.522503,1.321695,-0.022484,0.641127,-0.132965,1.263485,0.364931,1.751736,-0.187354,1.266089,0.310889,1.752733
95,0.710185,1.314691,0.743698,1.358665,0.012370,1.236405,0.600364,1.313724,-0.122539,1.237327,0.604702,1.272927,-0.092910,0.601869,0.337837,1.272663,-0.359836,1.737499,0.217166,1.225395,-0.479692,1.738315
96,-0.200842,1.031552,-0.052339,0.982275,0.226661,1.131398,-0.177906,1.029416,0.109640,1.172377,-0.168902,1.032895,-0.048003,0.581479,-0.507007,1.154421,-0.388453,1.453202,-0.534544,1.129306,-0.414986,1.472349
97,0.102937,1.505757,0.007034,1.226370,-0.172324,1.583561,-0.067510,1.251525,-0.247021,1.693687,0.011423,1.411296,-0.021086,0.672400,-0.129834,1.298694,-0.161417,1.783061,-0.189591,1.326821,-0.219199,1.842550
98,0.350740,0.964491,0.308374,1.026340,-0.026824,1.198422,0.256216,1.048172,-0.078672,1.188629,0.330166,1.049153,-0.034292,0.507564,-0.146722,1.120006,-0.513820,1.428809,-0.187062,1.081729,-0.553136,1.419936
99,0.249383,1.523460,0.230496,1.508268,-0.076041,1.465162,0.210160,1.529786,-0.091498,1.608727,0.186142,1.476452,-0.013033,0.640156,0.139315,1.325321,-0.061972,1.867471,0.092257,1.310620,-0.106948,1.885100
100,0.568916,1.729272,0.583766,1.704262,0.013905,1.548739,0.628038,1.531278,0.070495,1.637704,0.627651,1.532380,0.049913,0.676741,0.297163,1.505625,-0.282173,2.051545,0.412919,1.485593,-0.165342,2.057123
101,-0.468663,1.328114,-0.766976,1.017452,-0.351426,1.373927,-0.861148,1.202995,-0.439736,1.521549,-0.574089,1.349770,-0.059196,0.730286,-0.124946,1.369167,0.388284,1.800195,-0.068855,1.354430,0.444890,1.806450
102,0.288239,1.376040,0.223661,1.385122,0.006374,1.316858,0.212035,1.441701,-0.000682,1.353868,0.339596,1.391974,-0.016716,0.564105,-0.144820,1.172100,-0.505923,1.697299,0.002386,1.194306,-0.357670,1.747029
103,0.576675,1.592517,0.794742,1.493315,0.272068,1.745392,0.649112,1.525238,0.125418,1.771700,0.574289,1.584352,-0.054081,0.647101,0.141902,1.426169,-0.482890,2.003663,0.132345,1.421715,-0.494159,2.015207
104,0.096521,1.620975,0.182864,1.560881,0.143742,1.622103,0.133537,1.578201,0.092028,1.656430,0.147220,1.643827,-0.001908,0.654047,-0.345885,1.404266,-0.495329,1.978167,-0.420609,1.401001,-0.569257,2.024601
105,0.564743,1.232496,0.585409,1.288364,-0.046147,1.323962,0.619004,1.258083,-0.014302,1.353457,0.484620,1.274707,-0.016448,0.606231,0.407326,1.250647,-0.091318,1.703912,0.356991,1.238742,-0.142831,1.719192
106,0.683217,1.325889,0.928420,1.191515,0.309429,1.175711,0.867090,1.165971,0.243352,1.187261,0.734811,1.310405,-0.004929,0.586650,0.658949,1.267738,-0.078681,1.742145,0.601694,1.232736,-0.138782,1.724042
107,0.160897,1.700361,-0.057776,1.643154,-0.367122,1.725552,-0.127251,1.712378,-0.442038,1.912236,-0.007232,1.682254,-0.024730,0.804404,0.285497,1.552690,0.269331,2.118677,0.301622,1.527630,0.286298,2.131592
108,-0.655588,1.470046,-0.538287,1.450776,0.254428,1.593678,-0.370003,1.425658,0.421214,1.662305,-0.412172,1.469521,0.117378,0.701715,-0.283456,1.442366,0.241249,2.044832,-0.226920,1.416813,0.299551,2.034469
109,-0.452281,1.536807,-0.569787,1.454659,-0.221578,1.628842,-0.611241,1.431723,-0.264278,1.651421,-0.549410,1.490456,0.001631,0.793740,-0.094581,1.775655,0.457108,2.222594,-0.133185,1.749854,0.418874,2.248167
110,-0.062829,1.123741,-0.002319,1.312175,-0.004410,1.091040,-0.027823,1.204283,-0.027564,1.131789,-0.127520,1.133810,-0.004813,0.586195,-0.226681,1.099864,-0.105813,1.530107,-0.287752,1.112029,-0.165492,1.563872
111,-0.197963,1.188693,-0.258663,1.212006,-0.186565,1.277789,-0.175625,1.230128,-0.110508,1.360778,-0.243072,1.195784,0.079073,0.649006,0.257033,1.406994,0.579402,1.717734,0.297042,1.349420,0.620130,1.691281
112,-0.256429,1.449174,-0.258119,1.564808,0.005937,1.725960,-0.385831,1.536804,-0.112449,1.758034,-0.313581,1.509700,-0.069667,0.733858,-0.820539,1.485835,-0.582488,2.001852,-0.757184,1.469144,-0.516256,2.030630
113,0.374533,1.123957,0.410830,0.963014,0.079477,1.210541,0.365085,1.017840,0.041338,1.248835,0.409496,1.111996,-0.011439,0.623893,0.015376,1.168744,-0.408963,1.533244,-0.088323,1.165540,-0.509979,1.541335
114,-0.036062,1.312251,-0.012986,1.157065,0.050387,1.141626,-0.063849,1.170153,0.003041,1.218633,-0.078959,1.176642,-0.071481,0.605969,-0.057027,1.140544,-0.050719,1.596866,-0.061149,1.156139,-0.053794,1.614712
115,-0.367351,1.395603,-0.336737,1.216671,0.108045,1.407499,-0.320609,1.215289,0.133753,1.449831,-0.283665,1.255064,0.002930,0.555242,-0.134003,1.187553,0.150809,1.665844,-0.119134,1.217094,0.167035,1.701521
116,-0.721404,1.566750,-0.609278,1.560802,0.097283,1.625141,-0.724658,1.622489,-0.029351,1.619337,-0.811562,1.575756,-0.067046,0.706690,-0.294711,1.301350,0.453740,1.952991,-0.375636,1.370542,0.368846,2.025221
117,0.189944,1.075678,0.119244,1.148544,-0.114002,1.237452,0.141294,1.146464,-0.094868,1.243596,0.130993,1.107525,-0.015770,0.563949,-0.019402,1.109398,-0.165786,1.467623,-0.048377,1.124378,-0.194920,1.522141
118,-0.206321,1.144962,-0.181565,1.101640,-0.026947,1.274110,-0.268302,1.116601,-0.117146,1.324856,-0.280031,1.153272,-0.024670,0.622155,0.310759,1.271933,0.571552,1.676272,0.120441,1.337410,0.379315,1.731396
119,-0.276626,1.142212,-0.183346,1.239811,0.078540,1.164292,-0.181702,1.216400,0.078932,1.130585,-0.276535,1.188729,0.014905,0.602615,-0.619836,1.250978,-0.326481,1.611184,-0.599586,1.261179,-0.308124,1.639439
120,-0.217624,1.458722,-0.143194,1.395896,-0.001770,1.370580,-0.208309,1.410563,-0.068285,1.429286,-0.316348,1.367140,-0.026797,0.637042,0.071637,1.370530,0.364165,1.782382,0.076097,1.343729,0.367312,1.806175
121,0.873209,1.406747,0.711705,1.304219,-0.099266,1.371803,0.684539,1.339862,-0.114662,1.421944,0.925009,1.347864,-0.016574,0.633401,0.866532,1.194590,-0.076585,1.786348,1.059118,1.214850,0.117273,1.822423
122,-0.569829,1.126846,-0.532222,1.121598,-0.001264,1.133931,-0.628233,1.149202,-0.100543,1.158995,-0.619119,1.145895,-0.011304,0.528101,-0.470341,1.099203,0.139706,1.499024,-0.518829,1.096657,0.091032,1.510994
123,0.462363,1.135626,0.551369,1.179779,0.047568,1.084955,0.587683,1.218606,0.077360,1.168240,0.433678,1.189604,0.015024,0.608650,-0.044864,1.194065,-0.461324,1.589202,-0.024021,1.195763,-0.441551,1.624319
124,-0.345617,1.089784,-0.552782,1.067822,-0.244019,1.220654,-0.494614,1.078445,-0.188581,1.250522,-0.388623,1.130760,-0.004841,0.575525,-0.143497,1.137150,0.240235,1.576471,-0.145399,1.197433,0.236863,1.624967
125,0.216632,1.336342,0.361574,1.229874,0.097868,1.314452,0.310869,1.240630,0.041584,1.359190,0.138385,1.360252,-0.030894,0.572528,0.178312,1.276220,0.013222,1.716829,0.197542,1.275396,0.030519,1.729743
126,-0.256057,1.850676,-0.453274,1.885228,-0.241994,1.950068,-0.580494,1.864241,-0.370031,1.907655,-0.407688,1.909320,-0.109703,0.677114,-0.455900,1.513922,-0.156574,2.301023,-0.582699,1.494510,-0.283172,2.324833
127,0.950020,1.377098,1.234987,1.434329,0.289817,1.582603,1.117153,1.439901,0.167177,1.607189,0.874804,1.444777,-0.076744,0.639585,0.401585,1.521926,-0.548620,1.963597,0.554327,1.516462,-0.396023,1.982866
128,0.364436,1.184754,0.099116,1.106722,-0.338531,1.306144,0.065046,1.139257,-0.367187,1.258982,0.252149,1.148228,-0.048089,0.562594,0.173171,1.152969,-0.126593,1.569067,0.259221,1.153723,-0.040224,1.580582
129,-0.289923,1.387108,-0.316472,1.257528,-0.003733,1.263902,-0.253700,1.222281,0.063527,1.347083,-0.206020,1.316711,0.058737,0.603917,0.394569,1.185231,0.658869,1.760972,0.492123,1.197744,0.756744,1.776402
130,-0.030803,1.638173,-0.146277,1.685611,-0.212030,1.569306,-0.083040,1.709524,-0.152101,1.516428,-0.080700,1.765278,0.043794,0.701545,0.302145,1.300548,0.430309,2.050972,0.347425,1.333970,0.472065,2.086495
131,0.062040,1.422074,-0.084939,1.464370,-0.150432,1.367193,-0.158175,1.512350,-0.223617,1.376811,-0.036506,1.499531,-0.095184,0.638498,-0.365350,1.261411,-0.424196,1.814300,-0.373330,1.227722,-0.432199,1.815931
132,-0.408676,1.271720,-0.489439,1.256128,-0.126279,1.306041,-0.319285,1.283887,0.050177,1.363765,-0.336641,1.278033,0.110572,0.609177,0.382858,1.307269,0.830300,1.703171,0.564030,1.324666,1.010230,1.756797
133,-0.012660,1.084102,0.026031,1.231351,0.076521,1.218633,0.057880,1.200060,0.107893,1.248352,0.050761,1.100195,0.027869,0.550058,-0.037433,1.162143,-0.061564,1.526603,0.078814,1.159753,0.056326,1.541039
134,-0.476555,1.269695,-0.280570,1.151258,0.244256,1.514890,-0.276357,1.137905,0.244220,1.484649,-0.438771,1.215520,-0.002962,0.594495,-0.399636,1.316158,0.036980,1.719561,-0.330408,1.273841,0.103192,1.701760
135,-0.304561,1.809527,-0.533704,1.731104,-0.298583,1.627944,-0.401016,1.761421,-0.165317,1.620733,-0.341390,1.794556,0.028724,0.661481,-0.021755,1.539999,0.347022,2.188802,-0.000141,1.504093,0.369622,2.208009
136,-0.424303,1.119335,-0.454800,0.982049,0.016664,1.150314,-0.451532,1.029421,0.024046,1.212301,-0.373038,1.090991,0.003594,0.534439,-0.680014,1.124699,-0.304405,1.488718,-0.678227,1.135934,-0.301998,1.525165
137,0.306297,1.602856,0.425539,1.499531,0.124223,1.569528,0.421680,1.459505,0.130968,1.586041,0.313410,1.590146,-0.005574,0.702542,0.607987,1.563626,0.286704,2.140774,0.599235,1.525077,0.279330,2.134363
138,0.164511,1.393380,0.176545,1.435396,-0.002781,1.485769,0.278208,1.460555,0.095982,1.498091,0.209201,1.444933,0.060560,0.659567,-0.645184,1.355326,-0.791493,1.830026,-0.651316,1.343412,-0.799399,1.822698
139,0.512041,1.417111,0.368732,1.460795,-0.078834,1.327278,0.439456,1.435821,-0.007391,1.382208,0.587552,1.359820,0.013713,0.616975,0.228449,1.348226,-0.343982,1.818750,0.471429,1.356273,-0.102192,1.853489
140,0.250854,2.003196,0.259011,1.929141,-0.005978,1.899688,0.327237,1.877176,0.058107,1.887457,0.238596,1.998276,0.003808,0.740782,0.714434,1.625035,0.484748,2.466484,0.692315,1.628167,0.458055,2.512263
141,-0.002772,1.631098,0.118997,1.663048,0.116504,1.634143,0.174696,1.665893,0.171576,1.653451,0.058205,1.685401,0.064810,0.727472,0.420913,1.543952,0.431613,2.117529,0.408165,1.525937,0.416834,2.132170
142,0.629498,1.756270,0.804579,1.881044,0.206075,1.694192,0.656559,1.813829,0.055294,1.736633,0.549219,1.724506,-0.106677,0.696896,-0.171175,1.431004,-0.827611,2.134508,-0.162022,1.439917,-0.818829,2.171779
143,-0.093300,1.221014,0.063205,1.205963,0.209512,1.306250,0.059955,1.241041,0.203699,1.393214,-0.025706,1.256919,0.019561,0.727705,-0.191329,1.494513,-0.145164,1.862741,-0.025750,1.493252,0.019441,1.888051
144,0.220099,1.178465,0.191742,1.083009,0.012384,1.246950,0.279831,1.127525,0.106787,1.280077,0.315869,1.157789,0.054373,0.608253,0.130466,1.191750,-0.133108,1.615062,0.207048,1.191308,-0.057824,1.613821
145,0.040535,2.522488,0.138751,2.254452,-0.094950,2.091020,0.024021,2.236881,-0.213014,2.143341,-0.203979,2.462516,-0.059989,0.816239,0.195029,1.865884,0.339736,2.702168,0.222705,1.845908,0.368048,2.749188
146,0.534891,1.162380,0.387786,1.113180,-0.228928,1.103198,0.380581,1.132362,-0.231059,1.139673,0.427028,1.124866,-0.032383,0.550002,-0.012167,1.048198,-0.475103,1.499348,-0.010795,1.106062,-0.473290,1.549456
147,-0.314802,1.011063,-0.369756,1.138521,-0.008976,1.170364,-0.471925,1.117232,-0.111826,1.159541,-0.325016,1.040377,-0.051571,0.608160,-0.272786,1.261852,-0.002736,1.569357,-0.280134,1.200790,-0.008669,1.566823
148,-0.972947,1.361021,-0.899526,1.335436,0.119312,1.299816,-0.940919,1.381629,0.074874,1.426748,-0.946054,1.415158,-0.013507,0.699231,-1.376587,1.441443,-0.444359,1.918461,-1.422411,1.391180,-0.490532,1.883637
149,-0.310140,1.410467,-0.366923,1.490083,-0.067508,1.638748,-0.332691,1.488632,-0.040706,1.633962,-0.275200,1.391593,0.052105,0.653324,-0.042702,1.430715,0.285720,1.883812,-0.037506,1.379733,0.288367,1.873966
150,0.202168,1.351601,0.294576,1.224905,0.156831,1.315216,0.348666,1.352583,0.215034,1.481462,0.327442,1.374507,0.062289,0.659444,0.252712,1.245067,-0.014743,1.708980,0.401222,1.239897,0.134232,1.720969
151,-0.148210,1.365705,0.011930,1.519015,0.151963,1.372016,0.001216,1.467171,0.145306,1.408279,-0.083985,1.359565,0.067169,0.591738,0.383912,1.194207,0.537704,1.717337,0.508809,1.221405,0.661842,1.759336
152,-0.319936,1.413954,-0.094622,1.596520,0.251548,1.386075,-0.151379,1.612515,0.192265,1.450835,-0.276718,1.503115,0.020487,0.726705,-0.122881,1.376788,0.172918,1.897102,-0.163231,1.358826,0.134161,1.909885
153,-0.349471,1.460029,-0.268912,1.392124,0.147442,1.560606,-0.307217,1.363958,0.101380,1.592927,-0.368415,1.447438,-0.076664,0.686302,-0.383645,1.321456,-0.089641,1.841713,-0.485192,1.349738,-0.192331,1.885597
154,0.091159,1.446271,-0.033221,1.441407,-0.130528,1.267846,-0.040809,1.407637,-0.136693,1.286083,0.068776,1.427985,-0.017477,0.573038,-0.352287,1.407664,-0.439601,1.898800,-0.180647,1.410398,-0.267197,1.905950
155,0.179672,1.041152,0.242707,1.109184,-0.007417,1.117932,0.269055,1.093093,0.018974,1.130672,0.140129,1.082020,0.025910,0.527650,0.305191,1.048664,0.194404,1.395318,0.440741,1.047449,0.327871,1.425498
156,-0.413387,1.333727,-0.410430,1.278218,0.043969,1.103595,-0.541112,1.235501,-0.087861,1.232555,-0.432558,1.309579,-0.056354,0.677044,0.061098,1.303053,0.437815,1.768297,-0.122622,1.272105,0.252557,1.773215
157,0.017040,1.122124,0.205928,1.040596,0.298022,1.206997,0.145820,1.034915,0.242350,1.180947,0.063557,1.101976,-0.060067,0.578127,-0.493534,1.070664,-0.618171,1.461376,-0.488382,1.084954,-0.612367,1.513735
158,0.568563,1.775370,0.568606,1.610547,0.023734,1.873713,0.564804,1.660660,0.014709,1.918216,0.622044,1.777587,0.037286,0.774057,0.975900,1.633330,0.390184,2.261436,0.837747,1.569287,0.250183,2.232036
159,-0.338002,1.415131,-0.321250,1.389808,0.033575,1.399422,-0.357918,1.398368,-0.000111,1.480890,-0.333256,1.392383,-0.015071,0.641024,-0.000699,1.268676,0.319613,1.795090,-0.060549,1.273437,0.259572,1.825480
160,0.893681,1.244335,0.799521,1.265673,-0.124187,1.393244,0.757296,1.231419,-0.169932,1.389103,0.849343,1.250659,-0.012873,0.554823,0.160520,1.124562,-0.702487,1.660837,0.057662,1.130152,-0.804629,1.664082
161,-0.544192,1.588901,-0.675938,1.496725,-0.221217,1.362322,-0.547384,1.537118,-0.099147,1.457570,-0.508959,1.605372,0.124519,0.686623,0.011153,1.349385,0.644466,1.944381,-0.072492,1.374194,0.562041,1.992484
162,0.211883,1.142720,0.202500,1.083247,0.018162,1.222733,0.160756,1.173751,-0.021127,1.276826,0.201759,1.209552,-0.037453,0.686226,0.073154,1.212154,-0.165524,1.587174,0.052880,1.227628,-0.187525,1.635709
163,0.322029,1.182351,0.419829,1.190568,0.068565,1.148705,0.331067,1.177812,-0.021375,1.168329,0.294146,1.194304,-0.000654,0.547476,-0.173673,1.246389,-0.466721,1.679670,-0.209316,1.248432,-0.502222,1.694103
164,-0.268443,1.205812,-0.134667,1.075483,0.272949,1.104650,-0.216632,1.145665,0.198423,1.103964,-0.182264,1.178375,-0.052447,0.510528,-0.574277,1.013241,-0.444523,1.484402,-0.637078,1.011527,-0.506035,1.510607
165,-0.078854,1.259330,0.009093,1.169230,0.150495,1.277443,0.049026,1.206097,0.189010,1.366120,-0.032051,1.233123,-0.011144,0.564855,0.495561,1.210129,0.518060,1.607700,0.460342,1.176994,0.481004,1.618766
166,-0.515308,1.465718,-0.604629,1.194434,0.029166,1.332422,-0.556286,1.235516,0.082089,1.441960,-0.399063,1.320734,0.001556,0.588858,-0.127121,1.251488,0.272881,1.673670,-0.132968,1.283528,0.265963,1.740192
167,0.492964,1.106434,0.365697,0.992774,-0.214369,1.260967,0.328690,1.062317,-0.249490,1.331122,0.401814,1.123831,-0.011123,0.582110,0.096481,1.192858,-0.316283,1.580710,0.094308,1.179575,-0.317394,1.582300
168,-0.119441,1.217945,-0.206006,1.288767,-0.172855,1.226161,-0.056589,1.303065,-0.033191,1.225892,-0.150512,1.265834,0.056222,0.647117,0.430046,1.168729,0.641671,1.652968,0.442177,1.156735,0.651997,1.655193
169,-0.530268,1.381926,-0.879872,1.281525,-0.385831,1.384251,-0.840593,1.272897,-0.349609,1.496304,-0.589479,1.381970,-0.021567,0.736204,-0.465081,1.402214,0.101724,1.863356,-0.485833,1.402580,0.080921,1.913552
170,-0.265799,1.041692,0.040239,1.000726,0.393089,1.161671,-0.146177,1.067965,0.207319,1.219213,-0.227415,1.103953,-0.045064,0.688424,-0.503658,1.181305,-0.320660,1.530426,-0.620425,1.185525,-0.437288,1.538285
171,1.218451,1.490806,1.252065,1.506671,0.026694,1.678723,1.188984,1.510782,-0.027536,1.656747,1.161241,1.463609,-0.058227,0.741488,0.231908,1.752282,-0.988652,2.189946,0.240538,1.700024,-0.978485,2.170819
172,0.246986,1.343276,0.368308,1.375647,0.132695,1.349198,0.439753,1.417470,0.207036,1.423287,0.313837,1.341899,0.055232,0.674153,-0.139500,1.407797,-0.400786,1.900051,0.026854,1.391774,-0.233792,1.888054
173,-0.335369,1.377752,-0.539439,1.237632,-0.269293,1.272928,-0.513891,1.288014,-0.242783,1.402072,-0.369809,1.360152,0.027651,0.628001,-0.081591,1.328365,0.313855,1.782012,-0.100217,1.351603,0.295657,1.806123
174,0.049508,1.581286,0.122090,1.614874,0.151898,1.542701,0.081520,1.642191,0.116271,1.530481,0.117376,1.633636,-0.011191,0.658802,0.574705,1.539521,0.446510,2.085088,0.661010,1.544801,0.532295,2.101223
175,-0.135563,1.320131,-0.241880,1.251933,-0.104922,1.486169,-0.077677,1.251728,0.051341,1.534683,-0.058883,1.303530,0.082411,0.613757,0.389906,1.267430,0.532206,1.723391,0.378002,1.268635,0.518472,1.767971
176,0.045659,1.335918,0.115929,1.116536,0.172647,1.432614,0.062017,1.201481,0.126095,1.519060,0.080948,1.295755,-0.067386,0.635319,0.119660,1.306901,-0.028389,1.780562,0.059741,1.296619,-0.089009,1.780944
177,0.261021,1.368022,0.130090,1.268593,-0.191610,1.298811,0.140268,1.275054,-0.174609,1.347174,0.200903,1.378610,-0.007416,0.586478,0.037206,1.156061,-0.173529,1.739373,0.052090,1.163584,-0.157441,1.756265
178,-0.120838,1.357065,-0.200277,1.354817,-0.072215,1.456318,-0.228797,1.334257,-0.097709,1.454072,-0.115585,1.350577,-0.003515,0.655088,-0.625240,1.329510,-0.513268,1.833319,-0.574563,1.334320,-0.463377,1.861887
179,0.663115,1.287064,0.560336,1.275708,-0.091522,1.419155,0.666500,1.315976,0.017524,1.515962,0.734445,1.305547,0.059030,0.628462,0.515324,1.272505,-0.160038,1.734588,0.542173,1.303003,-0.134327,1.785855
180,0.473405,1.351320,0.361363,1.278183,-0.195049,1.531525,0.405835,1.251278,-0.158065,1.458983,0.366199,1.336469,-0.020479,0.630597,-0.527413,1.304451,-0.916320,1.756954,-0.457488,1.309291,-0.846984,1.782092
181,-0.351481,1.380792,0.058606,1.476017,0.474469,1.464792,0.045612,1.439714,0.455443,1.462154,-0.238092,1.396590,0.056041,0.683624,0.198358,1.263916,0.495907,1.827402,0.146127,1.271920,0.442068,1.860197
182,0.182397,0.924328,0.192501,1.058176,0.015546,1.211429,0.145886,1.011657,-0.031497,1.241719,0.166236,0.974315,-0.022225,0.570036,0.142697,1.076870,-0.042761,1.385514,0.144323,1.104569,-0.042545,1.415721
183,-0.064847,1.254459,-0.141746,1.215225,-0.148343,1.126443,-0.162122,1.279990,-0.163982,1.211375,-0.106509,1.255623,0.021412,0.587384,0.016433,1.111213,0.145135,1.561532,0.088986,1.121768,0.217712,1.612448
184,0.776383,1.778508,0.722823,1.739110,-0.126066,1.811553,0.749854,1.756402,-0.101345,1.894211,0.695157,1.787148,-0.011010,0.816985,0.091145,1.596891,-0.615494,2.260820,0.072956,1.590022,-0.632720,2.274728
185,0.042505,1.533167,0.262538,1.339134,0.293192,1.390420,0.098410,1.299089,0.127397,1.465526,0.051805,1.496573,-0.058569,0.761073,-0.210123,1.318090,-0.319338,1.852009,-0.245935,1.279833,-0.356361,1.873917
186,-0.463132,1.098856,-0.446800,1.151628,0.069906,1.347558,-0.480367,1.150039,0.035745,1.373776,-0.464607,1.110632,-0.051820,0.582445,-0.393284,1.144099,0.020288,1.515253,-0.411733,1.165092,0.001203,1.552231
187,0.469598,1.453875,0.430038,1.499810,0.063397,1.578962,0.442575,1.549032,0.076457,1.567922,0.584115,1.449925,0.016544,0.646522,0.269216,1.277380,-0.296344,1.919209,0.290948,1.276115,-0.276636,1.924734
188,0.627434,1.397994,0.838350,1.463885,0.255470,1.659328,0.813678,1.422150,0.231370,1.647183,0.648272,1.400590,-0.021760,0.689535,0.327074,1.542936,-0.343379,2.006813,0.067343,1.506625,-0.602631,1.986697
189,0.276713,1.457022,0.468949,1.592392,0.169471,1.598316,0.448314,1.525295,0.146262,1.536231,0.277627,1.477545,0.021881,0.691675,-0.373480,1.513405,-0.624448,2.031126,-0.454942,1.505760,-0.707161,2.034820
190,0.273081,1.262529,0.572005,1.238077,0.438022,1.320515,0.417623,1.266728,0.280646,1.323566,0.319642,1.283406,-0.082861,0.643097,-0.120023,1.231073,-0.521480,1.738921,-0.098773,1.241315,-0.500874,1.743073
191,-0.092318,1.445309,0.182711,1.271281,0.345103,1.304269,0.165935,1.325090,0.330570,1.318559,0.001409,1.431534,0.025078,0.604943,-0.324196,1.269022,-0.299146,1.795960,-0.228075,1.270077,-0.203793,1.814755
192,0.106843,1.589878,0.055797,1.589516,-0.138504,1.811426,-0.100353,1.594886,-0.294605,1.876759,-0.043315,1.633427,-0.068090,0.686276,-0.093705,1.601814,-0.116509,2.112136,-0.040598,1.579955,-0.064671,2.163329
193,-0.520937,1.767356,-0.631183,1.639654,-0.045718,1.644244,-0.628970,1.620051,-0.036783,1.720770,-0.421186,1.726556,0.035891,0.833140,-0.215211,1.591721,0.234867,2.250547,-0.070645,1.571673,0.383104,2.264015
194,-0.322870,1.262586,-0.151225,1.395005,0.248852,1.648541,-0.159513,1.373105,0.237865,1.622211,-0.278570,1.263973,-0.025632,0.689581,-1.006330,1.298891,-0.753629,1.748434,-1.091310,1.322478,-0.839664,1.762738
195,-0.074866,1.608842,0.280570,1.634645,0.536002,1.679219,0.097312,1.693226,0.360820,1.706890,-0.021203,1.628194,-0.122875,0.773001,-0.113734,1.439525,-0.217744,2.020769,-0.085050,1.424593,-0.187877,2.020950
196,-0.047317,1.461487,-0.060989,1.319559,0.010681,1.414360,-0.061715,1.341975,0.014037,1.465731,-0.066542,1.449319,-0.048419,0.634769,-0.111669,1.229082,-0.090798,1.825340,0.038039,1.240115,0.060070,1.844802
197,-0.794124,1.631562,-0.785468,1.475806,-0.121831,1.456189,-0.852264,1.423248,-0.193474,1.518321,-0.975652,1.489583,-0.057043,0.752502,-0.648744,1.436198,0.277872,2.014921,-0.677399,1.408057,0.244845,2.050035
198,-0.457359,1.287871,-0.592143,1.363517,-0.081428,1.293175,-0.604031,1.286063,-0.097527,1.318030,-0.436244,1.303406,-0.025290,0.549446,-0.302219,1.186425,0.107334,1.671823,-0.316777,1.146824,0.093443,1.661098
199,-0.104152,1.204029,-0.223417,1.222358,-0.133234,1.258155,-0.266791,1.251013,-0.177545,1.316645,-0.124720,1.257281,-0.004813,0.542394,-0.018062,1.087795,0.098584,1.586074,-0.049800,1.089262,0.067803,1.576995
200,-0.211251,1.199827,-0.036931,1.234398,0.126373,1.158272,-0.118740,1.242019,0.040432,1.211034,-0.305946,1.263192,-0.047742,0.607133,0.123003,1.390743,0.383781,1.779685,0.027808,1.379737,0.288491,1.797441
201,0.001233,1.343190,-0.157661,1.419252,-0.261682,1.372022,-0.000612,1.489604,-0.103154,1.481414,0.015349,1.438436,0.109265,0.697712,0.222706,1.395687,0.319666,1.867799,0.337804,1.409546,0.432653,1.888733
202,0.133074,1.386666,0.259126,1.296111,0.215583,1.299087,0.224435,1.288226,0.182704,1.347134,0.224385,1.387990,0.006157,0.659580,-0.279513,1.348387,-0.500951,1.850835,-0.367694,1.342483,-0.587117,1.875019
203,0.255453,1.221428,0.251722,1.450346,0.037648,1.373901,0.363113,1.367176,0.154940,1.327741,0.362134,1.290938,0.064062,0.699092,0.468544,1.382956,0.167989,1.830169,0.518091,1.335971,0.218154,1.840153
204,-0.540988,1.302716,-0.759885,1.404818,-0.287364,1.362689,-0.821071,1.332379,-0.350087,1.328346,-0.662303,1.338027,-0.053414,0.607704,-0.437840,1.310954,0.167472,1.798623,-0.540089,1.290547,0.066380,1.816874
205,0.609577,1.846263,0.437426,1.722268,-0.315189,1.662841,0.568610,1.769219,-0.190290,1.705540,0.549121,1.814726,0.078683,0.635141,0.702574,1.657691,0.235666,2.221670,0.812550,1.633216,0.343718,2.259175
206,-0.387967,1.166212,-0.093273,1.034360,0.413971,1.262983,-0.042735,1.023580,0.464127,1.322327,-0.232065,1.086420,0.042677,0.550728,0.248823,1.115197,0.525992,1.528031,0.240642,1.121487,0.516195,1.548887
207,-0.234954,1.215097,-0.047686,1.176102,0.239654,1.218542,-0.077977,1.149920,0.205060,1.268172,-0.207325,1.170141,-0.018763,0.640614,-0.107343,1.302561,0.082604,1.664860,0.098550,1.297946,0.287584,1.713956
208,0.187293,1.244831,0.032387,1.133271,-0.191165,1.272735,0.084748,1.132838,-0.141164,1.313573,0.159497,1.200671,0.007861,0.641188,0.626430,1.171959,0.475382,1.629677,0.645633,1.170700,0.494840,1.632570
209,0.535730,1.078592,0.436430,1.050279,-0.197738,1.206225,0.434185,1.031000,-0.203109,1.215641,0.417750,1.018721,-0.023135,0.584225,0.329294,1.073632,-0.108957,1.434590,0.267892,1.078133,-0.171939,1.470289
210,0.798552,1.640046,1.112061,1.632613,0.341194,1.471451,1.117860,1.567785,0.343197,1.520623,0.815940,1.679113,-0.007562,0.732101,0.015000,1.473854,-0.804030,2.136543,-0.044114,1.532034,-0.865162,2.188137
211,0.047505,1.975271,0.330448,1.670159,0.402348,2.197685,0.344621,1.715645,0.416078,2.091115,0.142542,1.832122,-0.018470,0.700362,-0.165642,1.684255,-0.323597,2.301859,-0.117836,1.659092,-0.277776,2.338244
212,0.106870,1.274837,0.102606,1.226969,-0.025371,1.416659,-0.011938,1.286026,-0.136935,1.420550,-0.018162,1.246998,-0.106003,0.626601,-0.299198,1.351047,-0.388128,1.730363,-0.401705,1.350253,-0.491761,1.771805
213,0.279806,1.040024,0.282446,1.020325,-0.015201,1.072694,0.233363,1.017500,-0.067651,1.116789,0.267093,1.040367,0.006169,0.540822,0.373941,1.123120,0.113174,1.466926,0.428905,1.127123,0.169165,1.496934
214,-0.378826,1.206781,-0.470815,1.046683,-0.060058,1.211220,-0.422045,1.153221,-0.007661,1.311383,-0.354164,1.225851,-0.007937,0.608152,-0.384577,1.170820,-0.039066,1.579665,-0.343094,1.194830,0.002352,1.621879
215,-0.816066,1.310202,-0.757924,1.361870,0.096944,1.274634,-0.752924,1.345088,0.104441,1.337574,-0.802616,1.342716,-0.023845,0.590219,-0.733375,1.309370,0.044525,1.777520,-0.758770,1.300964,0.017846,1.797391
216,0.368217,1.123104,0.548127,1.100287,0.211872,1.223597,0.569443,1.055858,0.237007,1.204157,0.416306,1.139296,0.014294,0.561211,-0.201766,1.214324,-0.603006,1.614061,-0.180113,1.192588,-0.581586,1.605679
217,0.447877,1.390379,0.620735,1.071896,0.195662,1.469084,0.614191,1.156136,0.192637,1.545000,0.472695,1.350840,0.000307,0.591787,0.813292,1.307037,0.339289,1.768319,0.737215,1.320178,0.265077,1.808334
218,-0.272198,1.220460,-0.263317,1.341922,0.018987,1.285270,-0.288753,1.302260,-0.006549,1.276188,-0.264516,1.294987,-0.000721,0.607502,0.490413,1.200979,0.751666,1.682193,0.377675,1.213435,0.640076,1.724597
219,-0.214463,1.632675,-0.154013,1.583911,0.130725,1.491138,-0.139318,1.483330,0.134917,1.641142,-0.190190,1.509890,-0.033663,0.731768,-0.654530,1.561397,-0.495275,2.024424,-0.765063,1.522536,-0.608606,2.078049
220,0.191532,1.222252,0.049066,1.202497,-0.146704,1.263396,0.016500,1.265597,-0.173714,1.360780,0.152060,1.312510,-0.040491,0.680014,-0.234092,1.343061,-0.425953,1.700418,-0.162726,1.279815,-0.354703,1.701940
221,0.193743,1.421231,0.099288,1.270405,-0.155108,1.588199,0.008092,1.305494,-0.246035,1.562171,0.033737,1.404403,-0.099836,0.647885,-0.777908,1.426382,-0.916802,1.879567,-0.688734,1.447840,-0.826332,1.900425
222,0.290885,1.311355,0.370239,1.209015,-0.002812,1.257638,0.418230,1.277065,0.040751,1.375553,0.219065,1.270572,0.010644,0.586038,0.219954,1.197186,0.010414,1.647142,0.399834,1.182596,0.189929,1.647991
223,-0.959998,1.293418,-0.794839,1.393549,0.238995,1.382636,-0.760282,1.307424,0.278505,1.328373,-0.813814,1.284791,0.071602,0.720240,0.075177,1.433675,0.959672,1.864914,0.051669,1.414813,0.938159,1.857173
224,0.499946,1.089678,0.457675,1.156461,-0.015759,1.198138,0.489771,1.162259,0.016094,1.281681,0.509000,1.157403,-0.015572,0.660085,0.648660,1.201981,0.124185,1.583068,0.578694,1.227697,0.053734,1.627509
225,-0.270179,1.124374,-0.074763,1.128561,0.261204,1.341841,-0.115491,1.177536,0.220397,1.280857,-0.155076,1.149187,0.051140,0.616685,-0.058036,1.119210,0.149170,1.519539,-0.042106,1.153732,0.166717,1.552137
226,-0.233402,1.188017,-0.329840,1.220954,-0.061247,1.365243,-0.359322,1.287770,-0.091988,1.434375,-0.243396,1.244877,-0.042617,0.691047,-0.336085,1.231798,-0.134318,1.614204,-0.413521,1.253554,-0.212290,1.686676
227,-0.384865,1.363611,-0.571332,1.374816,-0.191481,1.606027,-0.543980,1.389702,-0.155645,1.668353,-0.390906,1.379974,-0.008562,0.694688,-0.056566,1.473246,0.325856,1.906194,-0.186421,1.436107,0.196263,1.912422
228,0.098440,1.357416,0.027080,1.434840,-0.084853,1.404152,0.153148,1.386799,0.046254,1.439927,0.138343,1.306450,0.047208,0.646639,0.060317,1.340527,-0.029692,1.838055,0.061368,1.360454,-0.027930,1.863265
229,0.479705,1.361356,0.327259,1.348548,-0.202382,1.253088,0.295950,1.290479,-0.221922,1.328662,0.408088,1.296848,-0.033247,0.614332,0.388075,1.223750,-0.056429,1.689858,0.410624,1.237110,-0.031695,1.731716
230,0.316899,1.385345,0.299853,1.380208,0.044954,1.378051,0.258468,1.318030,0.009745,1.354471,0.341441,1.377701,-0.036451,0.662149,-0.056184,1.256123,-0.439517,1.754091,-0.144750,1.280797,-0.526191,1.805392
231,-0.391685,1.410873,-0.222486,1.365605,0.150220,1.458278,-0.290520,1.272931,0.082495,1.450140,-0.409224,1.326951,-0.000747,0.680084,-0.796317,1.216005,-0.387366,1.755796,-0.851481,1.217946,-0.441683,1.797331
232,0.056789,1.346837,0.092461,1.440275,0.028508,1.478181,0.007924,1.456758,-0.056842,1.491756,-0.018192,1.400223,-0.068378,0.640804,-0.645789,1.284210,-0.697369,1.812550,-0.652342,1.292589,-0.701079,1.843997
233,-0.559079,1.164325,-0.410332,1.202675,0.181855,1.204322,-0.342390,1.222283,0.247405,1.251126,-0.471764,1.192470,0.057186,0.521764,0.167136,1.196242,0.696949,1.641743,0.319860,1.183063,0.849864,1.641254
234,-0.055137,1.105093,0.009740,1.097367,0.112241,1.199399,-0.150440,1.126203,-0.047385,1.209230,-0.111456,1.189146,-0.100283,0.576810,-0.347448,1.163217,-0.340117,1.531003,-0.432665,1.153169,-0.423025,1.549018
235,0.016136,1.509573,0.219807,1.500579,0.352602,1.551508,0.302171,1.532087,0.431163,1.639672,0.204977,1.562339,0.052750,0.755961,-0.078930,1.425681,-0.235140,1.935410,-0.146814,1.416518,-0.301042,1.974973
236,0.287400,1.822739,0.011017,1.870506,-0.336515,1.752491,-0.057204,1.849472,-0.407076,1.803954,0.203872,1.824245,-0.024503,0.723965,0.356706,1.580834,0.127968,2.272983,0.391051,1.520012,0.162399,2.262839
237,0.012059,1.393498,0.080371,1.325619,0.164762,1.392357,0.075958,1.311351,0.170356,1.455035,0.122574,1.284919,0.011118,0.596975,-0.293735,1.224484,-0.407383,1.667750,-0.337644,1.238227,-0.449032,1.714718
238,-0.117710,2.074339,0.018986,2.011503,0.041580,1.743287,-0.001517,2.013667,0.008070,1.845991,-0.199419,2.014461,0.019200,0.802810,0.246786,1.965404,0.466872,2.618598,0.297367,1.886095,0.515568,2.585950
239,-0.351034,1.292081,-0.240416,1.303455,0.145377,1.336007,-0.260795,1.270304,0.127383,1.356765,-0.285011,1.347567,0.031410,0.623395,-0.054460,1.236867,0.262544,1.712960,-0.069740,1.272083,0.246248,1.754799
240,-0.438275,1.346474,-0.382531,1.236953,0.001772,1.261788,-0.394167,1.223892,-0.021954,1.326899,-0.458196,1.280201,0.039445,0.632250,0.083309,1.165285,0.583758,1.664634,0.111461,1.148458,0.611346,1.677773
241,-0.468583,1.183038,-0.516194,1.254824,-0.051938,1.261838,-0.521108,1.231088,-0.055948,1.308009,-0.444908,1.216387,0.026250,0.596188,0.059353,1.216797,0.532969,1.622743,0.177847,1.205106,0.649876,1.671196
242,-0.714845,1.578484,-0.778602,1.534346,-0.098657,1.438315,-0.737619,1.490679,-0.056347,1.458286,-0.708603,1.577959,0.037478,0.663580,-0.281636,1.399138,0.464776,1.957355,-0.401893,1.389870,0.345195,1.998974
243,-0.069602,1.521382,0.223430,1.479548,0.434776,1.669145,0.037502,1.409902,0.256244,1.493999,-0.008005,1.483788,-0.078455,0.702890,-0.425104,1.296872,-0.494700,1.832605,-0.443662,1.323357,-0.514432,1.883438
244,0.043888,1.273907,0.166279,1.418953,0.112877,1.386229,0.028568,1.439049,-0.027696,1.435883,-0.070741,1.335647,-0.102593,0.605187,-0.407736,1.319070,-0.442991,1.755861,-0.593265,1.270671,-0.625746,1.726894
245,-0.489723,1.415696,-0.481225,1.464499,0.110866,1.389304,-0.395272,1.416959,0.195288,1.410215,-0.353868,1.408876,0.038874,0.652386,-0.082358,1.364773,0.315170,1.846032,-0.134830,1.357408,0.259525,1.853258
246,0.128141,1.319157,0.132348,1.312840,-0.009467,1.390190,0.143449,1.330264,0.005496,1.531452,0.140319,1.303032,0.021863,0.683312,0.656640,1.381699,0.538513,1.787934,0.697897,1.374827,0.579478,1.824573
247,0.611621,1.169255,0.643602,1.110221,0.083858,1.077777,0.691829,1.077834,0.132097,1.168887,0.691932,1.125143,0.031137,0.535053,0.190209,1.029580,-0.470611,1.464011,0.130688,1.012063,-0.529961,1.464827
248,0.583046,1.741609,0.614368,1.847855,-0.003658,1.646710,0.661151,1.728286,0.033848,1.633581,0.573811,1.707399,0.029801,0.672867,0.239412,1.436329,-0.298564,2.102947,0.323703,1.419949,-0.218392,2.134754
249,0.188617,1.389534,0.239639,1.466844,0.003956,1.252545,0.219378,1.459738,-0.024837,1.299944,0.126293,1.432204,-0.011623,0.554302,0.291305,1.284383,0.157188,1.864623,0.349466,1.233504,0.212451,1.845580
250,0.024346,1.248284,-0.065212,1.145111,-0.141006,1.229569,-0.015903,1.188912,-0.095531,1.285702,-0.064165,1.224070,-0.038524,0.588955,0.418520,1.228176,0.449132,1.635936,0.442439,1.192309,0.470332,1.634282
251,-0.183855,1.045014,-0.312093,1.062026,-0.217323,1.219577,-0.202922,1.130204,-0.111743,1.306470,-0.204448,1.056740,0.067937,0.650603,0.000068,1.158896,0.269863,1.500356,0.010177,1.113758,0.280908,1.486192
252,-0.917635,1.352496,-0.924944,1.419022,0.027312,1.433052,-0.983983,1.399266,-0.022779,1.425422,-0.911051,1.375111,-0.033043,0.608540,-0.595129,1.411146,0.281358,1.838530,-0.664697,1.392976,0.212664,1.858775
253,0.273479,1.570050,0.313372,1.518435,0.121882,1.434381,0.307886,1.583342,0.121918,1.501344,0.314098,1.579147,-0.038821,0.674429,0.095025,1.564697,-0.264019,2.024568,-0.044175,1.554427,-0.400442,2.074659
254,0.644288,1.301957,0.883358,1.401568,0.212140,1.273627,0.801033,1.306238,0.129047,1.258966,0.570817,1.317693,-0.048373,0.673571,0.889108,1.260833,0.273376,1.700173,0.882812,1.302841,0.264703,1.778572
255,0.658425,1.195699,0.892489,1.150450,0.354406,1.246148,0.878185,1.192917,0.342881,1.244646,0.808938,1.247690,0.033611,0.575058,0.747835,1.144994,-0.027132,1.580814,0.803502,1.131887,0.029369,1.581311
256,-0.034913,1.408176,-0.106977,1.289070,-0.162087,1.486661,-0.095636,1.355996,-0.152319,1.593186,-0.110080,1.413365,0.013095,0.643178,-0.329572,1.206987,-0.209981,1.743901,-0.545488,1.223730,-0.424659,1.759229
257,0.059800,1.220501,0.072379,1.345201,0.066984,1.261366,0.075366,1.308238,0.073114,1.287032,0.114783,1.198832,0.001191,0.668016,-0.188449,1.164274,-0.301198,1.602341,-0.114417,1.148231,-0.228518,1.616460
258,0.489000,1.504931,0.577358,1.462887,0.144771,1.632014,0.350020,1.463536,-0.077481,1.644463,0.450615,1.438230,-0.096997,0.694467,-0.016209,1.491616,-0.560874,1.974033,-0.056148,1.453172,-0.602492,1.981414
259,0.171803,1.981527,0.162698,1.914859,0.055321,1.992437,0.134664,1.887019,0.020645,1.891663,0.276901,1.829847,0.049724,0.837549,0.487332,1.446942,0.262426,2.209127,0.516569,1.480277,0.289060,2.258589
260,-0.831473,1.642469,-0.800703,1.690620,0.123101,1.604698,-0.823368,1.729907,0.111287,1.670579,-0.741571,1.674369,-0.005735,0.663180,-0.943236,1.453498,-0.208452,2.025547,-0.980964,1.468268,-0.246067,2.081659
261,0.038208,1.564372,0.041145,1.522686,0.117082,1.617360,0.037271,1.551788,0.114063,1.641526,0.143907,1.576960,-0.001534,0.606142,0.202544,1.339293,0.052717,1.970919,0.141879,1.297532,-0.005241,1.951170
262,0.311207,1.737266,0.555194,1.523217,0.377378,1.845924,0.560531,1.595884,0.381061,1.930194,0.477340,1.666512,0.041464,0.767066,0.448331,1.461013,0.014148,2.077286,0.399368,1.522634,-0.036897,2.131211
263,-0.166655,1.339574,-0.197491,1.299458,-0.124331,1.296095,-0.150671,1.247127,-0.086012,1.304105,-0.276195,1.306103,-0.016913,0.638351,-0.153125,1.167575,0.110339,1.685743,-0.113793,1.171701,0.149333,1.713785
264,-0.195399,1.397644,-0.239032,1.227177,-0.144474,1.298554,-0.199517,1.236070,-0.105173,1.391025,-0.234725,1.332592,0.055667,0.625076,0.479034,1.282774,0.768614,1.727367,0.567952,1.271397,0.859264,1.731612
265,0.129052,1.338818,0.055200,1.264501,-0.053225,1.671785,0.075880,1.323989,-0.033401,1.644011,0.181384,1.307385,0.033995,0.739742,0.650699,1.292238,0.502858,1.722867,0.515125,1.286358,0.367079,1.766291
266,-0.303080,1.320469,-0.318544,1.228244,-0.127050,1.276925,-0.155610,1.281716,0.022805,1.340458,-0.310644,1.318066,0.107302,0.631279,0.294017,1.349469,0.714692,1.814137,0.208202,1.350644,0.628100,1.825373
267,0.285908,1.226709,0.246781,1.280260,-0.153534,1.271174,0.298154,1.325092,-0.104956,1.322035,0.265527,1.336596,0.088548,0.590968,0.743959,1.322441,0.570648,1.738136,0.880696,1.263069,0.705738,1.710256
268,-0.168881,1.509842,-0.221899,1.408450,-0.137648,1.335364,-0.218550,1.417418,-0.137788,1.384077,-0.248665,1.496842,0.001646,0.602100,0.291786,1.277238,0.545635,1.803711,0.419214,1.231046,0.671408,1.800537
269,-0.470120,1.307547,-0.377182,1.199000,0.107309,1.403795,-0.279761,1.229708,0.206942,1.436774,-0.393362,1.280498,0.061313,0.578320,0.477673,1.152085,0.932959,1.649230,0.481810,1.149809,0.936488,1.651022
270,0.288587,1.403129,0.289665,1.418368,0.008860,1.432925,0.335158,1.416063,0.056183,1.439556,0.315540,1.448928,0.019318,0.597653,0.664212,1.295936,0.364920,1.872070,0.653455,1.311152,0.355663,1.900269
271,0.188839,1.144903,0.311536,1.143388,0.153775,1.297713,0.377316,1.199081,0.220749,1.358028,0.294213,1.130192,0.075659,0.658500,0.657296,1.121606,0.437421,1.499673,0.736156,1.103737,0.516761,1.521964
272,0.420065,1.913163,0.407155,2.190050,0.055854,1.790801,0.458502,2.147550,0.111101,1.833713,0.460152,1.983768,-0.025461,0.756904,0.661763,1.694744,0.172348,2.373434,0.806977,1.714523,0.317632,2.420740
273,-0.325804,1.298370,-0.365163,1.248153,-0.101393,1.321089,-0.341900,1.313575,-0.073531,1.389868,-0.341015,1.332947,0.041496,0.645175,-0.227316,1.526282,0.153368,1.898214,-0.048647,1.448769,0.331311,1.869763
274,-0.385257,0.994978,-0.395232,0.958604,0.033102,1.174374,-0.432727,0.992967,-0.001311,1.190761,-0.388199,0.980052,-0.045638,0.578267,-0.387060,1.110246,-0.044051,1.428673,-0.305108,1.081288,0.036435,1.401163
275,-0.175267,1.324964,0.172688,1.523975,0.325764,1.529199,0.134633,1.540564,0.291931,1.498431,-0.151930,1.386771,0.039072,0.647399,0.462431,1.233907,0.657449,1.690133,0.623343,1.324439,0.816564,1.779273
276,-0.543116,1.694700,-0.390338,1.462954,0.191583,1.693097,-0.411822,1.525586,0.166491,1.780540,-0.514723,1.651172,-0.005458,0.727043,0.103888,1.397013,0.614047,2.056069,0.033818,1.378963,0.543148,2.068713
277,0.577287,1.172243,0.573967,1.217053,-0.007376,1.141173,0.443853,1.226058,-0.140535,1.188247,0.436547,1.226967,-0.133178,0.533068,-0.286406,1.282200,-0.857144,1.734153,-0.468688,1.269801,-1.040100,1.716392
278,0.065837,1.334918,0.003879,1.424521,-0.105979,1.184065,0.053649,1.432938,-0.058740,1.281550,0.051893,1.374096,0.027917,0.577362,0.193144,1.095229,0.173547,1.684720,0.210824,1.112487,0.189199,1.703718
279,-0.366234,1.319184,-0.235270,1.258365,0.141619,1.187953,-0.222180,1.297703,0.156911,1.270160,-0.327899,1.288446,0.025845,0.649400,-0.677957,1.307689,-0.324621,1.740027,-0.454174,1.312945,-0.099470,1.763760
280,-0.328735,1.572840,-0.332438,1.612709,-0.103300,1.514657,-0.409743,1.623041,-0.180958,1.588421,-0.444743,1.571468,-0.020746,0.687505,-0.124411,1.562446,0.300517,2.025827,-0.227935,1.530368,0.194776,2.058042
281,0.072321,1.291576,0.021109,1.270727,-0.031523,1.248360,0.078574,1.274845,0.026151,1.254537,0.134023,1.283066,0.041427,0.571576,0.298959,1.157017,0.206294,1.626938,0.295346,1.178557,0.205015,1.654305
282,-0.030993,1.342556,-0.008336,1.399036,0.054659,1.640300,-0.061492,1.402085,0.006196,1.624814,-0.017748,1.317024,-0.019417,0.664630,-0.235369,1.359491,-0.240384,1.759192,-0.225134,1.366549,-0.228691,1.815201
283,0.323854,1.325837,0.242152,1.299840,-0.025911,1.381418,0.288832,1.282685,0.029997,1.356455,0.389900,1.357192,0.007727,0.636065,-0.099900,1.289477,-0.486237,1.756978,-0.152444,1.274618,-0.537300,1.760102
284,-0.520477,1.528943,-0.467530,1.318308,0.041456,1.389147,-0.399097,1.294934,0.103313,1.452502,-0.477324,1.427501,0.058569,0.578940,-0.072369,1.335511,0.464949,1.838888,-0.027552,1.299278,0.509563,1.859102
285,-0.104790,1.119236,-0.114540,1.059177,-0.035845,1.153956,-0.198307,0.994142,-0.120715,1.201003,-0.192730,1.032073,-0.060755,0.623448,-0.325631,1.130495,-0.197090,1.451114,-0.271064,1.090361,-0.141106,1.460634
286,0.556097,1.444503,0.857098,1.310328,0.487308,1.588693,0.749160,1.367589,0.391916,1.682014,0.658009,1.391522,-0.083906,0.723372,0.721869,1.438474,-0.021384,1.911202,0.644095,1.480732,-0.098883,1.951872
287,0.513825,1.203421,0.639348,1.146950,0.183484,1.246380,0.653825,1.175640,0.194260,1.311976,0.582459,1.261321,0.016158,0.643743,0.873831,1.240610,0.308651,1.630006,0.987318,1.291385,0.422020,1.690576
288,-0.787391,1.336414,-0.536945,1.281433,0.350965,1.281243,-0.541923,1.327367,0.348508,1.352636,-0.702266,1.347155,-0.011926,0.632158,-0.542635,1.353834,0.147569,1.807026,-0.528007,1.344157,0.162008,1.819329
289,-0.440582,1.414412,-0.308742,1.546506,0.133135,1.505740,-0.348103,1.428091,0.085592,1.421233,-0.464530,1.446470,-0.020816,0.662472,-0.427068,1.283206,0.022431,1.783560,-0.498318,1.302214,-0.051589,1.862840
290,-0.524827,1.904883,-0.731458,1.839523,-0.257098,1.823322,-0.558664,1.794695,-0.085481,1.801770,-0.446372,1.852776,0.125144,0.799629,1.090786,1.690212,1.665852,2.384107,1.025691,1.663528,1.599912,2.401218
291,0.255062,1.278937,0.278974,1.173433,-0.027880,1.424127,0.253013,1.162151,-0.060375,1.481586,0.186596,1.228034,-0.013419,0.549105,0.124793,1.117655,-0.075299,1.582947,0.108236,1.124501,-0.092727,1.602828
292,0.052078,1.004546,0.113006,1.057712,0.028571,1.078466,0.089456,1.129501,0.003032,1.141952,0.021371,1.073016,0.001432,0.624780,-0.055378,1.209386,-0.074845,1.499212,-0.121949,1.216436,-0.141772,1.527036
293,-0.290665,1.089313,-0.256450,1.108924,0.008729,1.305166,-0.244969,1.112930,0.020386,1.307418,-0.312186,1.124047,0.001697,0.599947,0.250552,1.159446,0.566036,1.516928,0.324917,1.180110,0.639687,1.573552
294,-0.457256,1.372677,-0.375492,1.307960,0.061593,1.497294,-0.336718,1.341039,0.103086,1.514151,-0.440823,1.369843,0.032004,0.580339,0.127657,1.379326,0.601710,1.856248,0.254396,1.358226,0.728987,1.864977
295,0.311521,1.073637,0.244721,1.124269,-0.089721,1.093585,0.256840,1.130548,-0.080132,1.131742,0.286220,1.113752,-0.002736,0.529066,0.917334,1.177030,0.630703,1.562162,1.081254,1.141802,0.793924,1.537260
296,0.460223,1.239747,0.351265,1.185705,-0.177991,1.256800,0.315065,1.276477,-0.220827,1.365442,0.359872,1.299686,-0.029358,0.596684,0.268748,1.315459,-0.117694,1.703149,0.278446,1.311211,-0.111433,1.724336
297,-0.264071,1.277998,-0.321201,1.324923,-0.140001,1.578686,-0.336077,1.287755,-0.164279,1.511768,-0.328181,1.312508,0.024039,0.729249,-0.227022,1.432543,0.122671,1.820658,-0.441495,1.403188,-0.092005,1.825962
298,0.377651,1.346212,0.418039,1.335760,-0.003705,1.590021,0.521865,1.289185,0.097431,1.497421,0.377618,1.313783,0.043167,0.638282,0.391128,1.380170,0.057734,1.851894,0.325715,1.313531,-0.007736,1.817002
299,-0.142980,1.322838,-0.301207,1.306708,-0.198359,1.272876,-0.327180,1.293737,-0.219731,1.347504,-0.245071,1.311155,-0.066049,0.697030,-0.137631,1.396152,0.036459,1.887612,-0.344534,1.435222,-0.167833,1.933717
300,-0.067078,1.335661,-0.084016,1.375952,0.003336,1.299648,-0.020873,1.405311,0.065169,1.297923,0.015723,1.403444,0.065420,0.560242,0.226964,1.243201,0.276624,1.742147,0.186070,1.251016,0.234692,1.769246
301,-0.358816,1.344122,-0.206537,1.398014,0.241076,1.157061,-0.348043,1.369660,0.103244,1.217140,-0.327410,1.337347,-0.055292,0.674270,-0.030388,1.248794,0.240475,1.698816,0.062259,1.249543,0.334021,1.735396
302,0.297547,1.289401,0.371212,1.149009,0.116454,1.157614,0.268829,1.169477,0.018884,1.174969,0.283452,1.315364,-0.056586,0.497594,-0.257658,1.068379,-0.603190,1.576902,-0.369451,1.068178,-0.711903,1.598975
303,0.226468,1.292974,0.330818,1.195203,0.060190,1.432564,0.382863,1.292368,0.116733,1.521006,0.200754,1.334179,0.011530,0.673963,0.367298,1.173361,0.179956,1.671891,0.407264,1.199314,0.219044,1.698863
304,-0.052580,1.289028,-0.064467,1.243473,-0.055140,1.426367,-0.007915,1.255083,0.001664,1.443571,-0.063909,1.262581,0.029523,0.566645,0.518863,1.246572,0.610787,1.689870,0.404760,1.252778,0.498135,1.704842
305,0.121301,1.894744,0.107745,1.879663,-0.086534,1.669263,0.072920,1.937900,-0.122725,1.754002,0.021855,1.929899,-0.029136,0.674965,0.160367,1.751778,0.108470,2.352124,0.211084,1.726993,0.159979,2.390834
306,-0.093262,1.047687,-0.102000,1.209240,0.040487,1.268633,-0.135602,1.190200,0.011321,1.282427,-0.055950,1.108479,-0.013043,0.546028,0.070787,1.160152,0.112991,1.555977,0.066263,1.129957,0.109430,1.547596
307,-0.508798,1.281448,-0.541599,1.371493,0.017893,1.363592,-0.461322,1.284178,0.095470,1.348912,-0.447752,1.242388,0.016470,0.671458,-0.201791,1.219998,0.259713,1.614299,-0.148024,1.284878,0.314733,1.689965
308,0.261027,1.489632,0.084454,1.440162,-0.235107,1.619038,0.049136,1.432452,-0.270947,1.633571,0.219455,1.477093,0.013641,0.655737,0.290189,1.373399,0.084018,1.913916,0.297825,1.382988,0.092932,1.925165
309,-0.217499,1.261754,-0.042111,1.169227,0.231822,1.401623,-0.145857,1.178698,0.119711,1.411330,-0.205682,1.246221,-0.034708,0.622363,-0.424461,1.284689,-0.253077,1.726423,-0.509614,1.257480,-0.338559,1.721505
310,0.302999,1.164222,0.230193,1.053906,-0.087974,1.239309,0.247413,1.060845,-0.077764,1.236791,0.254917,1.122958,-0.028399,0.551290,-0.067638,1.173802,-0.350555,1.554523,-0.197910,1.152564,-0.480553,1.555776
311,0.051778,1.106186,0.165170,1.170648,0.147672,1.359737,0.146940,1.209837,0.125974,1.411755,0.032904,1.125693,-0.048118,0.733035,-0.563911,1.305217,-0.644655,1.590913,-0.676313,1.296264,-0.757840,1.631278
312,0.137679,1.124981,0.210929,1.167947,0.094247,1.171079,0.180831,1.155333,0.066995,1.182472,0.136483,1.147203,-0.023907,0.511360,-0.001686,1.132342,-0.163010,1.509474,-0.073068,1.117456,-0.232582,1.509810
313,-0.061702,1.594517,-0.094742,1.364519,0.100741,1.470995,-0.078021,1.331022,0.118005,1.588853,0.023614,1.408115,-0.041921,0.691296,-0.100258,1.407777,-0.162262,1.942133,-0.268854,1.345345,-0.334409,1.922478
314,0.495874,1.284803,0.393734,1.283769,-0.129659,1.344033,0.415907,1.272202,-0.112796,1.383029,0.470569,1.309498,0.005334,0.606170,0.233841,1.252770,-0.231167,1.738826,0.242482,1.206817,-0.223035,1.731902
315,-0.152602,1.015915,-0.136020,1.040693,-0.013434,1.131759,-0.180656,1.059499,-0.059241,1.159658,-0.198595,1.066889,-0.018075,0.555300,0.227364,0.985327,0.411133,1.350302,0.277178,1.019026,0.459536,1.402895
316,0.585751,1.585798,0.647862,1.460632,0.091302,1.618067,0.559200,1.486204,0.008477,1.677435,0.570259,1.608273,-0.046134,0.648313,0.280328,1.455041,-0.341065,1.953243,0.062567,1.479095,-0.555980,2.016569
317,-0.069557,1.019241,-0.201757,1.001828,-0.163280,1.269628,-0.126832,1.063407,-0.091486,1.294048,-0.062429,1.058076,0.038614,0.578166,0.139977,1.089680,0.240831,1.453306,0.126206,1.104803,0.228036,1.462151
318,-0.460509,1.279361,-0.382501,1.360944,0.104297,1.282614,-0.441058,1.322627,0.046042,1.420897,-0.471928,1.292946,-0.035280,0.695931,-0.589090,1.307057,-0.154196,1.737430,-0.509497,1.321787,-0.074592,1.788606
319,-0.194154,1.522624,-0.106855,1.430051,0.126287,1.302055,-0.043251,1.364074,0.187886,1.357263,-0.110479,1.483822,0.049654,0.688342,0.245987,1.501625,0.405868,2.036951,0.242244,1.440274,0.400596,2.018661
320,-0.044694,1.257157,0.088745,1.164964,0.153539,1.375229,-0.017656,1.267968,0.041130,1.460053,-0.082104,1.291390,-0.052051,0.757695,-0.178856,1.380652,-0.146394,1.836552,-0.336278,1.389208,-0.305582,1.863956
321,-0.665640,1.139916,-0.386194,1.169235,0.272822,1.346768,-0.505716,1.115379,0.143791,1.295565,-0.719417,1.124555,-0.040781,0.645182,-0.391731,1.161080,0.289513,1.538879,-0.419410,1.184158,0.260707,1.592630
322,0.559974,1.592885,0.689552,1.553834,0.177562,1.296544,0.575373,1.571248,0.061485,1.368380,0.498583,1.675924,-0.104380,0.602257,-0.239218,1.415799,-0.842061,2.016608,-0.372327,1.376011,-0.976539,2.015770
323,0.318539,1.524198,0.340583,1.449491,-0.004844,1.541483,0.333176,1.413645,-0.008136,1.592781,0.304268,1.523433,0.005592,0.671365,0.607947,1.351255,0.315945,1.936863,0.714257,1.327924,0.418092,1.971285
324,-0.293033,1.372283,-0.364068,1.555070,-0.093086,1.573624,-0.386357,1.498757,-0.107603,1.648789,-0.304464,1.405122,0.001656,0.791785,-0.005560,1.513007,0.302394,2.007906,-0.063020,1.476684,0.244904,2.001069
325,-0.249873,1.083402,-0.149329,1.125916,0.113086,1.250133,-0.079580,1.196901,0.188074,1.321794,-0.166422,1.112262,0.067284,0.623756,0.436269,1.265727,0.668272,1.571957,0.624577,1.282250,0.858430,1.609970
326,0.199996,1.189706,0.071836,1.055891,-0.172697,1.194151,0.106287,1.060180,-0.137094,1.241746,0.141350,1.118563,-0.018254,0.586848,-0.065209,1.053982,-0.222185,1.432886,-0.156786,1.062848,-0.315524,1.487180
327,0.175316,1.268396,0.243502,1.146173,0.127665,1.277865,0.319186,1.165100,0.207577,1.379447,0.276421,1.254038,0.041486,0.616383,0.236023,1.244198,-0.000283,1.696029,0.235362,1.295521,0.000375,1.760873
328,0.397465,1.102038,0.216589,1.229382,-0.272562,1.383741,0.376407,1.245064,-0.110285,1.362366,0.394268,1.153280,0.081335,0.692955,0.296189,1.176260,-0.016092,1.556734,0.449679,1.165558,0.136884,1.573036
329,-0.153981,1.355519,-0.085472,1.340291,0.000871,1.369902,0.009275,1.351577,0.087653,1.362975,-0.119734,1.375678,0.103500,0.569709,0.883034,1.133247,1.108307,1.678304,1.040780,1.143698,1.265800,1.703598
330,-0.502390,1.361951,-0.562797,1.170606,0.017047,1.185232,-0.588385,1.210593,-0.001810,1.271300,-0.428088,1.386916,-0.003264,0.591100,-0.501577,1.329281,-0.080202,1.791173,-0.639695,1.335517,-0.216359,1.810135
331,-1.029847,1.618954,-0.956700,1.496620,0.026587,1.902263,-1.030932,1.466647,-0.049297,1.945524,-1.118650,1.510409,-0.044909,0.796746,-0.659738,1.509255,0.418025,2.008458,-0.849991,1.526537,0.225551,2.092900
332,-0.172159,1.032426,-0.120373,1.079075,0.096476,1.294100,-0.045488,1.115080,0.170959,1.369819,-0.096236,1.074419,0.034392,0.551846,-0.351051,0.983814,-0.222311,1.384140,-0.450651,1.043560,-0.320439,1.450330
333,-0.669811,1.420861,-0.622348,1.503834,0.063279,1.363733,-0.761348,1.419713,-0.073763,1.391463,-0.775100,1.389361,-0.123921,0.656825,-1.169893,1.457585,-0.515972,1.926415,-1.181217,1.409165,-0.527184,1.936047
334,-0.132298,1.355400,-0.222752,1.475608,-0.219519,1.498939,-0.213701,1.379461,-0.216398,1.478937,-0.231574,1.321589,0.026923,0.723083,0.001453,1.432115,0.261019,1.854023,0.107796,1.399025,0.367365,1.886204
335,-0.160039,1.443416,-0.158023,1.317845,-0.057100,1.407904,-0.126887,1.346927,-0.020495,1.574560,-0.166186,1.381804,0.042741,0.685283,0.229332,1.511201,0.439282,1.928450,0.446195,1.518470,0.658802,1.988587
336,0.236844,1.256345,0.413430,1.331855,0.192688,1.251104,0.390990,1.256757,0.176922,1.310960,0.267204,1.253590,0.010425,0.668851,0.145683,1.246167,-0.113837,1.708008,0.161715,1.244415,-0.096003,1.735762
337,-0.520786,1.238532,-0.502845,1.269793,-0.008919,1.301353,-0.368889,1.281411,0.126288,1.386378,-0.452355,1.266525,0.091762,0.612612,0.390659,1.129996,0.937633,1.612690,0.490404,1.160741,1.035792,1.664710
338,0.000205,1.461744,-0.042582,1.400394,-0.055173,1.455255,0.040517,1.409687,0.028560,1.520187,-0.014237,1.416718,-0.001552,0.663767,0.405975,1.321424,0.415654,1.781962,0.230417,1.328136,0.240863,1.840938
339,-0.323696,1.262145,-0.417545,1.147627,-0.078701,1.309545,-0.559945,1.136145,-0.218499,1.343205,-0.397362,1.188537,-0.090688,0.688235,-0.270902,1.337559,0.037080,1.771597,-0.232028,1.294118,0.075309,1.752093
340,0.015656,1.455124,-0.230121,1.194229,-0.369003,1.639351,-0.293809,1.211783,-0.432968,1.696357,-0.132219,1.336325,-0.031300,0.659022,-0.070741,1.371029,0.030324,1.866399,-0.141884,1.386167,-0.040678,1.890807
341,-0.145688,1.305937,0.200219,1.305779,0.407833,1.355963,0.045429,1.262140,0.250685,1.446419,-0.153683,1.293895,-0.065387,0.664860,-0.573419,1.336691,-0.485219,1.749494,-0.741247,1.323316,-0.651755,1.789095
342,0.438283,1.323116,0.519639,1.433871,0.075964,1.285571,0.491328,1.358418,0.051130,1.324334,0.443006,1.337384,0.008625,0.676763,-0.092483,1.286830,-0.530397,1.767744,0.010366,1.293244,-0.426182,1.810182
343,0.441573,1.270815,0.584536,1.292507,0.076239,1.224048,0.517884,1.209906,0.012210,1.295264,0.366975,1.248031,-0.014327,0.572679,0.704008,1.351851,0.325531,1.812370,0.673671,1.368505,0.293090,1.836538
344,0.082173,1.054266,-0.002701,1.068650,-0.097355,1.253563,0.064747,1.068425,-0.031039,1.247474,0.098205,1.066842,0.029686,0.576782,-0.276501,1.121847,-0.345744,1.521439,-0.186825,1.120600,-0.256653,1.514357
345,0.001075,1.999778,-0.067690,1.818213,-0.005483,1.854488,0.044656,1.791548,0.110267,1.875931,0.102407,1.967609,0.040470,0.774382,-0.503998,1.689803,-0.569609,2.409236,-0.726563,1.683990,-0.790830,2.450122
346,-0.586833,1.606900,-0.473505,1.656225,0.094925,1.602201,-0.489644,1.617481,0.075370,1.705747,-0.641367,1.591185,-0.035492,0.743775,0.145270,1.430237,0.755678,2.035135,0.078110,1.438424,0.685330,2.068453
347,0.685937,1.680561,0.859227,1.754084,0.193913,1.737393,0.808468,1.693237,0.133860,1.796557,0.731588,1.662555,0.033748,0.746118,0.494626,1.729608,-0.202333,2.150341,0.569662,1.690787,-0.128309,2.192420
348,0.828604,1.279518,0.822249,1.371623,-0.015527,1.218460,0.830574,1.366207,-0.013330,1.298704,0.795432,1.300022,-0.018688,0.623252,0.579366,1.268977,-0.233776,1.744990,0.552723,1.285999,-0.262588,1.783133
349,0.541958,1.091535,0.236379,1.129044,-0.357066,1.298366,0.278410,1.115637,-0.311985,1.322335,0.510334,1.088824,0.013487,0.568424,0.705195,1.228932,0.209272,1.579033,0.671102,1.195203,0.175777,1.582302
350,-0.025188,1.326153,0.055323,1.487714,0.088207,1.495561,-0.006641,1.377097,0.030144,1.467269,-0.046368,1.321243,-0.032003,0.633020,0.510244,1.257716,0.526303,1.755561,0.623991,1.272219,0.638628,1.795077
351,-0.388339,1.313712,-0.728533,1.456787,-0.476536,1.624065,-0.735295,1.372718,-0.485468,1.622809,-0.544730,1.310928,-0.025211,0.623195,0.317227,1.257144,0.834780,1.748240,0.354448,1.274195,0.873523,1.759195
352,0.098750,1.334473,0.119183,1.366148,0.009673,1.550339,0.164262,1.318890,0.050454,1.514059,0.066450,1.343600,-0.019079,0.534622,0.163846,1.283886,0.078804,1.759607,0.214717,1.297719,0.129923,1.783861
353,-0.664971,1.658583,-0.490200,1.581616,0.236575,1.493714,-0.478589,1.565441,0.240356,1.517391,-0.626660,1.691803,-0.015186,0.669939,-0.170324,1.452438,0.444676,2.110587,-0.393444,1.434465,0.219941,2.111830
354,0.039388,1.333367,0.111817,1.261806,0.080486,1.528560,0.063148,1.312867,0.033138,1.507024,0.000849,1.362740,-0.048481,0.648626,-0.856820,1.486326,-0.904855,1.846403,-0.985957,1.559959,-1.033563,1.919638
355,0.083302,2.349758,-0.028528,2.391984,0.038918,1.984687,0.055823,2.416106,0.119282,2.093266,0.304867,2.375856,0.081496,0.812090,0.015869,1.904229,-0.206078,2.754736,0.072388,1.875357,-0.149946,2.785154
356,-0.521695,1.598911,-0.285211,1.787549,0.244070,1.610893,-0.295665,1.701499,0.221970,1.597441,-0.487696,1.582944,0.032604,0.674159,-0.031012,1.382758,0.499332,2.015689,-0.048343,1.369753,0.476694,2.026341
357,0.409749,1.457877,0.124472,1.454640,-0.338253,1.592442,0.201155,1.480753,-0.261863,1.664747,0.361134,1.518777,0.003955,0.795162,-0.325948,1.501796,-0.686591,1.999644,-0.270634,1.507835,-0.630803,2.048667
358,0.864757,1.290328,0.946085,1.163536,0.131452,1.299297,1.092373,1.231676,0.281753,1.419528,1.000050,1.262078,0.086909,0.709914,0.871599,1.414345,-0.045261,1.799362,1.075346,1.463011,0.158989,1.862434
359,-0.583744,1.380264,-0.672038,1.265508,-0.045807,1.235533,-0.669734,1.199986,-0.043222,1.261670,-0.567962,1.295008,-0.021145,0.632237,-0.345760,1.402201,0.194949,1.866163,-0.331051,1.385121,0.211181,1.874429
360,0.051904,1.127926,0.149104,1.067093,0.125461,1.152850,0.155169,1.052684,0.135986,1.207802,0.116580,1.095497,0.034733,0.608808,0.000288,1.267715,-0.083755,1.615005,0.044409,1.268892,-0.037919,1.646096
361,-0.371846,1.304930,0.021904,1.303605,0.465719,1.339462,-0.006008,1.281312,0.435706,1.365551,-0.275335,1.323869,0.028625,0.656099,-0.106902,1.247094,0.198168,1.690994,-0.170182,1.252036,0.136028,1.725344
362,0.796355,1.589467,1.007333,1.432288,0.287634,1.579334,0.803360,1.454974,0.084672,1.610559,0.777594,1.577077,-0.091401,0.703385,-0.127476,1.511415,-0.997814,2.066473,-0.204805,1.499951,-1.074644,2.069030
363,-0.051457,1.045188,-0.217524,1.106650,-0.193957,1.172445,-0.311545,1.117735,-0.290086,1.226567,-0.185963,1.089836,-0.104960,0.641331,-0.120178,1.275394,-0.041120,1.631488,-0.094128,1.272582,-0.015056,1.638968
364,1.114455,1.387131,0.979547,1.350820,-0.135049,1.498346,0.863378,1.356789,-0.240799,1.514655,1.021954,1.426304,-0.099921,0.699196,0.308995,1.382064,-0.813305,1.902490,0.420432,1.378748,-0.703074,1.919592
365,0.106117,1.727550,0.353873,1.960509,0.269545,1.841228,0.347670,1.966749,0.264650,1.875960,0.141180,1.814830,0.012661,0.776527,0.555122,1.755368,0.430022,2.413888,0.714692,1.779342,0.586845,2.461903
366,-0.109577,1.169657,-0.192565,1.147253,-0.113831,1.264928,-0.104707,1.153028,-0.032487,1.262053,-0.115852,1.169096,0.027276,0.597803,-0.125963,1.296705,0.019482,1.684048,-0.127736,1.319778,0.016688,1.729742
367,0.225610,1.259622,0.100345,1.212921,-0.254565,1.330279,0.104413,1.274295,-0.251230,1.390462,0.091943,1.311462,-0.011867,0.625849,0.555345,1.394512,0.453177,1.847672,0.491583,1.388515,0.389261,1.838395
368,0.245812,1.407011,0.207224,1.406736,-0.034330,1.279799,0.249441,1.452462,0.005827,1.294347,0.217754,1.476455,-0.030365,0.648669,0.155554,1.351872,-0.091150,1.728936,0.175732,1.326220,-0.072566,1.756974
369,-0.028225,1.337361,-0.260262,1.184678,-0.303367,1.348484,-0.303518,1.222548,-0.353088,1.435241,-0.181183,1.302133,-0.079400,0.642094,-0.313503,1.425418,-0.210390,1.835755,-0.391076,1.395884,-0.290565,1.822286
370,0.057314,1.524541,-0.293671,1.411822,-0.376855,1.635461,-0.180828,1.367090,-0.264041,1.678970,0.077610,1.432672,0.044148,0.679316,-0.102587,1.260261,-0.137193,1.811753,-0.207048,1.258401,-0.239399,1.842618
371,0.458976,1.373946,0.251902,1.499711,-0.240155,1.606755,0.314398,1.489206,-0.176985,1.584902,0.417856,1.422989,-0.009976,0.670325,-0.089973,1.249797,-0.519774,1.795393,-0.028799,1.243683,-0.457095,1.801506
372,-0.409950,1.278946,-0.338966,1.163704,0.060906,1.364903,-0.350255,1.150369,0.053104,1.414010,-0.453272,1.249061,-0.035652,0.658593,-0.046898,1.280117,0.371384,1.687599,-0.110652,1.259272,0.305312,1.710285
373,-0.178172,1.119152,-0.148764,1.094622,-0.006278,1.049973,-0.065288,1.116833,0.076990,1.094036,-0.143486,1.151888,0.068556,0.512430,-0.274091,1.127189,-0.062898,1.501037,-0.219228,1.114735,-0.007030,1.516370
374,0.477665,1.120380,0.448118,1.282060,-0.067212,1.280801,0.542489,1.253260,0.029674,1.288368,0.458080,1.182473,0.012644,0.512120,0.283287,1.156883,-0.158934,1.598798,0.401233,1.152429,-0.042536,1.602582
375,0.838918,1.726635,0.842198,1.669328,0.027233,1.517054,0.621231,1.714697,-0.194136,1.587814,0.699139,1.760146,-0.161800,0.725880,-0.279491,1.487157,-1.140553,2.133406,-0.452310,1.491844,-1.313715,2.138823
376,-0.267436,1.326206,-0.244626,1.251638,0.139088,1.376899,-0.132003,1.275926,0.254769,1.384386,-0.145322,1.285591,0.010565,0.601267,-0.063445,1.100778,0.090492,1.622032,-0.083284,1.118364,0.071349,1.657630
377,-0.098371,1.244039,-0.122968,1.105523,-0.028327,1.189119,-0.204683,1.155905,-0.110697,1.281240,-0.123980,1.262594,-0.021837,0.601124,-0.058238,1.125270,0.043865,1.563453,-0.108534,1.155104,-0.005931,1.590727
378,-0.203150,1.788994,0.076733,1.670445,0.377647,1.603595,0.070397,1.716434,0.361062,1.568676,-0.108000,1.735364,0.009560,0.752726,-0.230082,1.516993,-0.110490,2.228313,-0.161060,1.498797,-0.041281,2.203792
379,0.273771,1.514776,0.223132,1.337786,0.002984,1.329237,0.115568,1.421242,-0.093784,1.424691,0.245016,1.491668,-0.086309,0.655162,-0.141681,1.130005,-0.475858,1.750915,-0.188714,1.154483,-0.522915,1.784905
380,0.140510,1.162215,0.208757,1.067565,0.079392,1.442711,0.106319,1.058991,-0.028771,1.491091,0.075089,1.151461,-0.068994,0.629374,0.010605,1.291009,-0.136854,1.663685,-0.122473,1.219536,-0.269547,1.628181
381,-0.277305,1.078788,-0.215377,1.044132,0.048192,1.231527,-0.277883,1.079373,-0.013248,1.294098,-0.302846,1.080753,-0.014067,0.527226,-0.020666,1.120194,0.267670,1.456160,-0.165095,1.108795,0.124683,1.476263
382,0.556682,1.236579,0.599254,1.151495,0.056306,1.308439,0.648281,1.146884,0.105249,1.384333,0.587956,1.227109,0.017444,0.626167,0.478280,1.243473,-0.090546,1.633913,0.427037,1.245026,-0.142230,1.669845
383,-0.097495,1.439581,0.039935,1.280154,0.142687,1.518454,-0.048179,1.377609,0.054305,1.621983,-0.157106,1.440388,-0.064570,0.698724,-0.581367,1.468227,-0.487702,1.887264,-0.557336,1.465830,-0.464621,1.900481
384,0.350826,1.179155,0.405451,1.134252,-0.059511,1.239393,0.389177,1.113088,-0.080024,1.282688,0.237204,1.117884,-0.002598,0.604732,0.084634,1.222207,-0.154695,1.575866,0.148182,1.230147,-0.091018,1.612147
385,-0.057996,1.331701,0.064220,1.476928,0.195831,1.431113,-0.103333,1.485716,0.028903,1.458542,-0.073899,1.399926,-0.084873,0.662112,-0.509020,1.413593,-0.521013,1.957850,-0.658048,1.371845,-0.670693,1.943511
386,0.062944,1.042144,0.108089,1.028174,0.023020,1.124565,0.215007,1.073752,0.127598,1.157973,0.106115,1.120484,0.066533,0.545099,0.214912,1.177173,0.174930,1.532236,0.286578,1.123654,0.246281,1.504913
387,-0.284678,1.795672,-0.334153,1.743429,-0.177453,1.831295,-0.373555,1.681915,-0.228215,1.713912,-0.435269,1.794097,-0.024520,0.786181,0.281449,1.713934,0.701994,2.340419,0.223862,1.676598,0.640157,2.356186
388,-0.138541,1.233911,-0.152609,1.239319,0.007633,1.149106,-0.207256,1.242438,-0.045242,1.189390,-0.108241,1.258177,0.008337,0.579670,-0.319283,1.230087,-0.201733,1.668532,-0.423157,1.239912,-0.306743,1.706396
389,0.297629,1.259189,0.290342,1.179849,0.017873,1.220756,0.310477,1.250183,0.045486,1.384886,0.321364,1.279464,-0.006691,0.762807,0.216991,1.375245,-0.110994,1.774402,0.165891,1.344573,-0.161517,1.794457
390,0.389356,1.311816,0.446744,1.235831,0.005868,1.293964,0.516502,1.290347,0.071897,1.397650,0.383406,1.372337,0.043841,0.692306,0.431068,1.354650,0.096215,1.722664,0.406232,1.326066,0.069255,1.771588
391,-0.902873,1.244227,-0.864041,1.255838,0.085225,1.388817,-0.860580,1.298383,0.084815,1.413211,-0.873926,1.268612,-0.011456,0.513136,-0.285967,1.162902,0.574740,1.656235,-0.335271,1.177165,0.526987,1.674388
392,0.228452,1.282587,0.241949,1.227208,0.055842,1.269508,0.258665,1.239601,0.080658,1.305064,0.276855,1.243144,0.002172,0.573851,0.219183,1.297148,-0.057694,1.770179,0.084409,1.271419,-0.190827,1.739966
393,-0.338612,1.275545,-0.245969,1.074274,0.116660,1.288361,-0.251054,1.083767,0.105572,1.323535,-0.294477,1.230711,0.024865,0.554358,-0.460162,1.111140,-0.136264,1.574393,-0.410529,1.113577,-0.089363,1.587765
394,0.468636,1.166021,0.439901,1.256201,-0.056711,1.244991,0.575460,1.311163,0.077393,1.335245,0.536876,1.263972,0.095460,0.628712,0.886269,1.270288,0.447089,1.702214,0.907098,1.308134,0.466088,1.746837
395,0.382354,1.266883,0.267226,1.201100,-0.106636,1.214705,0.228974,1.191349,-0.143765,1.278015,0.370310,1.201038,-0.019627,0.521011,0.303696,1.146917,-0.088044,1.585631,0.195284,1.151519,-0.196553,1.592532
396,-0.438200,1.324053,-0.499641,1.033470,-0.087281,1.544397,-0.506385,1.109682,-0.099035,1.569112,-0.459058,1.229631,0.008353,0.663725,-0.111509,1.302943,0.355381,1.708834,-0.312457,1.317387,0.154077,1.747502
397,-0.240239,1.214066,-0.160255,1.466645,0.072607,1.479086,-0.159073,1.424509,0.070287,1.441248,-0.192202,1.323937,0.058304,0.615103,-0.168380,1.358059,0.082871,1.826302,-0.060075,1.343428,0.189774,1.830695
398,-0.048991,1.100248,-0.195479,1.112157,-0.165603,1.215422,-0.095404,1.122289,-0.065154,1.273142,-0.009982,1.162638,0.055448,0.605737,0.020282,1.094056,0.087097,1.460688,0.103996,1.097012,0.171293,1.505346
399,0.087519,1.162673,0.074963,1.112252,0.018501,1.225799,0.086999,1.168439,0.035077,1.245064,0.124791,1.197546,0.005203,0.572518,-0.007773,1.156499,-0.130493,1.555881,-0.020735,1.177513,-0.141609,1.574820
400,0.748732,2.057923,0.980646,1.822703,0.356379,2.148805,0.738090,1.798009,0.108835,2.073456,0.727827,2.001652,-0.132283,0.847563,-0.714526,2.059619,-1.577554,2.742002,-0.610251,1.995068,-1.473429,2.691762
401,0.150729,1.237835,0.316880,1.325283,0.184607,1.431790,0.331621,1.340015,0.202063,1.503590,0.200293,1.298298,0.029594,0.676686,0.325042,1.267968,0.156445,1.717940,0.397892,1.272669,0.227344,1.756590
402,0.137244,1.408549,0.171634,1.445917,0.125729,1.545621,0.201924,1.502739,0.162667,1.553030,0.225786,1.495097,-0.002393,0.658280,-0.836162,1.512807,-1.064770,1.981820,-0.869737,1.505744,-1.099360,1.996004
403,0.780656,1.136028,0.831125,1.268045,0.046832,1.365309,0.814156,1.264440,0.024119,1.355431,0.746511,1.180794,-0.026425,0.598345,0.031986,1.247036,-0.741204,1.639448,-0.034820,1.227569,-0.807062,1.650299
404,0.485522,1.468320,0.599296,1.365965,0.052198,1.603065,0.476643,1.396120,-0.077816,1.729278,0.339427,1.435736,-0.082266,0.719032,0.005232,1.673380,-0.419308,2.024784,-0.118096,1.632201,-0.538633,2.034267
405,-0.207809,1.196454,-0.307865,1.214788,0.021245,1.180530,-0.445260,1.330826,-0.111135,1.349462,-0.209599,1.286021,-0.120180,0.637869,-0.295380,1.245606,-0.207692,1.634153,-0.278496,1.261035,-0.189633,1.666662
406,-0.155716,1.292554,-0.102571,1.116160,0.212855,1.215478,-0.144627,1.168397,0.182653,1.246233,-0.048735,1.222023,-0.052770,0.554131,-0.214469,1.125146,-0.222277,1.555650,-0.205194,1.129769,-0.210520,1.587937
407,-0.204929,1.555259,-0.230594,1.341856,-0.043309,1.556201,-0.210754,1.315930,-0.022297,1.658373,-0.231931,1.488206,-0.012400,0.690483,-0.169968,1.318992,0.050112,1.848131,-0.198172,1.356524,0.022994,1.911067
408,-0.168578,1.227577,-0.378938,1.069635,-0.179036,1.304741,-0.221130,1.149144,-0.021175,1.367845,-0.115625,1.217219,0.025252,0.661712,0.087115,1.217205,0.224150,1.619431,0.035038,1.197871,0.173372,1.644668
409,-0.793849,1.373933,-0.880410,1.354457,-0.108068,1.447937,-0.835797,1.331950,-0.059955,1.454973,-0.758303,1.348474,0.052885,0.650198,-0.734190,1.269109,0.076612,1.814249,-0.751825,1.242856,0.059444,1.818934
410,-0.354652,1.169864,-0.259197,1.186502,0.072832,1.263066,-0.356042,1.217618,-0.027733,1.304082,-0.381735,1.209434,-0.001872,0.694938,0.284931,1.435690,0.662326,1.777575,0.176638,1.380550,0.555676,1.752380
411,-0.380429,1.585680,-0.260956,1.385386,0.260312,1.733098,-0.302390,1.416406,0.223725,1.759919,-0.230421,1.503613,0.013330,0.634635,0.102455,1.277534,0.345407,1.827787,0.108161,1.254320,0.351150,1.837806
412,0.158448,1.219695,0.085048,1.244591,-0.036008,1.303208,0.086056,1.272565,-0.031786,1.361945,0.171892,1.288352,-0.026214,0.622630,0.062588,1.232839,-0.132896,1.738052,0.137588,1.221062,-0.058343,1.746539
413,-0.224795,1.622013,-0.256698,1.520427,-0.069314,1.832137,-0.337934,1.522370,-0.155245,1.821785,-0.316040,1.612012,-0.054091,0.729061,-0.264342,1.554756,0.002418,2.149127,-0.266568,1.578110,-0.001924,2.188887
414,-0.752099,1.392888,-0.724382,1.395648,0.120489,1.398122,-0.799221,1.439633,0.042555,1.461131,-0.730712,1.454171,-0.063868,0.669439,-0.670557,1.341766,-0.002974,1.844204,-0.764352,1.379653,-0.097529,1.890651
415,0.158762,1.516716,0.250685,1.455260,0.133144,1.440710,0.225773,1.397495,0.103697,1.467429,0.164780,1.475464,-0.029807,0.626451,-0.071028,1.393927,-0.263304,1.923977,-0.013597,1.370242,-0.207567,1.934390
416,-0.575561,1.257161,-0.632048,1.291926,-0.084720,1.242814,-0.502477,1.297702,0.045682,1.322066,-0.539621,1.269664,0.060684,0.620731,-0.198738,1.308993,0.404072,1.722565,-0.144139,1.300550,0.457819,1.752597
417,-0.114200,1.390761,-0.241698,1.466255,-0.242305,1.677578,-0.304392,1.378730,-0.313098,1.585067,-0.217606,1.392799,0.011810,0.651865,-0.041923,1.304631,0.188356,1.786941,0.046246,1.271524,0.275693,1.804315
418,0.399801,1.345073,0.424108,1.357047,-0.001736,1.191553,0.501040,1.349242,0.063215,1.280023,0.381405,1.356254,0.014341,0.666570,0.062959,1.375853,-0.300056,1.822391,0.063438,1.321209,-0.301259,1.802057
419,0.536558,1.808592,0.644693,1.682753,0.113114,2.193559,0.681716,1.719019,0.148341,2.088474,0.554096,1.768987,0.014361,0.752492,0.221408,1.854719,-0.318732,2.421379,0.248960,1.832495,-0.290773,2.413192
420,-0.491012,1.422407,-0.502998,1.403703,0.002425,1.218922,-0.444693,1.438909,0.060967,1.378921,-0.448893,1.468006,0.029040,0.661171,0.254924,1.338610,0.732719,1.885393,0.315112,1.350115,0.791924,1.909206
421,0.115762,1.180147,0.043620,1.229144,-0.112574,1.315288,0.071984,1.204325,-0.084368,1.363267,0.084600,1.206212,0.010039,0.710756,0.060789,1.356953,-0.018268,1.783348,0.144693,1.342034,0.066349,1.791734
422,-0.333379,1.602448,-0.543676,1.508037,-0.249538,1.508543,-0.551520,1.552088,-0.248076,1.470021,-0.430407,1.548508,-0.066964,0.683151,-0.352534,1.373591,0.007854,1.951725,-0.392515,1.345763,-0.029668,1.955344
423,0.306082,1.388757,0.255261,1.492530,-0.127776,1.552182,0.317638,1.411622,-0.067130,1.497124,0.298253,1.435023,0.068423,0.722936,-0.359822,1.341787,-0.593184,1.946466,-0.244473,1.365308,-0.477001,1.971764
424,0.272496,1.788957,0.252484,1.720275,-0.075331,1.583917,0.171873,1.717144,-0.157749,1.655529,0.221119,1.744811,0.002961,0.738628,0.783779,1.618875,0.564123,2.196223,0.748979,1.578285,0.530210,2.231614
425,0.126989,1.194586,0.302028,1.317540,0.106710,1.257919,0.241964,1.292215,0.041837,1.248436,0.057714,1.262988,-0.002054,0.586733,0.088457,1.207548,0.032071,1.644934,0.016956,1.218004,-0.041085,1.684094
426,0.295542,1.255962,0.455665,1.165132,0.197186,1.123969,0.394301,1.162784,0.129563,1.167062,0.298879,1.241827,-0.029103,0.586860,-0.083322,1.219910,-0.406852,1.620734,-0.083913,1.213083,-0.408558,1.653495
427,-0.372902,2.125998,-0.585366,2.059632,-0.261959,2.108724,-0.480848,2.066433,-0.176266,2.159640,-0.329258,2.154219,0.102189,0.840482,0.253107,2.030235,0.693305,2.746648,0.376889,1.949733,0.813222,2.743614
428,0.873632,1.327609,0.856157,1.417368,0.002659,1.425606,0.756103,1.437162,-0.092801,1.443390,0.829765,1.389190,-0.065359,0.565634,0.629217,1.342083,-0.265866,1.782590,0.715523,1.354660,-0.181800,1.825422
429,-0.486601,1.545998,-0.488299,1.471698,-0.038571,1.711157,-0.351499,1.486927,0.098507,1.763113,-0.436112,1.564659,0.083809,0.758500,0.133225,1.660822,0.655512,2.166251,0.122856,1.606873,0.644532,2.144324
430,0.298480,1.110729,0.326281,1.067186,0.043082,1.397352,0.251485,1.143923,-0.030067,1.412207,0.245547,1.147035,-0.069742,0.611475,-0.410467,1.263803,-0.725104,1.640038,-0.453388,1.259348,-0.767243,1.671908
431,0.014113,1.406573,-0.075225,1.449599,-0.183233,1.437245,0.040419,1.437165,-0.073089,1.461255,-0.038188,1.423763,0.039725,0.673715,0.196545,1.377299,0.275376,1.796569,0.211262,1.360535,0.291122,1.866951
432,0.432937,1.418931,0.516136,1.487335,0.070258,1.340539,0.555805,1.493575,0.107606,1.372562,0.435943,1.476697,0.018261,0.587486,0.908205,1.348971,0.490400,1.901134,0.944081,1.396929,0.524683,1.954919
433,-0.187063,1.348165,-0.178230,1.361575,0.006538,1.394794,-0.225871,1.280769,-0.041700,1.433355,-0.212373,1.333892,-0.022082,0.727058,-0.276715,1.334478,-0.084066,1.815698,-0.298602,1.303663,-0.109431,1.845572
434,0.214700,0.998160,0.247104,0.954117,0.030879,1.092674,0.254860,1.006649,0.045150,1.091912,0.242639,1.033944,0.023935,0.580373,0.323402,1.198421,0.103941,1.509169,0.290354,1.203143,0.071800,1.516540
435,-0.148169,1.412357,-0.156981,1.052298,-0.038073,1.444721,-0.083037,1.126575,0.027358,1.572648,-0.145812,1.294115,0.036349,0.628439,0.068478,1.232615,0.251766,1.677344,-0.017127,1.211459,0.166021,1.675978
436,0.605746,1.195216,0.665289,1.173309,0.059116,1.195719,0.659373,1.197464,0.048082,1.334588,0.640475,1.210549,0.037251,0.715014,0.608004,1.248181,0.007784,1.617834,0.488620,1.266542,-0.111706,1.656376
437,0.802668,1.384564,1.013970,1.356993,0.169406,1.284757,1.037360,1.357424,0.191058,1.353119,0.756196,1.434783,-0.007252,0.747338,0.300338,1.406338,-0.457972,1.849412,0.211962,1.476849,-0.549253,1.938666
438,0.914705,1.281550,0.889058,1.324878,-0.097468,1.357540,1.016031,1.321767,0.025219,1.327075,0.879206,1.317699,0.035951,0.694057,0.914324,1.372272,0.072001,1.810736,0.942014,1.325081,0.098652,1.784760
439,-0.518501,1.115764,-0.410907,1.175648,0.109275,1.360889,-0.330967,1.183762,0.192124,1.403650,-0.404951,1.165231,0.108580,0.653033,-0.219797,1.174155,0.294907,1.590389,-0.140191,1.206939,0.374612,1.627107
440,0.423533,1.455609,0.332189,1.462864,-0.076867,1.448017,0.355329,1.436522,-0.044547,1.441734,0.456049,1.407682,0.012901,0.597643,0.139178,1.403556,-0.309811,1.836864,0.078694,1.377604,-0.366342,1.871676
441,-0.203529,1.526704,-0.088871,1.604843,0.188064,1.497442,-0.043585,1.532312,0.227463,1.542008,-0.117883,1.481424,0.018985,0.690916,-0.019302,1.352611,0.120606,1.932530,-0.101834,1.372255,0.037901,1.960327
442,0.528990,1.489035,0.590730,1.448478,0.030107,1.679752,0.336325,1.436071,-0.224467,1.716324,0.395429,1.487185,-0.104074,0.764199,-0.256475,1.701048,-0.754718,2.130503,-0.130620,1.699620,-0.629379,2.159519
443,1.266976,2.000828,1.521864,2.071326,0.274652,1.948342,1.376305,2.020648,0.133388,1.914611,1.192027,1.967046,-0.095743,0.775810,0.212898,1.721627,-1.076916,2.372786,0.168183,1.707687,-1.121510,2.409410
444,-0.048011,1.465298,0.103388,1.249754,0.287006,1.735491,0.079740,1.327875,0.264742,1.662083,0.073940,1.436688,-0.009194,0.725935,0.244506,1.382438,0.164562,1.850913,0.293499,1.406360,0.212643,1.866636
445,0.056984,1.141991,0.060732,1.149995,-0.085295,1.233451,0.206805,1.231521,0.058376,1.280260,0.049425,1.230868,0.076630,0.577952,0.292006,1.154617,0.321866,1.573050,0.439520,1.157418,0.469498,1.607710
446,-0.475453,1.254668,-0.654500,1.320742,-0.142684,1.274890,-0.597475,1.241832,-0.088544,1.250817,-0.423233,1.270043,0.019371,0.575353,-0.100988,1.224108,0.343599,1.700608,-0.006921,1.201207,0.436725,1.707850
447,0.158175,1.279820,0.340777,1.285843,0.202275,1.464755,0.310441,1.359372,0.171285,1.534812,0.211724,1.362006,0.034121,0.688030,0.365902,1.552156,0.193034,1.914652,0.425856,1.524259,0.249786,1.903162
448,0.387176,1.381857,0.163337,1.443183,-0.158329,1.469266,0.155926,1.446794,-0.169151,1.498202,0.402403,1.396588,-0.041991,0.676608,-0.507430,1.410549,-0.953829,1.852537,-0.558426,1.343637,-1.005436,1.866245
449,-0.511662,1.569456,-0.628443,1.578265,-0.098564,1.475050,-0.711133,1.519194,-0.194047,1.559502,-0.653738,1.548724,-0.150330,0.795876,-0.988599,1.561326,-0.479967,2.063191,-1.063292,1.573863,-0.557995,2.107519
450,0.542446,1.468895,0.903361,1.519359,0.436840,1.490128,0.749418,1.448238,0.279577,1.467280,0.545544,1.468735,-0.068348,0.705456,-0.157712,1.447737,-0.767656,1.928287,-0.134641,1.416686,-0.745413,1.928033
451,0.014193,1.163207,0.133899,1.038304,0.155115,1.249622,0.068117,1.072404,0.095268,1.320626,0.045202,1.134090,-0.007795,0.631542,-0.399418,1.357909,-0.453020,1.671775,-0.415510,1.331406,-0.467828,1.696858
452,0.290717,1.458818,0.319124,1.350826,0.070046,1.542138,0.252826,1.343130,0.012802,1.565393,0.338793,1.433860,0.002105,0.650867,-0.107855,1.382113,-0.447487,1.905404,-0.049663,1.411964,-0.387430,1.953647
453,-0.006345,1.163547,-0.007352,1.128806,0.003665,1.203189,-0.101947,1.203066,-0.090249,1.239465,-0.012212,1.187274,-0.011561,0.657722,0.616026,1.250837,0.618056,1.572698,0.694843,1.277684,0.696415,1.625060
454,0.063447,1.216255,-0.063209,1.090609,-0.196871,1.245118,0.100336,1.135341,-0.037210,1.237387,0.093012,1.219488,0.097307,0.540330,0.109193,1.200301,0.116595,1.625635,0.118312,1.228089,0.125120,1.653914
455,0.148428,1.392120,0.003341,1.395526,-0.131418,1.255011,-0.048139,1.389828,-0.175601,1.358121,0.091167,1.376027,-0.075260,0.658587,-0.020299,1.560804,-0.189429,1.923628,-0.167968,1.491257,-0.335568,1.908632
456,0.135783,0.920108,0.210715,0.981740,0.081802,1.048156,0.275094,1.038284,0.146988,1.107346,0.201947,0.996242,0.058639,0.542474,-0.035741,1.181360,-0.179345,1.464047,0.024810,1.140928,-0.117939,1.438226
457,0.061586,1.323128,0.395409,1.376146,0.421767,1.415815,0.391602,1.423775,0.419335,1.460993,0.147072,1.387759,0.000631,0.720480,-0.481211,1.313623,-0.627951,1.798121,-0.529324,1.308289,-0.674926,1.815947
458,0.549461,1.561458,0.523314,1.751815,0.033532,1.837835,0.411252,1.730286,-0.086669,1.853127,0.487125,1.618534,-0.112653,0.749723,0.233620,1.540201,-0.363188,2.080960,0.083920,1.480102,-0.515238,2.057363
459,-0.246633,1.174824,-0.147323,1.190834,0.112492,1.215528,-0.113658,1.206632,0.145649,1.306244,-0.177236,1.176645,0.057349,0.638726,0.068943,1.110730,0.302095,1.557851,-0.006936,1.078312,0.227834,1.572464
460,0.436225,1.179525,0.489103,1.159849,0.071420,1.152666,0.592298,1.224219,0.177929,1.258028,0.480483,1.213071,0.022569,0.690297,0.070378,1.292061,-0.384927,1.652443,0.138866,1.320592,-0.317250,1.719740
461,-0.453093,1.190126,-0.252906,1.144068,0.262384,1.128232,-0.242399,1.141148,0.260564,1.172425,-0.362794,1.161528,0.042517,0.582845,-0.175865,1.247459,0.229628,1.648836,-0.127995,1.249109,0.276100,1.669155
462,0.478937,1.072870,0.599297,1.169626,0.162304,1.090524,0.610405,1.161391,0.172309,1.132951,0.507708,1.133789,-0.010462,0.567144,0.301219,1.113623,-0.215703,1.541916,0.345566,1.109086,-0.171967,1.541453
463,-0.250166,1.588214,-0.071932,1.567133,0.259978,1.511298,-0.084769,1.592788,0.249225,1.557070,-0.132146,1.608127,0.036711,0.666087,0.037833,1.582418,0.210383,2.027969,0.269160,1.600977,0.441040,2.123158
464,-0.138365,1.036736,-0.078055,1.001103,0.024480,1.212801,-0.246010,1.022091,-0.141144,1.321791,-0.252882,1.071230,-0.080635,0.623077,-0.380243,1.136256,-0.211322,1.466338,-0.408870,1.151292,-0.239175,1.504275
465,-0.156695,1.278060,-0.311247,1.213786,-0.174224,1.217749,-0.300456,1.202653,-0.162209,1.221759,-0.163926,1.229936,0.010857,0.527857,-0.254288,1.246562,-0.081542,1.637219,-0.352328,1.214536,-0.178057,1.645156
466,-0.414824,1.241044,-0.356153,1.204629,0.100381,1.231514,-0.332934,1.247640,0.118005,1.320603,-0.360751,1.213867,0.017346,0.592518,-0.282902,1.126145,0.097504,1.576605,-0.277215,1.150326,0.103519,1.610366
467,-0.168976,1.322522,-0.354039,1.211740,-0.164956,1.231785,-0.246062,1.202169,-0.052769,1.251670,-0.128372,1.292216,0.019258,0.615680,-0.669744,1.214333,-0.524427,1.703341,-0.667840,1.201970,-0.521706,1.711487
468,0.522787,1.930085,0.490335,1.956844,-0.206647,1.969137,0.396822,1.866850,-0.300295,2.039885,0.292763,1.785955,-0.064431,0.799602,0.488219,1.619429,0.128409,2.211916,0.351183,1.645846,-0.006844,2.286294
469,0.274884,1.235959,0.358935,1.258301,0.090001,1.407547,0.364033,1.233994,0.093520,1.381436,0.345168,1.280616,0.065429,0.653544,0.568864,1.326436,0.287282,1.712647,0.654039,1.321981,0.375324,1.729588
470,0.551447,1.861997,0.586858,1.672559,0.077184,1.734496,0.678126,1.607868,0.174880,1.717212,0.616530,1.777908,0.023844,0.757725,-0.260821,1.782926,-0.858471,2.452069,-0.243932,1.725979,-0.841533,2.444817
471,-0.071170,1.147708,-0.033653,1.131139,-0.067802,1.302496,-0.035256,1.112898,-0.075363,1.350779,-0.163604,1.100872,0.010815,0.634180,-0.209428,1.217596,-0.034408,1.611641,-0.222665,1.201814,-0.046337,1.613488
472,-0.372874,1.631947,-0.557444,1.568936,-0.145141,1.419564,-0.501148,1.580682,-0.081777,1.476603,-0.295266,1.647082,0.036015,0.674928,0.198923,1.377916,0.527950,1.970667,0.260703,1.319616,0.589880,1.992154
473,-0.422337,1.392443,-0.276830,1.229943,0.242757,1.252086,-0.382136,1.250793,0.137971,1.296801,-0.380142,1.291390,-0.049489,0.629333,-0.014178,1.230487,0.314450,1.650805,-0.028412,1.281185,0.301357,1.748327
474,-0.354254,1.271896,-0.309770,1.103749,0.136953,1.346246,-0.292496,1.133993,0.147431,1.382094,-0.246321,1.211705,0.024096,0.555408,-0.454558,1.102150,-0.180605,1.595553,-0.503088,1.113119,-0.229958,1.594250
475,-0.070165,1.402299,0.018845,1.238525,0.144143,1.622857,-0.003778,1.276050,0.113547,1.735781,-0.105017,1.278893,-0.081069,0.633228,0.129547,1.193190,0.155035,1.721703,0.105039,1.264543,0.129839,1.790275
476,0.409646,1.596069,0.558662,1.381697,0.242407,1.444225,0.563422,1.491259,0.246006,1.555310,0.485250,1.567683,-0.010374,0.703690,0.440511,1.445971,-0.055745,1.998334,0.470028,1.428597,-0.027622,2.007312
477,-0.092639,1.660666,-0.063222,1.616039,-0.011213,1.587189,-0.053039,1.604835,-0.004554,1.647806,-0.115390,1.597625,0.016217,0.651685,-0.638701,1.308273,-0.501224,1.983042,-0.647079,1.335448,-0.512535,2.024955
478,-0.158445,1.375775,-0.099377,1.412273,0.123524,1.447743,-0.186886,1.394886,0.031957,1.520450,-0.187853,1.401291,-0.084733,0.609803,-0.449299,1.339828,-0.348436,1.834648,-0.351773,1.319870,-0.251859,1.850201
479,-0.507611,1.178665,-0.393266,1.084325,0.167929,1.323930,-0.417017,1.111604,0.155296,1.375530,-0.415257,1.123228,0.032500,0.559200,-0.588036,1.106047,-0.142450,1.514285,-0.593285,1.118609,-0.145391,1.554354
480,-0.384713,1.251964,-0.542159,1.186713,-0.212771,1.462497,-0.438141,1.150723,-0.106020,1.438700,-0.345830,1.267945,0.089163,0.643603,-0.425987,1.110129,0.008904,1.627136,-0.350735,1.147512,0.083980,1.668491
481,0.266071,1.272654,0.155114,1.164745,-0.189828,1.280450,0.274471,1.208342,-0.067741,1.324029,0.270140,1.253062,0.076221,0.601658,0.977799,1.287388,0.785442,1.600361,1.028606,1.255731,0.834786,1.635493
482,-0.319547,1.408661,-0.386588,1.230740,-0.054068,1.180185,-0.359615,1.178857,-0.027681,1.266214,-0.271664,1.275085,0.035781,0.581207,-0.402799,1.270811,-0.094810,1.745860,-0.522740,1.267473,-0.214899,1.773780
483,0.453709,1.136070,0.385095,1.184403,-0.047864,1.308931,0.334496,1.160376,-0.097948,1.271863,0.438304,1.186164,-0.033897,0.606753,0.466740,1.208072,-0.008791,1.631294,0.332378,1.197931,-0.141819,1.649961
484,-0.388946,1.128950,-0.520358,1.073514,-0.190587,1.231011,-0.378056,1.076009,-0.047903,1.248804,-0.357445,1.127339,0.087688,0.616035,0.399822,1.150686,0.844214,1.521802,0.313560,1.162152,0.757969,1.578225
485,0.583393,1.288082,0.782559,1.290561,0.245882,1.398435,0.842809,1.301390,0.305466,1.455563,0.664106,1.309960,0.037858,0.634117,0.039941,1.296332,-0.585642,1.772243,0.204551,1.301397,-0.422964,1.787174
486,-0.200518,1.194876,-0.062307,1.140813,0.142977,1.316747,-0.033742,1.159832,0.170140,1.298020,-0.123378,1.198764,0.073514,0.630451,0.825900,1.145737,1.023463,1.598575,0.874577,1.152217,1.071833,1.621020
487,-0.443589,1.290259,-0.424705,1.337959,-0.000839,1.520196,-0.302348,1.353614,0.125921,1.536776,-0.431827,1.335217,0.026625,0.667143,-0.445376,1.403558,0.015315,1.811715,-0.408945,1.352419,0.049537,1.794620
488,0.036750,1.553826,0.108429,1.644229,0.053119,1.255525,0.110240,1.643408,0.049860,1.328908,-0.038327,1.612429,-0.054703,0.706110,-0.255122,1.516391,-0.267544,1.969142,-0.265190,1.541477,-0.279930,2.033689
489,0.526260,1.450710,0.532952,1.174307,-0.017947,1.605292,0.546531,1.166782,-0.001872,1.641235,0.547987,1.364107,0.045713,0.631862,0.229212,1.294387,-0.277136,1.762594,0.062765,1.308533,-0.443234,1.793159
490,-0.021106,1.172247,-0.043530,1.292392,0.008558,1.196589,-0.182279,1.278878,-0.122663,1.196595,-0.068717,1.208687,-0.081446,0.637292,-0.666169,1.186691,-0.682923,1.619581,-0.864310,1.252816,-0.879178,1.683032
491,0.273467,1.590054,0.452309,1.525529,0.345198,1.636541,0.467682,1.508423,0.364099,1.628189,0.479930,1.504220,0.046359,0.627932,-0.225683,1.342840,-0.660114,1.914859,-0.132747,1.382823,-0.566455,1.968722
492,0.084271,1.390266,-0.211691,1.327054,-0.344565,1.479657,-0.145171,1.304756,-0.276407,1.531806,0.072827,1.359231,0.032122,0.605501,0.446100,1.323023,0.405318,1.823833,0.555026,1.294455,0.515917,1.805572
493,-0.179737,1.292363,-0.101423,1.351884,0.198921,1.244747,-0.123492,1.368759,0.177147,1.325230,-0.109305,1.344785,-0.043465,0.580012,-0.744213,1.200817,-0.680780,1.684413,-0.826764,1.211972,-0.761276,1.694855
494,-0.453035,1.145167,-0.298589,1.116643,0.218158,1.222400,-0.270108,1.211451,0.251054,1.286091,-0.337487,1.226705,0.051342,0.589445,-0.755647,1.159876,-0.367853,1.585144,-0.742358,1.174075,-0.353020,1.610822
495,-0.005757,1.084238,0.230980,1.223908,0.347854,1.356644,0.189484,1.184550,0.311486,1.372158,0.087618,1.140875,-0.017482,0.571038,0.377750,1.249855,0.274792,1.620568,0.400649,1.240981,0.297594,1.625906
496,0.176612,1.520632,0.430591,1.374748,0.268693,1.353523,0.354444,1.397308,0.199122,1.469835,0.168665,1.441673,-0.025726,0.677366,0.713348,1.432993,0.516646,1.872576,0.619208,1.407500,0.422677,1.878144
497,0.882047,1.327575,0.951876,1.461681,0.036583,1.590104,0.905011,1.378744,-0.012347,1.550069,0.828410,1.365809,-0.019771,0.652125,0.129016,1.366729,-0.719680,1.875225,0.241070,1.387543,-0.608102,1.893289
498,0.162326,1.405300,0.087801,1.417358,-0.136554,1.491548,0.216804,1.491467,-0.015683,1.607367,0.147199,1.452967,0.049182,0.658447,-0.132977,1.657599,-0.227449,2.085160,-0.056119,1.602180,-0.152888,2.048679
499,-0.384198,1.113640,-0.201301,1.182702,0.241755,1.559065,-0.223958,1.082229,0.222165,1.375026,-0.330786,1.072315,-0.004768,0.564890,-0.677676,1.077777,-0.353296,1.462891,-0.813128,1.076250,-0.486975,1.476898
500,-0.051743,1.211908,0.078715,1.340687,0.165690,1.146011,0.023075,1.283510,0.107299,1.147601,-0.030154,1.205143,-0.009699,0.515378,-0.277713,1.149508,-0.257667,1.601888,-0.330220,1.105941,-0.309352,1.581232
501,0.347008,1.881568,0.451143,1.971691,-0.035938,1.857137,0.375504,1.884943,-0.120402,1.815382,0.169885,1.864747,-0.036622,0.821731,0.131675,1.803186,-0.077210,2.410329,-0.069045,1.765275,-0.276299,2.412460
502,-0.276734,1.248674,-0.244278,1.226381,0.164558,1.279649,-0.316144,1.219414,0.097329,1.311563,-0.234064,1.278229,-0.086613,0.646059,-0.842795,1.260382,-0.694099,1.655851,-0.995166,1.286002,-0.847074,1.708368
503,-1.250369,1.628023,-1.116311,1.530873,0.178229,1.673952,-1.086806,1.527302,0.206520,1.632964,-1.198151,1.613072,0.010992,0.685490,-0.762360,1.434690,0.447299,2.022993,-0.740693,1.432773,0.469053,2.034434
504,0.248438,1.183828,0.114669,1.083253,-0.164168,1.310261,0.108484,1.066615,-0.168194,1.335739,0.166764,1.147475,-0.054234,0.707197,0.231484,1.308952,0.011547,1.644706,0.293369,1.279325,0.071502,1.661173
505,0.536387,1.282785,0.663088,1.379800,0.186454,1.273245,0.731447,1.403787,0.254159,1.272842,0.662262,1.338969,0.070582,0.570120,-0.010711,1.102869,-0.604258,1.611087,-0.050974,1.114229,-0.643458,1.650977
506,-0.120528,1.095097,-0.141350,1.018137,-0.034944,1.339884,-0.195467,1.052623,-0.087590,1.379475,-0.157869,1.092182,-0.026614,0.553553,-0.212322,1.096364,-0.078060,1.436699,-0.252108,1.098835,-0.119058,1.482568
507,0.267289,1.208069,0.119064,1.253200,-0.146983,1.442157,0.119517,1.228863,-0.148534,1.450313,0.229204,1.252372,-0.036431,0.566648,-0.065736,1.064337,-0.333623,1.534581,-0.075687,1.084357,-0.342846,1.557779
508,0.289588,1.477967,0.050892,1.561015,-0.318735,1.500265,0.102985,1.486053,-0.273642,1.511725,0.191958,1.471849,-0.017897,0.617352,0.097969,1.309287,-0.110680,1.872004,0.229239,1.328569,0.021949,1.931203
509,-0.975060,1.226384,-0.965597,1.215470,0.056023,1.271716,-0.988905,1.239479,0.028202,1.359845,-0.961553,1.249776,-0.026817,0.633120,0.001381,1.320130,0.934856,1.744343,0.095572,1.307809,1.030496,1.758229
510,-0.174875,1.244094,-0.212940,1.221701,-0.119492,1.318854,-0.359123,1.231737,-0.268488,1.377872,-0.331363,1.260536,-0.079115,0.685092,-0.184053,1.307127,0.070623,1.744666,-0.234202,1.347565,0.020748,1.795372
511,-0.521053,1.680988,-0.389478,1.476050,0.141293,1.576113,-0.340291,1.523820,0.195875,1.660596,-0.518894,1.646577,-0.009811,0.722692,-0.203609,1.441360,0.304587,2.104777,-0.280690,1.434448,0.225852,2.133046
512,-0.244998,1.256869,-0.197242,1.223077,0.022592,1.456942,-0.228393,1.174024,-0.013323,1.456851,-0.237386,1.260215,0.033446,0.638608,0.109208,1.146915,0.381178,1.627431,0.155113,1.152627,0.428717,1.648331
513,-0.415924,1.458410,-0.254781,1.293965,0.257875,1.473824,-0.302433,1.287727,0.205675,1.530104,-0.432068,1.372442,-0.104267,0.613908,-0.324790,1.379586,0.004744,1.799000,-0.434352,1.355797,-0.106152,1.833158
514,-0.079423,1.311463,0.046532,1.378918,0.099619,1.353029,0.034700,1.349414,0.088996,1.375837,-0.076914,1.334597,0.026247,0.631401,0.024282,1.288868,0.125674,1.760239,0.207072,1.339626,0.310695,1.823685
515,0.953615,1.377388,1.109749,1.358292,0.173850,1.341597,1.081650,1.396546,0.144194,1.387007,0.968217,1.424107,-0.001290,0.644972,0.453213,1.185315,-0.515302,1.684284,0.559903,1.195099,-0.409070,1.734247
516,-0.414587,1.599646,-0.507054,1.611559,-0.042738,1.382317,-0.480765,1.604525,-0.009701,1.486633,-0.368724,1.584346,-0.005736,0.658613,-0.192537,1.470783,0.168263,2.075382,-0.071416,1.487163,0.290266,2.098389
517,-0.596119,1.307610,-0.396553,1.445685,0.285100,1.274786,-0.338774,1.338018,0.331718,1.277436,-0.499188,1.230348,0.024023,0.602996,-0.479338,1.329275,0.045573,1.755355,-0.459331,1.257360,0.065652,1.733685
518,-0.147420,1.213450,-0.226959,1.255815,-0.111094,1.335924,-0.189193,1.243301,-0.069588,1.364642,-0.185460,1.227217,-0.010070,0.557336,0.453156,1.162362,0.627598,1.639193,0.399770,1.117451,0.573429,1.595054
519,0.088110,1.632508,-0.045180,1.882941,-0.168381,1.648402,-0.095792,1.764359,-0.220256,1.614538,0.024091,1.600583,-0.028475,0.761035,-0.421758,1.590624,-0.476936,2.162301,-0.251398,1.601250,-0.305658,2.236321
520,-0.452249,1.205155,-0.182817,1.278188,0.396695,1.419720,-0.171732,1.237303,0.412604,1.406210,-0.339449,1.239172,-0.011736,0.669438,-0.965687,1.388526,-0.637212,1.755972,-0.934007,1.353948,-0.606116,1.760666
521,-0.456890,1.108115,-0.580865,1.017886,-0.136836,1.134236,-0.575194,1.047242,-0.130406,1.212508,-0.501591,1.111837,-0.031670,0.551088,0.026865,1.077542,0.494352,1.483476,0.072218,1.091410,0.540173,1.502246
522,0.365745,1.165647,0.356853,1.205958,0.007925,1.225948,0.294015,1.174103,-0.051558,1.237149,0.358686,1.140849,-0.024884,0.581861,0.400810,1.179815,0.014398,1.534830,0.386205,1.137226,0.001651,1.540977
523,-0.166984,1.276314,-0.090245,1.322782,0.135535,1.439797,0.024772,1.270500,0.247528,1.423561,-0.102994,1.230120,0.011688,0.610202,-1.036481,1.253651,-0.922076,1.709281,-0.977786,1.212614,-0.864288,1.695735
524,-0.002118,1.195417,-0.075446,1.174624,-0.060968,1.133006,0.020600,1.165356,0.032437,1.177277,0.051267,1.178054,0.045185,0.555590,0.305986,1.274914,0.298049,1.703227,0.183590,1.289713,0.175736,1.711923
525,0.237575,1.128787,0.240275,1.042728,0.049963,1.313148,0.353500,1.144727,0.169654,1.411433,0.287157,1.153216,0.000164,0.626126,-0.112214,1.313467,-0.397192,1.648079,-0.033406,1.269056,-0.321635,1.633412
526,-0.234875,0.933209,-0.087061,0.922270,0.168673,1.031883,0.014499,0.972380,0.271243,1.095833,-0.122608,1.010069,0.090532,0.551068,0.282343,1.153782,0.495778,1.469852,0.342502,1.143393,0.557412,1.471295
527,0.377176,1.462312,0.812636,1.418390,0.584358,1.506052,0.756044,1.430341,0.529219,1.578557,0.518270,1.467751,-0.002540,0.631002,0.406553,1.536855,-0.111877,2.018752,0.521270,1.519484,0.002579,2.027554
528,-0.288440,1.356391,-0.150650,1.288760,0.160104,1.398101,-0.248520,1.348393,0.061635,1.383167,-0.309856,1.389468,-0.041441,0.648030,-0.945404,1.385900,-0.678419,1.887050,-1.096575,1.378305,-0.828857,1.898547
529,-0.158556,1.098201,-0.152788,1.096006,0.009762,1.127200,-0.073939,1.109700,0.085628,1.190932,-0.051108,1.127691,0.105103,0.566431,0.512292,1.199835,0.670112,1.543762,0.602081,1.188278,0.759685,1.551140
530,-0.677761,1.737678,-0.366094,1.801519,0.351842,1.620561,-0.345771,1.829370,0.366649,1.628794,-0.588888,1.753139,0.055369,0.709632,0.228952,1.277634,0.874351,2.014742,0.126596,1.316421,0.770853,2.062576
531,0.256578,1.155595,0.463956,1.196135,0.219090,1.314721,0.584529,1.286260,0.335977,1.345680,0.369891,1.245306,0.103262,0.610711,0.715055,1.416417,0.453572,1.776646,0.894819,1.406629,0.630711,1.780887
532,-0.569666,1.648703,-0.539215,1.477384,0.142798,1.510610,-0.585689,1.499928,0.095899,1.485431,-0.483790,1.575452,-0.019307,0.661711,-1.003107,1.407173,-0.538690,2.029677,-0.959314,1.420752,-0.495998,2.081645
533,0.157394,1.244662,-0.145473,1.348568,-0.378725,1.247660,-0.184204,1.307439,-0.413675,1.281946,0.031970,1.260206,-0.054550,0.572043,-0.183253,1.097587,-0.275529,1.583179,-0.171181,1.121027,-0.260479,1.608854
534,-0.114173,1.445891,-0.100005,1.440464,-0.001872,1.510806,-0.165239,1.407268,-0.068032,1.549054,-0.175566,1.426907,-0.044221,0.695844,0.010487,1.282535,0.137362,1.855448,0.028380,1.252756,0.158372,1.872800
535,0.489672,1.107182,0.388057,1.200162,-0.091134,1.265782,0.395287,1.240645,-0.080356,1.287519,0.491828,1.176260,-0.011350,0.541872,0.549853,1.296127,0.049714,1.580489,0.585204,1.283029,0.082628,1.596323
536,-0.292519,1.390376,-0.368849,1.529918,-0.088879,1.514959,-0.330402,1.484993,-0.053181,1.459884,-0.330816,1.433495,-0.024460,0.664550,-0.457471,1.461281,-0.150787,1.986855,-0.299515,1.446710,0.007264,2.000206
537,-0.398507,1.244009,-0.549192,1.329965,-0.224026,1.351607,-0.660188,1.262461,-0.341453,1.397075,-0.551391,1.240281,-0.076969,0.624225,-0.413254,1.249788,0.057247,1.696819,-0.568501,1.227579,-0.095478,1.682078
538,-0.238104,1.472509,-0.306062,1.430252,-0.047031,1.400764,-0.284626,1.434690,-0.019025,1.399886,-0.191408,1.441486,0.023113,0.656214,-0.424682,1.301072,-0.214492,1.866980,-0.419788,1.339110,-0.207285,1.924885
539,-0.263883,1.525386,-0.459096,1.532436,-0.289039,1.767429,-0.417668,1.466287,-0.240421,1.829171,-0.329008,1.454400,0.018331,0.747680,0.440684,1.554650,0.787358,2.047265,0.459801,1.464466,0.806204,2.029772
540,0.008113,1.106797,0.000254,1.081225,0.052599,1.276315,0.019822,1.149498,0.076029,1.340481,0.069320,1.122337,0.001261,0.588282,-0.041518,1.084623,-0.110198,1.488163,-0.098551,1.066282,-0.167204,1.495178
541,-0.159646,1.081576,-0.164265,1.095098,0.004081,1.231090,-0.261074,1.069961,-0.090942,1.223428,-0.203582,1.076110,-0.053557,0.566137,0.116481,1.072059,0.265733,1.442971,-0.008716,1.084722,0.141247,1.473962
542,0.031789,1.284414,0.010036,1.166154,0.011077,1.245892,0.005092,1.231527,0.008864,1.293688,0.060437,1.279981,-0.002217,0.532490,-0.243785,1.231716,-0.309788,1.661157,-0.339893,1.260395,-0.405889,1.695515
543,-0.005635,1.430100,0.306752,1.305938,0.339693,1.202837,0.290397,1.287510,0.314765,1.262014,0.037142,1.371412,0.023945,0.652353,-0.233649,1.311969,-0.246191,1.870439,-0.189168,1.286454,-0.202276,1.865994
544,0.340119,1.295583,0.284795,1.317548,-0.037320,1.352869,0.205113,1.326698,-0.116146,1.402286,0.323730,1.310842,-0.034028,0.582902,0.149314,1.236971,-0.207489,1.761515,0.274226,1.241610,-0.083821,1.776879
545,0.085373,1.298618,0.082431,1.311992,-0.042900,1.231906,0.006544,1.271751,-0.122876,1.255951,-0.007259,1.287927,-0.052376,0.611008,0.086437,1.269994,0.044352,1.729363,0.189003,1.287240,0.144956,1.754012
546,-0.582973,1.262397,-0.357507,1.280463,0.249628,1.387176,-0.382400,1.218365,0.222011,1.377023,-0.564066,1.239863,-0.001423,0.579165,-0.235403,1.270563,0.327172,1.662927,-0.273935,1.229267,0.288236,1.653124
547,0.062303,1.380572,0.079430,1.355093,-0.034208,1.348220,0.056494,1.297199,-0.055830,1.406039,0.046622,1.328992,0.029678,0.596414,0.145557,1.203378,0.131103,1.729244,0.142335,1.217047,0.128304,1.767698
548,-0.187536,1.581197,0.155523,1.736263,0.356044,1.770314,-0.006016,1.620709,0.185430,1.708272,-0.236297,1.596066,-0.055262,0.772698,0.411765,1.440668,0.598153,2.025574,0.243564,1.458395,0.426637,2.089186
549,0.152502,1.270443,0.164598,1.144694,0.043718,1.331060,0.089455,1.187561,-0.038820,1.353272,0.122826,1.278609,-0.053535,0.610984,-0.342941,1.144399,-0.518804,1.636130,-0.413864,1.167103,-0.590160,1.649235
550,0.345225,1.276966,0.279278,1.428269,-0.104102,1.585673,0.168076,1.382087,-0.213141,1.476203,0.224776,1.340254,-0.086523,0.672902,-0.051195,1.284130,-0.360964,1.718212,-0.063713,1.273145,-0.374587,1.738011
551,0.181686,2.371625,0.063825,2.164421,-0.098410,1.988264,0.185493,2.071905,0.009589,1.936313,0.289767,2.252926,0.100504,0.794317,-0.074563,2.088643,-0.258171,2.925755,0.117860,2.051877,-0.071278,2.943522
552,-1.171455,1.521587,-1.125699,1.379052,0.102513,1.499793,-1.169547,1.468838,0.059534,1.545945,-1.155306,1.590303,-0.037710,0.658936,-1.624566,1.541606,-0.508551,2.074786,-1.540856,1.550504,-0.424013,2.098630
553,-1.068863,1.572942,-1.005841,1.453480,0.105814,1.623708,-1.130883,1.547205,-0.011948,1.647701,-1.125764,1.631416,-0.100296,0.726837,-0.692137,1.593224,0.328156,2.143667,-0.670082,1.541481,0.351191,2.120450
554,-0.157111,1.346244,-0.258707,1.283929,-0.186658,1.523683,-0.212963,1.289788,-0.135355,1.575129,-0.154116,1.327102,0.078732,0.629332,-0.856627,1.389704,-0.626853,1.824488,-0.937112,1.370026,-0.703741,1.840357
555,0.458682,1.450490,0.602341,1.492751,0.158937,1.441164,0.486518,1.518510,0.045855,1.582386,0.394664,1.528313,-0.080365,0.695425,-0.483350,1.345039,-0.955307,1.841303,-0.339984,1.358425,-0.815961,1.879163
556,0.791997,1.278497,0.763008,1.210721,-0.114374,1.190405,0.739565,1.233676,-0.154070,1.271361,0.674656,1.208427,-0.026300,0.592124,0.835578,1.131977,0.142256,1.539982,0.964413,1.186709,0.267461,1.622530
557,0.567416,1.423099,0.499095,1.318030,-0.082279,1.455387,0.409690,1.393956,-0.166640,1.438847,0.495700,1.465536,-0.062198,0.616202,0.464519,1.309144,-0.094470,1.809367,0.280709,1.317707,-0.277754,1.827248
558,0.026322,1.232875,0.194523,1.217038,0.148555,1.222199,0.134433,1.253985,0.088742,1.329375,-0.004911,1.298638,-0.013234,0.652283,-0.303944,1.242081,-0.313475,1.673260,-0.561734,1.264922,-0.569378,1.705804
559,0.877177,1.312280,0.825077,1.429740,0.004220,1.489729,0.882525,1.356023,0.059742,1.519606,0.936763,1.321727,0.008444,0.750996,0.327276,1.419173,-0.601046,1.892311,0.413218,1.423528,-0.515817,1.931016
560,-0.847149,1.535803,-0.686274,1.637466,0.161278,1.618407,-0.798354,1.626288,0.046167,1.627720,-0.926027,1.556867,-0.077278,0.691522,-0.993217,1.394194,-0.145311,1.962059,-1.126236,1.411698,-0.276570,1.977021
561,0.037464,1.272769,0.148496,1.230653,0.187819,1.254753,0.109836,1.287416,0.147823,1.349832,0.089486,1.329232,-0.020050,0.669034,-0.093344,1.238684,-0.201464,1.729036,-0.199139,1.254075,-0.307995,1.754592
562,-1.476612,1.756746,-1.356820,1.668236,0.110879,1.731155,-1.315967,1.631947,0.144847,1.768786,-1.434706,1.717848,0.051129,0.794125,-0.749840,1.792131,0.742788,2.369866,-0.726924,1.724443,0.765474,2.336799
563,-0.295353,1.972869,-0.106407,1.826299,0.098704,1.657653,0.089989,1.952939,0.281363,1.831791,-0.259342,2.042110,0.130423,0.787327,-0.102079,1.810339,0.294632,2.383392,0.040252,1.760770,0.432737,2.413111
564,0.694674,1.290642,0.791980,1.354656,0.063978,1.180108,0.796457,1.382307,0.066969,1.213076,0.714764,1.357705,0.051585,0.573804,0.397843,1.301630,-0.264525,1.738474,0.365276,1.325161,-0.296079,1.788203
565,-0.228192,1.494864,-0.111460,1.367212,0.164468,1.554242,-0.110589,1.353722,0.161472,1.596567,-0.161210,1.410583,0.021857,0.646890,0.144181,1.354741,0.334447,1.875163,0.217027,1.383195,0.404117,1.927348
566,-0.103483,1.649043,-0.281389,1.668419,-0.260349,1.568052,-0.307259,1.651344,-0.287177,1.611662,-0.222292,1.611173,-0.042376,0.645098,0.011557,1.344167,0.197267,1.933653,0.032980,1.368649,0.215779,1.997746
567,0.117620,1.419641,0.105478,1.362069,-0.097176,1.402053,0.221538,1.382103,0.021706,1.353983,0.135816,1.414931,0.094863,0.605404,0.421921,1.195151,0.382834,1.799104,0.583993,1.188075,0.544994,1.804883
568,-0.482630,1.207079,-0.573892,1.238076,-0.065958,1.277472,-0.502920,1.213762,-0.001433,1.337813,-0.430887,1.169261,0.034325,0.600819,-0.376443,1.263272,0.087429,1.642058,-0.381710,1.238521,0.081867,1.643862
569,0.752012,1.367453,0.603816,1.248807,-0.195277,1.391170,0.584995,1.308135,-0.210025,1.390991,0.674505,1.342695,-0.036724,0.647097,0.160366,1.351833,-0.550148,1.793080,0.242867,1.346704,-0.467997,1.821275
570,-0.536059,1.297581,-0.493302,1.512622,0.076724,1.458519,-0.452239,1.494686,0.112216,1.469047,-0.472625,1.331628,0.036438,0.544867,0.059185,1.230016,0.567925,1.747603,0.027271,1.165898,0.535582,1.717132
571,-0.293281,1.129941,-0.464474,1.149631,-0.184894,1.355180,-0.469512,1.123632,-0.195650,1.283177,-0.317999,1.178404,-0.006277,0.539283,0.241196,1.240369,0.551112,1.598937,0.153521,1.205961,0.464343,1.594064
572,0.106500,1.156265,-0.103912,1.166933,-0.264787,1.271880,-0.057392,1.209953,-0.213753,1.263660,0.083744,1.220097,0.024375,0.574504,0.347911,1.120964,0.288242,1.576580,0.260258,1.118898,0.201765,1.587816
573,0.452897,1.505957,0.376274,1.615647,-0.118013,1.439396,0.451096,1.548190,-0.050082,1.398882,0.455087,1.500754,0.047450,0.634055,0.822093,1.336109,0.414301,1.877438,0.899386,1.353264,0.491173,1.929748
574,0.187897,1.250974,0.327940,1.218596,0.253923,1.410093,0.245793,1.279123,0.169124,1.455429,0.283403,1.254023,-0.011444,0.741333,-0.130239,1.250168,-0.422286,1.678221,0.052364,1.269779,-0.240621,1.731848
575,-0.656532,1.366790,-0.582869,1.307877,0.066586,1.305242,-0.583706,1.243309,0.056963,1.315668,-0.648098,1.348492,0.020640,0.605915,-0.617534,1.207164,0.053713,1.683491,-0.527263,1.215118,0.143927,1.703554
576,-0.101526,1.245755,-0.017049,1.216925,0.129558,1.300383,-0.068868,1.166146,0.068799,1.295765,-0.110355,1.179280,-0.043939,0.563944,-0.103570,1.319549,-0.036928,1.711133,-0.077438,1.303366,-0.011233,1.724665
577,0.179046,1.195080,0.079145,1.111383,-0.126942,1.147537,0.151395,1.155538,-0.054996,1.188601,0.178480,1.189969,0.026758,0.575854,0.004024,1.013547,-0.150881,1.453852,-0.001706,1.056744,-0.155327,1.521960
578,-0.254756,1.209686,-0.184395,1.084815,0.171602,1.062418,-0.265201,1.091839,0.097981,1.141588,-0.219137,1.212101,-0.066230,0.602912,-0.392903,1.281658,-0.239377,1.660200,-0.408459,1.212011,-0.255408,1.632083
579,0.662708,1.163482,0.578516,1.122850,-0.120360,1.077930,0.634682,1.109811,-0.064264,1.114801,0.661579,1.133221,0.033250,0.558024,0.378473,1.216472,-0.249812,1.559410,0.349298,1.207582,-0.279180,1.579862
580,-0.416123,1.498392,-0.347608,1.600290,0.024540,1.615944,-0.602459,1.628713,-0.223141,1.672330,-0.574705,1.577380,-0.122330,0.770968,0.299502,1.547973,0.751707,1.980388,0.277375,1.537452,0.728859,2.027091
581,-0.003902,1.281725,-0.473702,1.394768,-0.522452,1.444342,-0.414412,1.370402,-0.463828,1.457713,-0.092977,1.371116,-0.038062,0.697201,-0.681874,1.571880,-0.628995,1.993249,-0.559727,1.527444,-0.505585,1.963250
582,-0.268754,1.587167,-0.121391,1.669519,0.057198,1.426311,-0.156076,1.714608,0.008861,1.572657,-0.383934,1.629018,-0.021593,0.744533,-0.370005,1.422343,-0.000793,2.059762,-0.624887,1.484207,-0.258771,2.111946
583,-0.458202,1.354054,-0.493163,1.520038,-0.069974,1.444918,-0.448465,1.400000,-0.026941,1.398956,-0.456158,1.392220,0.035657,0.655251,-0.826598,1.359511,-0.333866,1.867129,-0.906803,1.291905,-0.413680,1.870430
584,0.067129,1.218453,0.110753,1.105732,0.117907,1.377145,0.177802,1.142750,0.185971,1.417463,0.182180,1.151120,0.043512,0.581160,0.181602,1.189562,0.043276,1.556574,0.144336,1.198386,0.006294,1.603942
585,-0.331836,1.308172,-0.210632,1.297164,0.128875,1.435609,-0.108158,1.256216,0.222515,1.466529,-0.218277,1.261319,0.112694,0.781108,0.014748,1.352324,0.345367,1.772581,0.090406,1.307175,0.422786,1.780379
586,-0.176424,1.666685,-0.084266,1.567582,0.144866,1.691605,0.003884,1.545411,0.225377,1.691880,-0.089590,1.643989,0.044830,0.666034,-0.214043,1.360151,-0.079137,2.089455,-0.384787,1.364528,-0.252722,2.105430
587,-0.342819,1.229548,-0.364101,1.110355,-0.082774,1.282800,-0.313131,1.128878,-0.036509,1.309370,-0.340331,1.229851,0.065277,0.585168,0.310394,1.181283,0.716964,1.596403,0.253379,1.193757,0.657764,1.620448
588,0.559569,1.072782,0.428880,1.121304,-0.165650,1.096651,0.474257,1.126172,-0.119261,1.146572,0.529523,1.153493,0.002127,0.547593,0.692908,1.042503,0.164444,1.457836,0.722443,1.039533,0.195265,1.477925
589,-0.451384,1.383066,-0.633104,1.429702,-0.243060,1.618783,-0.696459,1.379649,-0.311481,1.538260,-0.594916,1.409699,-0.082291,0.597527,-0.211791,1.328937,0.302956,1.836212,-0.316940,1.322967,0.196903,1.857451
590,-0.731494,1.818519,-0.999439,1.844046,-0.358753,1.757882,-0.969698,1.808115,-0.328602,1.726113,-0.846340,1.811239,-0.030217,0.716971,-0.251306,1.617274,0.567828,2.279827,-0.219702,1.619891,0.597512,2.343822
591,-0.133192,1.124859,-0.088685,1.355805,-0.024922,1.268088,-0.079076,1.267242,-0.022303,1.198665,-0.203305,1.184046,0.000409,0.621975,0.372842,1.172252,0.579490,1.593133,0.386062,1.156967,0.590874,1.611243
592,0.108273,1.334630,0.431728,1.213723,0.354167,1.441040,0.327391,1.251937,0.247354,1.488790,0.091000,1.363950,-0.045600,0.706192,-0.196518,1.372349,-0.333379,1.821939,-0.285583,1.398835,-0.420123,1.867747
593,0.586220,1.461726,0.758747,1.502832,0.141627,1.542878,0.589269,1.504041,-0.036152,1.608170,0.476367,1.475546,-0.072552,0.655918,0.473053,1.364405,-0.078090,1.874517,0.315393,1.348221,-0.235143,1.896366
594,0.300853,1.322572,0.279531,1.309445,-0.069729,1.441722,0.408473,1.326135,0.059171,1.479107,0.351077,1.339296,0.095413,0.567633,0.780604,1.174565,0.526751,1.662472,0.721721,1.158755,0.466790,1.667361
595,-0.528401,1.251294,-0.344674,1.273277,0.291035,1.261742,-0.369872,1.282894,0.272736,1.248638,-0.436689,1.210047,-0.014789,0.560287,-0.125774,1.248927,0.294404,1.648481,-0.294465,1.231462,0.126566,1.667644
596,-0.147739,1.464101,-0.582559,1.374584,-0.600082,1.485063,-0.578143,1.363560,-0.599106,1.527674,-0.368129,1.474767,-0.060275,0.705570,-0.618154,1.394266,-0.310684,1.945836,-0.739565,1.382433,-0.433119,1.944062
597,0.178198,1.161069,0.065123,1.284061,-0.182281,1.195120,0.070703,1.223045,-0.179471,1.230476,0.086657,1.131658,-0.023811,0.560260,0.648313,1.234493,0.539552,1.574241,0.593888,1.201766,0.483254,1.592928
598,0.352491,1.318944,0.187839,1.422763,-0.124669,1.502478,0.383333,1.307307,0.068733,1.472998,0.470186,1.281668,0.082951,0.668168,0.158675,1.220938,-0.229847,1.754004,0.322105,1.240878,-0.067031,1.788805
599,-0.245133,1.797041,-0.239176,1.647854,0.091474,1.694619,-0.206137,1.633340,0.131989,1.793526,-0.162653,1.678341,-0.001769,0.746047,-0.418982,1.661925,-0.261755,2.255784,-0.336868,1.679970,-0.179906,2.283008
600,0.731911,1.476263,0.475122,1.538699,-0.291277,1.472859,0.426858,1.493205,-0.336678,1.449618,0.622555,1.463358,-0.075751,0.681292,0.447607,1.373365,-0.257512,1.946499,0.505115,1.369681,-0.197544,1.950400
601,0.629551,1.443503,0.410797,1.380824,-0.345444,1.494642,0.548756,1.376285,-0.211752,1.531243,0.592960,1.420847,0.084426,0.640647,0.918775,1.262995,0.412012,1.771145,0.903254,1.271961,0.398106,1.798440
602,-0.504819,1.478628,-0.525344,1.539497,0.021780,1.500429,-0.504046,1.463125,0.044506,1.491628,-0.414954,1.419893,0.048152,0.618565,-0.394159,1.436998,0.067500,1.927130,-0.245208,1.440337,0.218853,1.983117
603,0.121070,1.429500,-0.166420,1.349856,-0.406255,1.620590,-0.053607,1.379269,-0.299395,1.638460,0.068976,1.406574,0.066124,0.680147,0.144864,1.536505,0.140474,2.052876,0.144108,1.506162,0.139983,2.032376
604,0.123571,1.133920,-0.193600,1.214125,-0.427761,1.226900,-0.288328,1.205393,-0.524980,1.325058,-0.051974,1.190863,-0.068662,0.583314,-0.151181,1.184564,-0.171305,1.553432,-0.336341,1.235991,-0.352966,1.609215
605,0.745294,1.692684,0.832538,1.719771,0.112225,1.755392,0.671166,1.652095,-0.039709,1.736890,0.675761,1.637608,-0.101511,0.673318,0.464585,1.349819,-0.312677,2.024800,0.429896,1.312298,-0.346662,2.025928
606,0.366744,1.334134,0.573133,1.639441,0.271351,1.631418,0.595135,1.459877,0.299651,1.513363,0.424945,1.361673,-0.006054,0.624164,0.228458,1.325086,-0.205898,1.864831,0.158450,1.333481,-0.275852,1.898441
607,0.074325,1.168507,-0.016958,1.244355,-0.076335,1.281370,0.047905,1.226151,-0.010533,1.318532,0.114981,1.198334,0.025996,0.605886,0.502827,1.196045,0.415360,1.619833,0.627200,1.197961,0.537648,1.654823
608,-0.673055,1.308860,-0.704973,1.211720,-0.042606,1.146871,-0.715074,1.177742,-0.060800,1.162852,-0.690568,1.238364,-0.002385,0.580849,-0.904543,1.292451,-0.215184,1.771850,-0.875997,1.303257,-0.185362,1.799339
609,0.022100,1.232552,0.187283,1.201433,0.116341,1.323476,0.258941,1.183998,0.184909,1.283829,0.015844,1.260202,0.040869,0.553033,0.222585,1.275695,0.251136,1.698733,0.313574,1.265961,0.340671,1.723974
610,-0.329990,1.288226,-0.248047,1.209721,0.131572,1.341353,-0.227173,1.197179,0.153623,1.447128,-0.256085,1.225467,0.024536,0.562719,-0.548575,1.130402,-0.263420,1.566736,-0.433186,1.100688,-0.150862,1.573230
611,-1.378553,1.993338,-1.928750,2.004575,-0.704674,2.009735,-1.772038,1.924821,-0.536671,2.027844,-1.452034,1.966986,0.064271,0.876019,-1.574440,1.911788,-0.059681,2.572854,-1.750426,1.849625,-0.235193,2.558576
612,-0.368484,2.251110,-0.235195,2.108083,-0.006053,2.195715,-0.057826,2.068679,0.156353,2.194902,-0.358272,2.171904,0.151112,0.835669,0.700662,1.808841,1.216375,2.540219,0.438244,1.769442,0.951925,2.572231
613,-0.102399,1.159565,-0.093088,1.214251,0.003493,1.173601,-0.163537,1.219764,-0.065321,1.257138,-0.180023,1.193174,-0.073379,0.629802,-0.319509,1.266262,-0.213654,1.630557,-0.559845,1.287006,-0.453255,1.672058
614,0.322020,1.265720,0.429922,1.484346,0.125775,1.282022,0.289389,1.401091,-0.013572,1.378455,0.272007,1.202263,-0.069192,0.706261,0.378084,1.186083,0.038404,1.639687,0.474022,1.220178,0.134601,1.719122
615,-0.619404,1.643413,-0.509827,1.636306,0.144964,1.592189,-0.420540,1.625912,0.233266,1.643520,-0.471387,1.708583,0.116126,0.698554,-0.583912,1.582789,0.000191,2.167187,-0.604558,1.578655,-0.017751,2.202064
616,0.033052,1.537156,-0.083748,1.391533,-0.109502,1.377288,-0.041178,1.445408,-0.067966,1.506678,0.056642,1.490689,0.018585,0.643895,0.194299,1.372042,0.155024,1.856948,0.125468,1.365273,0.085964,1.909743
617,0.144962,1.439292,0.060973,1.454126,-0.145672,1.230677,-0.002152,1.357941,-0.217627,1.281299,0.033653,1.341486,-0.047076,0.605413,0.171071,1.298721,0.093018,1.804115,0.262256,1.293044,0.183395,1.827004
618,0.930832,1.436185,0.985077,1.421047,0.062819,1.233557,0.901711,1.456058,-0.015191,1.320513,0.912158,1.412809,-0.031994,0.648483,0.653492,1.628216,-0.289408,2.049590,0.528153,1.643180,-0.415004,2.095803
619,0.078517,1.189595,-0.031994,1.288273,-0.181352,1.315594,-0.056424,1.278169,-0.207541,1.389261,0.014075,1.224742,0.003626,0.594644,-0.003135,1.209117,-0.012015,1.643450,0.064105,1.178729,0.054081,1.633584
620,-0.295351,1.325139,-0.330347,1.332356,0.015925,1.326883,-0.205437,1.299272,0.142802,1.332946,-0.155538,1.298239,0.089907,0.589646,0.206797,1.308170,0.451633,1.788265,0.217830,1.312504,0.463500,1.806523
621,0.236671,1.372965,-0.087602,1.506894,-0.440316,1.558954,-0.072928,1.430547,-0.428195,1.514471,0.041588,1.338140,-0.083725,0.617996,-0.327336,1.177201,-0.450711,1.700233,-0.349588,1.177238,-0.474351,1.728033
622,-0.064941,1.241517,-0.003261,1.328718,0.098410,1.245679,-0.077425,1.313249,0.030727,1.275846,-0.047228,1.273191,-0.019817,0.664668,-0.218055,1.247615,-0.195706,1.650073,-0.248840,1.268498,-0.224781,1.690174
623,-0.131110,1.260278,-0.063594,1.225833,0.115867,1.274439,-0.082837,1.190312,0.100589,1.337590,-0.037459,1.259692,0.045266,0.634168,-0.895675,1.221565,-0.815167,1.709300,-0.956142,1.208219,-0.874135,1.721707
624,1.213588,1.845946,1.540650,1.870238,0.348364,1.704232,1.537748,1.866329,0.346662,1.731287,1.246453,1.932540,0.011479,0.751854,0.987916,1.689196,-0.247591,2.298039,1.064238,1.647683,-0.170280,2.309019
625,0.174217,1.230657,-0.071791,1.038397,-0.255211,1.205905,-0.061210,1.139968,-0.236037,1.249700,0.162867,1.206942,-0.008905,0.637683,0.024081,1.224850,-0.148509,1.599307,-0.014843,1.225672,-0.187834,1.622608
626,-1.154653,1.690425,-1.301656,1.768544,-0.084329,1.679215,-1.244443,1.761573,-0.022733,1.761890,-1.059265,1.706034,0.032133,0.672970,-0.390756,1.541828,0.702828,2.176735,-0.452022,1.512889,0.639583,2.163507
627,-0.522203,1.170347,-0.426032,1.187332,0.171178,1.300386,-0.465798,1.179380,0.135841,1.240178,-0.469741,1.217019,-0.023213,0.692417,0.343637,1.293305,0.793644,1.686132,0.516914,1.365097,0.964633,1.766662
628,-0.472403,1.194642,-0.313202,1.263685,0.208775,1.355629,-0.361931,1.284580,0.155305,1.361400,-0.443583,1.246929,-0.014855,0.620286,-0.101917,1.170121,0.328129,1.607256,-0.169452,1.216212,0.260175,1.677641
629,-0.519034,2.349688,-0.316940,2.627321,0.250927,2.607875,-0.373024,2.587102,0.207611,2.604607,-0.548797,2.398208,-0.086338,0.821630,0.434014,2.102626,0.895111,2.904510,0.273743,2.026637,0.736093,2.896218
630,0.495293,1.478711,0.856774,1.501884,0.391563,1.411605,0.801134,1.437664,0.335876,1.410339,0.503025,1.471215,-0.021188,0.622567,0.287910,1.334542,-0.236751,1.905968,0.312480,1.335909,-0.210883,1.908492
631,-0.879124,1.640389,-0.855227,1.582268,0.054444,1.665324,-0.815540,1.571828,0.091756,1.657676,-0.739544,1.623434,0.114259,0.696002,0.181761,1.562539,1.033190,2.170506,0.177944,1.542051,1.029497,2.177696
632,-0.425737,1.753543,-0.479622,1.673923,-0.169528,1.723131,-0.464693,1.699012,-0.154726,1.738874,-0.540544,1.745198,-0.004121,0.760173,0.059054,1.718566,0.593840,2.295404,-0.111071,1.653285,0.423708,2.263864
633,0.560469,1.339208,0.503776,1.434946,-0.091216,1.550146,0.391025,1.446226,-0.195889,1.583015,0.413828,1.398499,-0.119758,0.725665,0.461384,1.435515,-0.074601,1.927088,0.472252,1.395773,-0.062468,1.917461
634,-0.172669,1.427433,-0.200777,1.186158,0.034951,1.536663,-0.189836,1.182619,0.039942,1.504050,-0.104588,1.355310,0.012420,0.622522,-0.030130,1.428666,0.086713,1.856570,-0.211052,1.433513,-0.092571,1.885471
635,-0.443397,1.373299,-0.578153,1.407796,-0.091003,1.255796,-0.522040,1.379520,-0.032119,1.297929,-0.372628,1.396617,0.031117,0.681478,-0.528072,1.386984,-0.132158,1.830357,-0.476373,1.391814,-0.077844,1.881352
636,-0.309167,1.389823,-0.356152,1.310598,-0.169458,1.477336,-0.425334,1.268712,-0.241441,1.500534,-0.488424,1.315107,-0.061752,0.605944,-0.328049,1.355596,0.098631,1.829238,-0.467172,1.407714,-0.039489,1.905808
637,-0.168811,1.067783,-0.275966,1.152377,-0.049572,1.115911,-0.232944,1.109078,-0.000720,1.148065,-0.086707,1.138604,0.023403,0.624193,-0.202779,1.219611,-0.094452,1.569024,-0.081695,1.199902,0.027707,1.582457
638,-1.153088,1.298996,-0.952363,1.334785,0.241239,1.485598,-0.970192,1.290809,0.216996,1.506992,-1.106964,1.269124,0.011848,0.658925,-0.575309,1.338869,0.544015,1.714399,-0.586761,1.312910,0.533859,1.745219
639,-1.606737,2.066249,-1.788777,1.979773,-0.097416,1.805740,-1.747307,1.950246,-0.064795,1.921740,-1.538671,1.928384,-0.005701,0.763475,-1.754325,1.746019,-0.218486,2.452703,-1.894904,1.691393,-0.360565,2.451392
640,0.608839,1.767349,0.430353,1.674128,-0.244840,2.032472,0.218928,1.567182,-0.449796,2.066379,0.374867,1.673506,-0.175594,0.937102,-0.558719,1.852176,-1.110826,2.437701,-0.756119,1.894340,-1.307899,2.515428
641,-0.316648,1.168205,-0.365468,1.111703,-0.014783,1.218244,-0.404785,1.117786,-0.044091,1.251059,-0.322163,1.168197,-0.045209,0.598547,-0.226514,1.235611,0.049129,1.578072,-0.231129,1.210744,0.044784,1.594725
642,-0.657370,1.432587,-0.699649,1.478544,-0.084755,1.441441,-0.709842,1.396506,-0.098096,1.374561,-0.665664,1.398609,0.034585,0.641795,0.509770,1.382398,1.207565,1.857285,0.518043,1.365431,1.218340,1.878061
643,0.469128,1.318385,0.598750,1.313164,0.116087,1.309806,0.578311,1.300453,0.092175,1.295089,0.419760,1.397669,-0.035789,0.560281,0.028362,1.350343,-0.421362,1.807159,0.010518,1.304124,-0.442498,1.790132
644,-0.400378,1.434723,-0.494596,1.480910,-0.106965,1.347948,-0.561970,1.479820,-0.169255,1.331617,-0.444718,1.483694,-0.034182,0.626390,-0.202403,1.451367,0.202161,1.986794,-0.237620,1.384470,0.170093,1.927679
645,-0.505763,1.313621,-0.693709,1.412044,-0.235411,1.460165,-0.566037,1.440827,-0.100321,1.481936,-0.471797,1.368712,0.072676,0.622903,-0.066874,1.396924,0.477287,1.797747,-0.000884,1.399668,0.543672,1.833390
646,0.149488,1.355369,0.053805,1.272487,-0.151829,1.471346,0.217497,1.326191,0.013985,1.527961,0.178849,1.285882,0.081662,0.628535,-0.028539,1.145795,-0.129241,1.627516,-0.017943,1.139409,-0.116171,1.645072
647,0.198440,1.501577,0.042426,1.526345,-0.143321,1.456049,0.075876,1.516014,-0.107861,1.499439,0.204956,1.517253,-0.005982,0.673295,0.440739,1.440532,0.226299,2.043586,0.509993,1.411290,0.297656,2.023078
648,-0.041426,1.296148,-0.122533,1.263464,-0.153549,1.465631,-0.166591,1.264213,-0.189881,1.566073,-0.118146,1.281048,-0.014590,0.623455,0.554071,1.177430,0.657299,1.699615,0.528272,1.189023,0.631844,1.710289
649,-0.549364,1.211797,-0.662942,1.285353,-0.135975,1.378819,-0.595733,1.269604,-0.069564,1.303357,-0.504450,1.236139,0.068428,0.581727,0.109879,1.277809,0.678916,1.652008,0.176087,1.255200,0.746881,1.667858
650,0.591377,1.292887,0.465341,1.284825,-0.149332,1.056710,0.493670,1.236296,-0.116980,1.163227,0.593946,1.278350,0.022287,0.676042,0.033466,1.152621,-0.540543,1.621344,0.056097,1.167792,-0.516866,1.686798
651,-0.025169,1.213177,-0.067802,1.328828,-0.127381,1.319569,-0.129428,1.248682,-0.195949,1.307056,-0.097819,1.255695,0.011680,0.626703,-0.079957,1.314100,0.033116,1.686885,-0.294315,1.283431,-0.182823,1.681570
652,0.765832,1.348670,0.403874,1.435268,-0.445125,1.586322,0.356537,1.378436,-0.492018,1.542981,0.593379,1.348748,-0.092923,0.616985,-0.494028,1.583211,-1.180190,2.054586,-0.536575,1.582308,-1.224741,2.064784
653,0.698820,1.627077,0.598528,1.543210,-0.245597,1.665060,0.683596,1.561495,-0.165310,1.657020,0.565669,1.640448,0.006625,0.696516,0.516396,1.334222,-0.037732,1.949116,0.548392,1.307284,-0.008730,1.960879
654,-0.159233,1.783648,0.266757,1.632616,0.521618,1.720429,0.243747,1.562639,0.494531,1.930648,-0.121825,1.599879,-0.051250,0.805392,0.347472,1.408649,0.422504,1.993227,0.312024,1.424680,0.384511,2.097135
655,0.400286,1.407431,0.362713,1.398072,-0.024966,1.433925,0.330446,1.457164,-0.057992,1.513890,0.422784,1.469514,0.011691,0.764848,-0.278967,1.530560,-0.690498,1.948298,-0.466791,1.530673,-0.878583,1.986135
656,0.176502,1.300383,0.030081,1.310101,-0.249088,1.272495,0.037323,1.252362,-0.248408,1.276241,0.085581,1.305645,0.010477,0.574062,0.720081,1.286337,0.646996,1.781186,0.809114,1.302717,0.735548,1.799309
657,-0.436758,1.460441,-0.446618,1.516463,-0.026140,1.640310,-0.472424,1.495922,-0.048248,1.698207,-0.459161,1.464082,-0.009441,0.765818,-0.078911,1.699247,0.369419,2.146158,0.012671,1.687465,0.461605,2.172202
658,-0.144063,1.280513,0.047434,1.330867,0.182487,1.322471,-0.009763,1.313265,0.118728,1.379922,-0.127170,1.260588,0.030186,0.667925,0.307883,1.259645,0.468035,1.726183,0.168674,1.268934,0.326722,1.754950
659,-0.767618,1.250880,-0.815851,1.177130,-0.076698,1.226855,-0.812282,1.169201,-0.077438,1.299506,-0.770381,1.244529,0.027669,0.618735,-0.050438,1.369107,0.748459,1.740075,-0.136616,1.366331,0.661378,1.758944
660,-0.124982,0.961792,-0.200301,0.987055,-0.046415,1.151799,-0.226098,0.978875,-0.068672,1.142021,-0.131194,0.976577,-0.036366,0.485233,-0.242102,1.113347,-0.147527,1.436854,-0.179934,1.101105,-0.085245,1.440054
661,-0.568454,1.720544,-0.854368,1.715604,-0.332260,1.832420,-0.760784,1.695246,-0.233294,1.800435,-0.521801,1.735223,0.085809,0.682557,0.138467,1.638444,0.748467,2.275873,0.137338,1.598781,0.745109,2.274044
662,0.033776,1.399014,0.012118,1.453240,-0.043918,1.217767,-0.084348,1.348982,-0.143560,1.219963,-0.038061,1.342013,-0.047355,0.587548,-0.763867,1.169105,-0.774770,1.741044,-0.929136,1.180730,-0.939460,1.771709
663,0.597872,1.480406,0.633053,1.495445,0.020049,1.631160,0.686019,1.515554,0.069117,1.688395,0.619408,1.531538,0.039185,0.746665,0.179929,1.507710,-0.399146,2.050481,0.453938,1.561974,-0.126567,2.117033
664,0.446767,1.209128,0.649572,1.240988,0.197549,1.302461,0.640967,1.239926,0.191006,1.361539,0.466106,1.219658,0.021805,0.590315,0.214686,1.321436,-0.227905,1.704057,0.332094,1.289679,-0.111271,1.715327
665,0.110199,1.347059,0.027894,1.103761,-0.163477,1.362465,-0.001382,1.133171,-0.184915,1.399174,0.063494,1.267886,0.025592,0.621036,0.278478,1.175090,0.234591,1.715148,0.233966,1.173687,0.193675,1.719714
666,0.669200,1.433286,0.475005,1.403929,-0.198403,1.549153,0.489654,1.446125,-0.184882,1.624314,0.657207,1.421332,-0.006117,0.706268,0.111430,1.306243,-0.549754,1.819711,0.246281,1.313257,-0.418681,1.844676
667,0.121706,1.272202,0.096673,1.275412,-0.059418,1.416200,0.114315,1.278466,-0.040779,1.461484,0.118477,1.310567,0.027010,0.603313,0.254284,1.248947,0.163111,1.691556,0.270256,1.249576,0.180972,1.719911
668,0.424799,1.430159,0.397766,1.267264,0.019723,1.337061,0.545458,1.284483,0.163966,1.432888,0.510995,1.400325,0.046687,0.571342,0.185330,1.142206,-0.279871,1.701342,0.156630,1.169124,-0.310423,1.729951
669,0.574231,1.335415,0.506981,1.417053,-0.127021,1.304599,0.532431,1.343372,-0.105617,1.318937,0.486342,1.319565,-0.027617,0.606593,0.642648,1.322965,0.129910,1.762965,0.636275,1.294624,0.121555,1.771274
670,-0.147564,1.437786,-0.183106,1.262118,-0.052581,1.484068,-0.170284,1.339833,-0.037308,1.517355,-0.131967,1.445104,0.029304,0.746297,-0.521685,1.325133,-0.360051,1.818196,-0.489271,1.335747,-0.327464,1.852976
671,0.062734,1.179355,-0.101324,1.339971,-0.251563,1.298556,-0.209028,1.336653,-0.363850,1.318752,-0.047090,1.261810,-0.024562,0.649106,0.434012,1.253809,0.460432,1.661963,0.498855,1.263870,0.522915,1.688575
672,0.173121,1.403741,-0.060412,1.334119,-0.306179,1.404293,-0.006419,1.349381,-0.256730,1.423648,0.101173,1.403993,-0.002046,0.627812,-0.128570,1.339146,-0.227210,1.910890,-0.143413,1.330623,-0.243250,1.905926
673,0.371868,1.769720,0.429445,1.783085,0.076814,2.165910,0.272474,1.852536,-0.074941,2.216010,0.300001,1.804597,-0.093734,0.687145,0.044773,1.675884,-0.349847,2.234084,0.084129,1.658401,-0.310467,2.264978
674,-0.032246,1.260565,0.010189,1.221557,0.029522,1.351476,-0.108663,1.273676,-0.089901,1.439666,-0.102632,1.261433,-0.057777,0.619658,0.043868,1.277843,0.087256,1.733914,-0.090130,1.276402,-0.044982,1.732342
675,0.103019,1.352463,-0.134885,1.473680,-0.293793,1.526255,-0.117639,1.446554,-0.272098,1.517773,0.014280,1.390431,-0.038953,0.640281,-0.118173,1.286329,-0.171983,1.803022,-0.127535,1.297883,-0.181618,1.822135
676,-0.246069,1.398192,-0.295899,1.245621,-0.056164,1.317093,-0.326358,1.307593,-0.090575,1.387825,-0.286858,1.311445,-0.033185,0.634051,0.074664,1.210809,0.332658,1.705092,0.042852,1.236463,0.298568,1.743879
677,-0.587033,1.136062,-0.467495,1.050033,0.183889,1.205878,-0.589812,1.072511,0.054140,1.256368,-0.573067,1.174265,-0.041501,0.536895,-0.396919,1.210885,0.136294,1.619682,-0.431365,1.205288,0.101189,1.626715
678,-0.073462,1.436099,-0.315599,1.488325,-0.295959,1.708728,-0.472997,1.528118,-0.449557,1.751766,-0.215989,1.486435,-0.095489,0.688561,-0.371786,1.324876,-0.251369,1.793874,-0.459351,1.346839,-0.337748,1.852758
679,-0.337035,1.309492,-0.494020,1.367304,-0.230502,1.393502,-0.387044,1.372804,-0.123891,1.442661,-0.320278,1.371987,0.087185,0.667671,0.073953,1.409737,0.481027,1.869536,0.065329,1.395077,0.471920,1.857942
680,-0.582573,1.488671,-0.365661,1.473422,0.344877,1.277790,-0.450925,1.415746,0.263337,1.332197,-0.485576,1.480714,-0.028334,0.647608,0.007454,1.454199,0.463778,1.996739,0.051917,1.430807,0.511050,1.997588
681,-0.556109,1.172820,-0.672234,1.263112,-0.083592,1.264382,-0.699092,1.205583,-0.112832,1.413236,-0.547350,1.185631,-0.019765,0.786323,-0.799913,1.408542,-0.272105,1.782133,-0.682288,1.402849,-0.155193,1.815600
682,-0.166258,1.266776,0.096150,1.122796,0.346146,1.206931,0.063109,1.208477,0.312016,1.234641,-0.061228,1.288487,0.025706,0.561034,-0.149458,1.227758,-0.060360,1.695474,-0.146560,1.211087,-0.058310,1.701969
683,-0.139328,1.032436,-0.177713,1.049142,0.034251,1.129678,-0.097047,1.146574,0.118986,1.227950,-0.046308,1.154970,0.021744,0.634189,-0.006133,1.182903,0.059695,1.523982,0.016308,1.190207,0.083411,1.545008
684,0.561946,1.116313,0.469616,1.130748,-0.117547,1.145466,0.355203,1.170648,-0.234691,1.171243,0.442552,1.220222,-0.093633,0.594635,-0.113090,1.226608,-0.647915,1.666435,-0.207319,1.278421,-0.743105,1.710546
685,-0.186189,1.317290,-0.051341,1.316032,0.186116,1.275800,-0.061641,1.304584,0.180160,1.282676,-0.125486,1.293928,0.008480,0.614536,0.040622,1.300102,0.174514,1.751779,0.102145,1.299886,0.236309,1.768658
686,-0.024090,1.139037,-0.105473,1.140763,-0.092318,1.328217,-0.146573,1.145282,-0.136486,1.319441,-0.105370,1.159186,-0.066803,0.544671,0.012785,1.207288,0.049520,1.576755,-0.000588,1.183428,0.035769,1.582146
687,-0.401125,1.527949,-0.516249,1.569939,-0.144260,1.392385,-0.327922,1.570934,0.040863,1.455881,-0.375459,1.549477,0.054277,0.751606,0.180279,1.431465,0.615395,2.010016,0.265741,1.443991,0.697312,2.049453
688,0.530260,1.462225,0.409485,1.515988,-0.088678,1.524078,0.256929,1.532866,-0.235922,1.535866,0.428477,1.505170,-0.133988,0.625726,0.169811,1.271663,-0.398422,1.833881,0.052007,1.276192,-0.513666,1.881962
689,-0.735753,1.616761,-0.797178,1.644742,-0.090374,1.325159,-0.601191,1.619563,0.102126,1.454029,-0.649779,1.623414,0.115683,0.659770,0.498008,1.590684,1.266427,2.168266,0.484138,1.523410,1.250078,2.157575
690,-0.435294,1.144277,-0.567902,1.089447,-0.235755,1.278828,-0.470694,1.087914,-0.142451,1.282780,-0.468350,1.193969,0.066692,0.574291,0.481390,1.187672,1.018419,1.573913,0.614768,1.247962,1.151089,1.643808
691,-0.623172,1.861723,-0.487046,1.672484,0.216080,1.564968,-0.544812,1.707261,0.159188,1.565530,-0.596338,1.779244,-0.049890,0.676292,-1.198674,1.663367,-0.649590,2.232979,-1.271200,1.612375,-0.724537,2.224185
692,0.065596,1.451476,-0.047690,1.484302,0.017234,1.349415,0.020334,1.427479,0.088884,1.430687,0.214816,1.367406,0.022170,0.612437,0.467541,1.398819,0.273538,1.884501,0.472270,1.362101,0.280675,1.889255
693,-0.666836,1.178690,-0.708075,1.195889,-0.099797,1.107606,-0.643769,1.205854,-0.031703,1.142341,-0.658298,1.229209,0.061550,0.597332,-0.245538,1.273860,0.473661,1.702650,-0.175527,1.247621,0.543185,1.703100
694,0.219427,1.386497,0.132326,1.193282,-0.086008,1.343417,0.212999,1.188321,-0.009335,1.319107,0.235670,1.321909,0.018698,0.642400,0.078510,1.412177,-0.139307,1.809897,-0.002528,1.391183,-0.219662,1.811123
695,-0.103179,1.146463,-0.243436,1.171767,-0.148886,1.322375,-0.161254,1.117611,-0.062617,1.323230,-0.066263,1.137109,0.041205,0.617182,0.117255,1.223334,0.224934,1.591691,0.204062,1.202964,0.312250,1.611058
696,-0.482881,1.272679,-0.404443,1.205650,0.085721,1.258197,-0.402680,1.219110,0.098947,1.285261,-0.471985,1.251237,-0.006217,0.586234,-0.989292,1.288319,-0.523091,1.715239,-1.048399,1.305019,-0.581538,1.764560
697,0.309981,1.269873,0.128657,1.320863,-0.194453,1.301909,0.120555,1.272481,-0.203838,1.296896,0.282033,1.283205,-0.012962,0.560839,0.217366,1.221727,-0.083301,1.637871,0.254216,1.192386,-0.042391,1.660228
698,0.723731,2.327151,0.752417,2.407212,-0.027278,2.240871,0.524561,2.407239,-0.255181,2.329252,0.510665,2.334697,-0.158040,0.913442,0.214019,1.920370,-0.455960,2.715641,0.246332,1.911842,-0.425422,2.739053
699,-0.058268,1.352896,-0.127714,1.318576,-0.137851,1.254297,-0.060734,1.297953,-0.066310,1.271012,-0.087377,1.352414,0.029985,0.678729,0.225889,1.337396,0.348190,1.809059,0.256799,1.345834,0.376360,1.859497
700,-0.304595,1.456272,-0.277773,1.371227,0.045029,1.453050,-0.342601,1.421077,-0.023942,1.501590,-0.325882,1.485598,-0.034907,0.681685,-0.140064,1.354752,0.152432,1.934836,-0.159843,1.366929,0.130748,1.957882
701,0.591338,1.741217,0.286430,1.748472,-0.416457,1.641012,0.340889,1.705370,-0.347747,1.659280,0.489060,1.692584,-0.007986,0.841976,-0.030674,1.504665,-0.531132,2.188798,0.084457,1.529360,-0.413133,2.237936
702,0.578525,1.128556,0.519333,1.213869,-0.054516,1.304082,0.436337,1.216758,-0.136078,1.327630,0.525462,1.157265,-0.058369,0.631391,-0.168707,1.131798,-0.754902,1.537963,-0.139085,1.135382,-0.723140,1.581100
703,-0.435221,1.295636,-0.523658,1.148404,-0.171785,1.326445,-0.377336,1.184066,-0.033809,1.356650,-0.433514,1.255785,0.085500,0.707081,0.151578,1.327735,0.673537,1.742358,0.169447,1.352854,0.691091,1.792564
704,-0.016038,1.440374,-0.263302,1.214661,-0.369323,1.480992,-0.273423,1.202774,-0.384080,1.518021,-0.109671,1.293396,0.027128,0.640029,0.082861,1.273049,0.215880,1.766813,0.040823,1.225189,0.175814,1.761881
705,-0.162905,1.065096,-0.137708,1.038890,0.001302,1.276612,-0.043691,1.039927,0.095893,1.276404,-0.122891,1.089853,0.059989,0.521360,0.166343,1.264551,0.353157,1.558414,0.170541,1.225708,0.356241,1.547163
706,0.048714,1.236986,0.073826,1.147480,0.063014,1.331064,0.069828,1.177026,0.053398,1.391052,0.081443,1.241245,0.000615,0.629944,-0.349141,1.229551,-0.429267,1.663809,-0.350499,1.244384,-0.430005,1.683978
707,-0.185118,1.235380,-0.097243,1.167658,0.070547,1.462541,-0.194547,1.212662,-0.018156,1.561194,-0.248218,1.225710,-0.053324,0.650054,-0.595579,1.268551,-0.401859,1.706651,-0.550422,1.271144,-0.356176,1.715696
708,-0.141408,1.424439,0.158279,1.536079,0.326441,1.351681,0.189962,1.424499,0.345774,1.302854,-0.084388,1.408000,0.039918,0.584601,0.109508,1.305216,0.238960,1.820184,0.231229,1.284532,0.358033,1.829344
709,-0.130449,1.150119,0.082850,1.262280,0.200663,1.202276,0.063598,1.276572,0.175964,1.254319,-0.105255,1.265361,0.040578,0.648301,-0.091138,1.276519,0.056354,1.673439,-0.088471,1.282869,0.058837,1.705771
710,-0.026391,1.565396,-0.302609,1.681399,-0.299887,1.463561,-0.326652,1.708501,-0.321315,1.521491,-0.075678,1.575743,-0.027454,0.702685,0.594013,1.787048,0.638737,2.288327,0.685755,1.810768,0.731932,2.326746
711,0.211836,1.057199,0.206513,1.110344,-0.040262,1.152314,0.236928,1.078617,-0.008298,1.171116,0.231255,1.095321,0.051741,0.597633,1.031103,1.174273,0.851528,1.588332,1.098988,1.188073,0.918653,1.592152
712,-0.087758,1.207063,0.086755,1.277522,0.304210,1.402030,0.088496,1.290238,0.306343,1.402284,0.048115,1.250537,0.012032,0.555076,0.345768,1.232196,0.311081,1.673821,0.353767,1.246217,0.318809,1.691007
713,0.218259,1.888661,0.248930,1.906102,0.014100,1.575958,0.389002,1.825537,0.150676,1.545237,0.278055,1.850152,0.081091,0.752744,0.125332,1.649917,-0.077369,2.383439,0.223096,1.566625,0.022644,2.367572
714,-0.332130,1.162780,-0.650391,1.110999,-0.428996,1.416963,-0.565555,1.065579,-0.345405,1.308469,-0.432333,1.127872,0.005669,0.573977,-0.212552,1.207001,0.224953,1.536928,-0.262607,1.148293,0.175293,1.535069
715,0.298652,0.986715,0.183347,1.041100,-0.169824,1.116150,0.141387,1.022970,-0.208393,1.072749,0.216561,0.985048,-0.032821,0.571698,0.295930,1.277359,0.045337,1.554423,0.350885,1.161119,0.100855,1.479391
716,1.057711,1.712757,1.063760,1.456378,-0.030636,1.584269,0.978523,1.413208,-0.119052,1.658691,0.910888,1.597217,-0.106872,0.677135,0.242005,1.584067,-0.779347,2.176092,0.143533,1.540684,-0.877826,2.162731
717,0.026885,1.474884,0.175774,1.372583,0.293402,1.283835,0.063457,1.388931,0.188069,1.317291,0.086833,1.482497,-0.081841,0.630317,-0.487377,1.435972,-0.658417,1.972731,-0.486357,1.437994,-0.655791,1.989737
718,0.436800,1.198865,0.260246,1.077806,-0.216240,1.201563,0.354358,1.153861,-0.116336,1.314946,0.444629,1.200831,0.042041,0.660403,0.069476,1.331047,-0.336959,1.673819,-0.013988,1.329771,-0.418410,1.713040
719,-0.289497,1.259318,-0.293771,1.359295,-0.085229,1.213436,-0.265543,1.368074,-0.061315,1.240000,-0.352413,1.285111,0.015922,0.555987,0.280044,1.192006,0.652568,1.654186,0.419941,1.225930,0.789769,1.696779
720,-0.266833,1.152892,-0.356878,1.136697,-0.091164,1.147982,-0.280969,1.119889,-0.011532,1.177921,-0.236210,1.166567,0.029973,0.587061,-0.228251,1.176466,0.035253,1.567859,-0.121186,1.188328,0.143201,1.610278
721,-0.059746,1.159409,-0.194254,1.139854,-0.130239,1.027313,-0.119312,1.114696,-0.048337,1.144897,-0.055882,1.122877,-0.003134,0.571063,0.241700,1.279352,0.290739,1.675029,0.251808,1.215433,0.300701,1.628009
722,-0.301843,1.241046,-0.209371,1.327182,0.077968,1.282183,-0.158619,1.301952,0.121170,1.332457,-0.295953,1.245841,0.024159,0.563026,-0.373874,1.272211,-0.049849,1.689446,-0.363600,1.252333,-0.041356,1.697904
723,0.578884,1.217905,0.396037,1.317051,-0.220045,1.458012,0.411642,1.360255,-0.209368,1.540725,0.546133,1.283511,0.007406,0.651324,-0.080186,1.251578,-0.620089,1.712312,-0.038495,1.246136,-0.578435,1.742426
724,0.337946,1.163645,0.206200,1.370523,-0.225844,1.326431,0.317705,1.392511,-0.115899,1.338998,0.289678,1.255403,0.042202,0.594953,0.679581,1.281209,0.431713,1.658377,0.715333,1.245869,0.467636,1.656745
725,0.192352,1.073039,0.152456,1.169187,-0.038862,1.251624,0.165625,1.193270,-0.020719,1.283932,0.201111,1.129907,0.004674,0.615524,-0.234577,1.198085,-0.432794,1.582000,-0.192123,1.201855,-0.389901,1.594954
726,0.105960,1.551454,-0.177890,1.503951,-0.349982,1.619563,-0.166933,1.438841,-0.332977,1.601243,0.049959,1.539050,0.004420,0.639312,0.093310,1.236601,0.042639,1.971013,0.097213,1.219818,0.047874,1.982237
727,0.318891,1.566404,0.222486,1.549348,-0.215646,1.570988,0.214788,1.549158,-0.224544,1.610142,0.186325,1.560747,-0.020425,0.701524,0.129913,1.599511,-0.073283,2.134257,0.134850,1.541595,-0.069841,2.116593
728,0.190010,1.220575,0.166717,1.146055,-0.062772,1.156270,0.086501,1.227534,-0.135023,1.233674,0.153493,1.208257,-0.007246,0.605854,-0.071185,1.195227,-0.229749,1.588683,-0.101081,1.183216,-0.259831,1.604325
729,-0.245320,1.225378,-0.115955,1.262232,0.132957,1.271006,-0.194751,1.200852,0.047373,1.324095,-0.293510,1.230840,-0.047593,0.619317,-0.023097,1.167408,0.226846,1.664356,-0.072270,1.188015,0.175704,1.695047
730,0.295743,1.173101,0.003552,1.069436,-0.441537,1.229096,0.035605,1.159247,-0.417299,1.310232,0.200017,1.204778,0.050196,0.627672,0.443277,1.263651,0.295155,1.602033,0.516575,1.302489,0.369331,1.662881
731,-0.366934,1.343037,-0.169816,1.274302,0.186843,1.235794,-0.244592,1.292223,0.116130,1.292242,-0.383518,1.356469,-0.011011,0.668503,-0.158277,1.258841,0.215327,1.769115,-0.279503,1.275545,0.094103,1.805451
732,-0.015785,1.162300,0.010613,1.120927,0.035682,1.288555,-0.006224,1.102798,0.013573,1.307606,-0.030846,1.147119,-0.020654,0.617661,-0.405310,1.151969,-0.395375,1.559399,-0.489286,1.158980,-0.477268,1.573407
733,1.355669,1.604108,1.165535,1.460212,-0.170962,1.597025,1.246513,1.452048,-0.083337,1.628952,1.369814,1.621305,-0.006624,0.724208,0.492898,1.469294,-0.888251,2.057844,0.477271,1.462526,-0.902997,2.070761
734,-0.505994,1.272028,-0.492193,1.130859,0.031324,1.252580,-0.356403,1.218566,0.164620,1.326916,-0.418563,1.259846,0.072106,0.585936,0.246576,1.195035,0.740077,1.620164,0.246969,1.190069,0.738555,1.639737
735,-0.038766,1.283353,-0.085254,1.293350,-0.071656,1.322544,-0.163770,1.251016,-0.152531,1.318962,-0.081433,1.328254,-0.016899,0.586620,-0.016283,1.179986,0.047341,1.704837,0.115634,1.205058,0.180262,1.722194
736,-0.270349,1.516364,-0.020144,1.698584,0.231400,1.744461,-0.054711,1.592158,0.196622,1.702942,-0.254177,1.523153,0.032854,0.619702,0.411354,1.373662,0.704575,1.983209,0.395923,1.322274,0.684175,1.977701
737,0.280201,1.359973,0.246286,1.379092,-0.055827,1.293700,0.181727,1.368282,-0.115739,1.380110,0.201819,1.401541,-0.061305,0.582351,0.497559,1.287605,0.232476,1.773894,0.377252,1.285909,0.114056,1.798618
738,0.254820,1.383268,0.360766,1.438819,0.081629,1.536260,0.333826,1.410303,0.058497,1.511655,0.242584,1.391249,0.006211,0.654948,0.310897,1.267993,0.077205,1.825245,0.173606,1.250591,-0.060966,1.812148
739,-0.564031,1.607992,-0.485576,1.680284,0.104590,1.494214,-0.524345,1.659181,0.061267,1.531484,-0.565425,1.623606,-0.021203,0.607635,-1.324568,1.550369,-0.780700,2.183749,-1.353947,1.563260,-0.811351,2.190284
740,-0.111874,1.122290,-0.104403,1.172933,0.019883,1.267995,-0.038644,1.186945,0.088552,1.317716,-0.077678,1.168573,0.016854,0.610394,0.425749,1.086645,0.527010,1.526475,0.480481,1.143848,0.579118,1.594501
741,0.569873,1.335797,0.635310,1.214534,0.072467,1.486886,0.608248,1.342616,0.038501,1.493043,0.569903,1.283886,-0.000128,0.689313,0.226696,1.405433,-0.343784,1.836057,0.405681,1.369897,-0.165409,1.838065
742,-0.176597,1.410871,-0.106897,1.405955,0.109993,1.248535,-0.110550,1.533950,0.111807,1.396731,-0.115178,1.523253,0.020394,0.706159,-0.473711,1.334379,-0.341724,1.899772,-0.233471,1.354792,-0.099947,1.924049
743,-0.334756,1.098767,-0.272265,1.151122,0.036818,1.321366,-0.110467,1.134363,0.200267,1.231628,-0.261639,1.103720,0.096233,0.580700,0.629636,1.188467,0.986576,1.555866,0.707305,1.214644,1.064939,1.603354
744,0.497920,1.289162,0.501317,1.399969,-0.043138,1.316934,0.462177,1.400385,-0.080298,1.374677,0.456843,1.290832,0.003412,0.626179,0.324151,1.204152,-0.133099,1.702326,0.328235,1.196604,-0.128003,1.718023
745,-0.781615,1.311955,-0.938794,1.292956,-0.124063,1.315288,-0.836223,1.375210,-0.018784,1.444562,-0.675986,1.345854,0.072880,0.605853,-0.007619,1.310226,0.739346,1.744528,0.024223,1.282634,0.772154,1.754019
746,-0.656531,1.231211,-0.682436,1.081257,-0.040530,1.447964,-0.634753,1.166573,0.009590,1.507836,-0.641336,1.279505,0.025303,0.633408,-0.437801,1.290590,0.230959,1.653050,-0.364232,1.262712,0.304677,1.670885
747,-0.263699,1.310300,-0.465795,1.341988,-0.227787,1.525666,-0.527758,1.243608,-0.291116,1.494737,-0.336561,1.293712,-0.047861,0.675808,-0.504104,1.266878,-0.213794,1.732518,-0.663730,1.320874,-0.374550,1.781506
748,0.193520,1.275090,0.110976,1.263659,-0.095171,1.412364,-0.003884,1.216590,-0.198931,1.441464,0.069936,1.259172,-0.120132,0.768401,-0.203488,1.354648,-0.393921,1.727286,-0.112396,1.347480,-0.303492,1.767680
749,0.474558,1.811425,0.117611,1.614458,-0.494221,1.887426,0.137807,1.576974,-0.469443,1.886948,0.320985,1.720054,-0.027703,0.709326,0.703125,1.492635,0.353247,2.171283,0.598752,1.523570,0.250453,2.223683
750,-0.211347,1.303422,-0.287002,1.246413,-0.104115,1.360333,-0.386345,1.246132,-0.202047,1.338886,-0.295494,1.324777,-0.058031,0.644410,-0.102280,1.338380,0.134560,1.781741,-0.156079,1.310053,0.080901,1.800023
751,0.901871,1.137478,0.782310,1.063282,-0.138472,1.235495,0.766534,1.106866,-0.153065,1.309852,0.856244,1.164832,-0.026754,0.620790,0.097259,1.262000,-0.788986,1.585379,-0.007126,1.269737,-0.892756,1.632046
752,0.455193,1.595432,0.511283,1.559151,0.122348,1.331213,0.498784,1.472414,0.107704,1.456572,0.516131,1.470773,0.000234,0.664522,-0.104711,1.376618,-0.616915,1.911332,-0.203237,1.367955,-0.719869,1.934071
753,-0.144088,1.314161,-0.338289,1.288243,-0.222109,1.279405,-0.283340,1.293127,-0.168757,1.376822,-0.246016,1.324505,-0.075843,0.637394,-0.405367,1.300244,-0.231821,1.748371,-0.397439,1.295156,-0.225143,1.786201
754,0.039195,1.297160,-0.055197,1.263610,-0.134323,1.342340,-0.047180,1.271828,-0.132148,1.325329,-0.040597,1.321783,-0.036858,0.616342,-0.336538,1.257465,-0.333166,1.747846,-0.443926,1.241663,-0.440642,1.755270
755,0.194018,1.346460,0.104862,1.215909,-0.148135,1.537318,0.153470,1.170793,-0.102785,1.533802,0.151837,1.256312,0.015121,0.582776,-0.036803,1.117881,-0.170285,1.592384,0.059499,1.152423,-0.075793,1.650092
756,-0.585334,1.240509,-0.493097,1.135526,0.126493,1.229434,-0.638148,1.161701,-0.009148,1.388837,-0.598734,1.205100,-0.053170,0.616807,-0.451634,1.167958,0.092912,1.626075,-0.527704,1.181829,0.017356,1.634136
757,1.216275,2.257998,0.775137,2.298203,-0.375416,2.255463,0.697902,2.265215,-0.450358,2.317902,1.152420,2.388219,-0.125844,0.871305,1.226560,2.149217,-0.055538,2.948577,1.128216,2.102744,-0.152809,2.956273
758,0.922055,1.467328,0.888343,1.642745,0.062786,1.372234,0.828832,1.643911,0.008016,1.374788,0.961089,1.534119,-0.054105,0.586538,0.079260,1.210272,-0.937867,1.829904,-0.007061,1.190778,-1.025098,1.829005
759,-0.366775,1.475616,-0.500612,1.613192,-0.124009,1.600697,-0.484472,1.609195,-0.112929,1.598757,-0.354741,1.486980,0.007405,0.715277,0.072478,1.254513,0.431439,1.762863,-0.073874,1.291093,0.287916,1.860331
760,0.137492,1.344766,0.182226,1.507535,0.072689,1.377012,0.276025,1.442140,0.167285,1.399122,0.189333,1.357487,0.024473,0.597233,-0.176821,1.273485,-0.342909,1.784050,-0.110262,1.294209,-0.274591,1.817257
761,-0.004714,1.457349,-0.060222,1.528787,0.003398,1.684623,-0.071704,1.513350,-0.014120,1.652395,0.045619,1.538698,-0.000746,0.703971,-0.165441,1.417428,-0.211778,2.008251,-0.023230,1.416198,-0.069048,2.008140
762,0.862696,1.383059,0.694573,1.394889,-0.300399,1.491572,0.738946,1.345233,-0.256513,1.450051,0.775409,1.416728,0.036361,0.636998,0.881948,1.287595,0.144896,1.749818,0.888514,1.278623,0.152072,1.790731
763,0.806055,1.416062,0.457491,1.374878,-0.394517,1.407915,0.486903,1.316013,-0.361802,1.427867,0.746126,1.389290,-0.018448,0.664050,0.257642,1.222193,-0.507300,1.754117,0.374759,1.233198,-0.390929,1.802721
764,0.330160,1.024900,0.471105,1.009661,0.182708,1.105961,0.372518,1.040688,0.081115,1.170557,0.319242,1.067796,-0.048696,0.584040,0.120522,1.080112,-0.245824,1.443104,0.089851,1.125844,-0.277094,1.481478
765,-0.043139,1.361749,0.140831,1.338516,0.178583,1.265688,0.077061,1.311198,0.109848,1.346606,-0.091439,1.313635,-0.039230,0.539959,-0.281055,1.116770,-0.229697,1.698174,-0.225217,1.104464,-0.172696,1.692893
766,-0.607211,1.168702,-0.407992,1.049628,0.270554,1.306454,-0.508008,1.057248,0.165020,1.382655,-0.624330,1.139758,-0.080728,0.591541,-0.934056,1.214808,-0.387325,1.589744,-0.999561,1.199699,-0.455225,1.577301
767,-0.031536,0.950247,0.008384,0.966542,0.085553,1.032593,-0.001040,0.957576,0.076406,1.060694,0.001188,1.007528,-0.011197,0.550710,-0.049853,1.050499,-0.060470,1.401026,-0.043903,1.055333,-0.055691,1.423170
768,-0.159312,1.116018,-0.141048,1.019418,0.026346,1.164260,-0.252286,1.147429,-0.090451,1.208722,-0.217053,1.141955,-0.061046,0.544674,-0.048238,1.105998,0.109705,1.463207,-0.137287,1.105961,0.018891,1.485506
769,-0.129578,1.353814,-0.164197,1.297004,-0.067614,1.423710,-0.331251,1.350066,-0.231377,1.560060,-0.222586,1.378567,-0.063675,0.647696,0.127606,1.425954,0.284667,1.780363,-0.025981,1.425733,0.131854,1.815937
770,0.309047,1.733153,0.140550,1.643904,-0.285596,1.304143,0.061460,1.643746,-0.353843,1.423841,0.156673,1.682773,-0.047746,0.652715,0.064554,1.479762,-0.146720,2.111175,0.008453,1.454868,-0.199526,2.128367
771,-0.128106,1.216133,-0.119279,1.236149,0.015991,1.130291,-0.226169,1.192090,-0.087614,1.176873,-0.186692,1.234712,-0.067654,0.595136,-0.441203,1.202598,-0.323413,1.617350,-0.625931,1.201203,-0.507403,1.646471
772,0.599172,1.507438,0.289800,1.464036,-0.332898,1.502812,0.349929,1.375670,-0.273151,1.475031,0.527445,1.466229,-0.047418,0.669232,0.039325,1.388539,-0.538771,1.936713,0.046570,1.393561,-0.530577,1.964120
773,-0.150412,1.301337,-0.360649,1.275200,-0.240160,1.367340,-0.329484,1.249330,-0.210773,1.377916,-0.137562,1.299995,0.043629,0.612318,0.384848,1.333935,0.563751,1.760912,0.396942,1.348860,0.576879,1.789738
774,-0.777241,1.363921,-0.543181,1.516684,0.241617,1.475116,-0.526614,1.500108,0.248948,1.505968,-0.728093,1.376155,0.048536,0.619570,-0.226512,1.353856,0.553179,1.871862,-0.182577,1.338235,0.595303,1.888246
775,0.385334,1.375650,0.510286,1.316462,0.144341,1.562954,0.512503,1.347686,0.149533,1.543540,0.375653,1.415707,-0.030349,0.653444,0.407928,1.354709,0.002119,1.853844,0.416259,1.362107,0.010050,1.853680
776,-0.245519,1.401062,-0.465083,1.329435,-0.213511,1.225869,-0.546415,1.434622,-0.291506,1.346144,-0.308671,1.450641,-0.071623,0.643379,-0.612138,1.293481,-0.375266,1.765141,-0.724011,1.295951,-0.486991,1.797238
777,-0.365437,1.304036,-0.536956,1.290092,-0.311749,1.319125,-0.476846,1.349517,-0.251428,1.322654,-0.466885,1.360884,0.031321,0.571292,-0.225863,1.166117,0.274088,1.670421,-0.043136,1.210767,0.454400,1.737648
778,-0.090130,1.366966,-0.155209,1.332597,-0.179593,1.360776,-0.114780,1.277195,-0.141342,1.388237,-0.163441,1.320074,0.038261,0.717927,-0.047244,1.278169,0.153248,1.718530,-0.144898,1.273947,0.054734,1.774636
779,0.079835,1.546023,0.248956,1.481581,0.183039,1.678936,0.328038,1.466511,0.250077,1.707046,0.160903,1.529246,0.074854,0.668847,-0.260737,1.505998,-0.339976,2.062433,-0.188828,1.497189,-0.271044,2.070625
780,-0.411995,1.340373,-0.391819,1.128774,0.014643,1.251472,-0.339240,1.179913,0.059304,1.533918,-0.421503,1.224603,0.001300,0.717575,-0.301806,1.325558,0.122882,1.702595,-0.254232,1.335859,0.169812,1.757998
781,0.726449,1.316734,0.692017,1.282354,0.046177,1.434190,0.670268,1.333400,0.026552,1.516071,0.767720,1.334424,-0.037822,0.677484,-0.126302,1.306046,-0.931510,1.756604,-0.206621,1.320891,-1.010632,1.797000
782,0.548577,1.180364,0.547106,1.069456,-0.054918,1.197509,0.582018,1.129635,-0.021948,1.289858,0.514902,1.184214,0.016277,0.624868,0.277383,1.246485,-0.217398,1.618948,0.260057,1.259796,-0.235627,1.643291
783,0.572430,1.545955,0.591463,1.523079,0.005800,1.610896,0.411519,1.567083,-0.163656,1.639649,0.427455,1.611076,-0.142160,0.751648,0.201177,1.672884,-0.365781,2.124132,0.351081,1.669104,-0.217283,2.148359
784,0.925811,1.296544,1.079164,1.281469,0.143859,1.348696,1.078961,1.254585,0.147607,1.350070,0.931754,1.290155,0.011220,0.656902,0.378024,1.505939,-0.542636,1.842439,0.280562,1.489588,-0.639361,1.864354
785,-0.272493,1.461081,-0.157359,1.281744,0.100762,1.477966,-0.144202,1.315041,0.118670,1.619466,-0.269508,1.409669,0.012015,0.712858,0.065995,1.360278,0.350551,1.858488,0.102009,1.333773,0.384108,1.886579
786,-0.050996,1.293373,-0.206149,1.387252,-0.259923,1.432930,-0.172331,1.430586,-0.231997,1.467639,-0.134003,1.365226,0.018998,0.636052,0.452540,1.293054,0.608908,1.799003,0.356738,1.360379,0.512352,1.877949
787,0.077896,1.102854,0.000435,1.125996,-0.060853,1.219424,-0.110214,1.112952,-0.165790,1.303229,0.025810,1.123821,-0.072260,0.568173,-0.268177,1.110293,-0.367959,1.542946,-0.334302,1.151877,-0.432573,1.577477
788,-0.477127,1.085373,-0.514370,1.051583,-0.037319,1.043996,-0.533207,1.038656,-0.057539,1.091059,-0.473015,1.026676,0.005770,0.526682,0.078379,1.067638,0.556315,1.427492,0.046796,1.060391,0.524997,1.453085
789,0.335543,1.245542,0.069881,1.234586,-0.410281,1.213042,0.040209,1.262446,-0.443263,1.235406,0.119736,1.312969,-0.075218,0.587189,0.137177,1.304058,-0.060489,1.689388,0.198279,1.266228,0.001994,1.704680
790,0.041700,1.531228,-0.006300,1.524603,-0.116108,1.281420,-0.047391,1.534140,-0.157063,1.399416,-0.039186,1.567308,-0.015937,0.700045,0.407560,1.434640,0.429974,1.986734,0.357703,1.402764,0.380068,2.018864
791,0.209214,1.262535,0.454659,1.188124,0.388725,1.252364,0.419336,1.289684,0.355750,1.276112,0.336254,1.304140,-0.010375,0.621047,-0.442640,1.236904,-0.788604,1.738603,-0.565474,1.270277,-0.912258,1.754150
792,0.068065,1.136884,0.228486,1.232616,0.195018,1.235171,0.203745,1.222296,0.165626,1.293900,0.086124,1.178486,-0.011388,0.569761,0.045655,1.150511,-0.050920,1.562123,0.061377,1.144117,-0.035364,1.587353
793,0.019214,1.151746,-0.033606,1.114389,-0.029360,1.238777,0.051989,1.151868,0.058079,1.326403,0.106975,1.139340,0.064279,0.630480,0.016909,1.226557,-0.024438,1.539360,0.146894,1.238885,0.103686,1.595425
794,-0.711440,1.725865,-0.395640,1.514739,0.433434,1.875109,-0.282062,1.577896,0.542954,1.860789,-0.526727,1.611497,0.076005,0.680455,-0.661761,1.440072,-0.058470,2.009366,-0.544773,1.420009,0.059115,2.015439
795,0.002982,1.094331,0.006233,1.053943,0.025837,1.188240,0.059589,1.111527,0.081800,1.204112,0.076841,1.141704,0.050562,0.604145,0.270504,1.114193,0.243882,1.504646,0.260417,1.139014,0.233838,1.521257
796,0.431557,1.204151,0.479762,1.231979,0.009784,1.359048,0.498772,1.229721,0.028795,1.361592,0.418622,1.266635,0.024198,0.613772,0.107424,1.227036,-0.287172,1.622529,0.178475,1.196487,-0.217201,1.647898
797,0.329348,1.448928,0.451366,1.430859,0.165500,1.362067,0.360842,1.370542,0.078169,1.371131,0.351213,1.394796,-0.022823,0.645933,0.386805,1.223727,0.010546,1.767153,0.339886,1.235874,-0.032522,1.820775
798,0.674324,1.218951,0.499016,1.240478,-0.162200,1.350752,0.657049,1.217907,-0.009952,1.326471,0.785318,1.219187,0.104267,0.622837,0.630687,1.351477,-0.051817,1.727975,0.595576,1.252714,-0.086738,1.673652
799,0.706205,1.392187,1.120247,1.359178,0.483269,1.347793,0.976699,1.353933,0.344009,1.429442,0.743176,1.403259,-0.032326,0.766546,-0.004648,1.410287,-0.780517,1.944808,-0.041952,1.410550,-0.817104,1.974475
800,-0.233308,1.197702,-0.040874,1.256298,0.219520,1.186344,-0.086758,1.252887,0.170657,1.227905,-0.223377,1.232701,-0.015083,0.596153,-0.526968,1.255413,-0.314551,1.680248,-0.767242,1.257298,-0.556614,1.700496
801,0.181785,1.295221,0.266779,1.326253,0.213628,1.240438,0.285403,1.372551,0.231547,1.360848,0.278548,1.347172,-0.025038,0.646573,-0.098825,1.199833,-0.402900,1.618037,-0.018136,1.251510,-0.320571,1.678313
802,-0.051044,1.218722,-0.022914,1.191619,0.016462,1.312738,0.003469,1.224888,0.047565,1.323156,-0.075400,1.258402,-0.016554,0.575752,0.134779,1.216075,0.193939,1.652053,0.070455,1.193169,0.128233,1.638758
803,-0.098850,1.518795,0.367546,1.526438,0.574805,1.775669,0.214901,1.540026,0.422235,1.779289,-0.105924,1.529825,-0.110735,0.648532,-0.519735,1.535704,-0.521764,2.048246,-0.658704,1.540085,-0.662218,2.087165
804,0.401822,1.499846,0.402015,1.501321,-0.008120,1.597835,0.324015,1.527926,-0.082433,1.651505,0.326696,1.464043,-0.070317,0.658082,-0.419394,1.365389,-0.817764,1.793948,-0.430574,1.340867,-0.827411,1.812533
805,0.060652,1.038964,0.150526,1.133070,0.116196,1.094591,0.242641,1.109387,0.207039,1.118365,0.176581,1.068393,0.091084,0.535276,-0.005688,1.121139,-0.089713,1.489029,-0.070127,1.098108,-0.154260,1.501800
806,-0.342009,1.391540,-0.233755,1.441087,0.099133,1.442217,-0.181633,1.348750,0.146187,1.421771,-0.281426,1.360111,0.073421,0.629714,0.340470,1.262177,0.696116,1.768078,0.396921,1.206896,0.751655,1.775227
807,-0.567490,1.271872,-0.502248,1.238349,0.084068,1.414096,-0.505914,1.234496,0.076761,1.400585,-0.545776,1.264003,0.005853,0.610403,-0.017109,1.277397,0.534599,1.672238,-0.089090,1.268723,0.464200,1.707987
808,-0.648853,1.379726,-0.630401,1.400702,0.015077,1.285304,-0.651378,1.388229,-0.000669,1.367613,-0.643470,1.412869,0.004912,0.673181,-0.964599,1.271251,-0.320731,1.846239,-0.857496,1.283053,-0.209604,1.881442
809,-1.125525,1.243132,-1.041834,1.268874,0.085560,1.215610,-1.055427,1.231725,0.067110,1.236867,-1.142655,1.215265,-0.014876,0.603144,-0.782492,1.311238,0.347955,1.731768,-0.667165,1.264249,0.460282,1.720039
810,1.111137,1.570595,0.978317,1.393443,-0.186499,1.412630,0.900234,1.425151,-0.266424,1.447203,0.992233,1.579870,-0.065837,0.667772,0.466413,1.450276,-0.593570,2.001195,0.282399,1.452336,-0.776459,2.034644
811,0.537045,1.479037,0.528606,1.342831,-0.058653,1.413429,0.520411,1.362084,-0.076429,1.523045,0.512589,1.406628,0.028112,0.683897,0.704505,1.198197,0.226701,1.744321,0.732273,1.255725,0.251331,1.807869
812,0.112324,1.199000,0.047726,1.195614,-0.107448,1.323574,0.066540,1.183719,-0.090549,1.341366,0.094398,1.243857,0.025228,0.616010,0.280918,1.239557,0.209909,1.639073,0.364992,1.288460,0.294455,1.706659
813,-0.410175,1.145632,-0.380407,1.113133,0.123733,1.441082,-0.391691,1.111813,0.111856,1.437967,-0.328104,1.087897,-0.004821,0.533044,0.070456,1.129150,0.390706,1.483302,0.008767,1.112358,0.330095,1.507319
814,0.124492,1.184112,0.043945,1.193310,-0.082889,1.239236,0.056501,1.169728,-0.068286,1.262601,0.088072,1.184860,-0.034734,0.543272,-0.352586,1.001887,-0.476682,1.478741,-0.365261,1.038385,-0.489696,1.508580
815,-0.096906,1.232340,0.021784,1.309314,0.166961,1.372187,-0.032107,1.359038,0.110587,1.409926,-0.087927,1.276180,-0.033948,0.641673,-0.863443,1.408530,-0.810078,1.801270,-0.939401,1.364652,-0.886377,1.774818
816,0.633898,1.609653,0.848716,1.489263,0.157960,1.629464,0.806117,1.504750,0.117631,1.705179,0.595170,1.515440,0.012379,0.631439,0.519252,1.482463,-0.062321,2.038024,0.659096,1.427813,0.077365,2.014162
817,0.300193,1.213943,0.364988,1.351115,0.104367,1.164169,0.456674,1.332560,0.200053,1.224267,0.377196,1.235308,0.037400,0.553868,0.478441,1.110071,0.137130,1.524094,0.520288,1.098492,0.178964,1.577637
818,-0.225593,1.249761,-0.106559,1.284192,0.172623,1.265838,-0.118064,1.249126,0.166326,1.323700,-0.131776,1.248311,0.038898,0.701279,-0.446213,1.290669,-0.276644,1.689800,-0.511048,1.305516,-0.340379,1.760190
819,-0.315105,1.368425,-0.424520,1.333848,-0.041428,1.449293,-0.402480,1.341309,-0.021462,1.493597,-0.258131,1.358265,-0.004211,0.605908,-0.274818,1.217229,-0.021118,1.717397,-0.350257,1.224608,-0.098452,1.749084
820,-1.187788,1.362753,-1.075205,1.346878,0.210115,1.226505,-1.020480,1.403199,0.260345,1.334486,-1.033451,1.389489,0.065334,0.603881,-0.782062,1.212545,0.316329,1.740640,-0.714986,1.290767,0.384572,1.815059
821,0.140265,1.271385,0.394584,1.184255,0.359349,1.384650,0.293196,1.181387,0.259096,1.386901,0.193543,1.261347,-0.047661,0.630562,-0.205854,1.403781,-0.447307,1.801802,-0.342042,1.411655,-0.582209,1.831726
822,-0.082445,1.673431,-0.522446,1.803188,-0.589925,1.956547,-0.479124,1.822067,-0.543316,1.991502,-0.220817,1.725788,0.002774,0.700094,0.217072,1.630253,0.435571,2.177763,0.316611,1.572284,0.537654,2.164128
823,-0.068571,1.335260,0.071515,1.337644,0.125710,1.270351,0.117510,1.334462,0.163462,1.301410,-0.109262,1.340458,-0.022006,0.582974,-0.269961,1.244551,-0.177599,1.727271,-0.256257,1.241371,-0.166935,1.754236
824,0.361427,1.131873,0.395680,1.118234,0.085147,1.237194,0.433783,1.163081,0.122744,1.274599,0.431202,1.166919,0.022653,0.579236,-0.048506,1.160141,-0.456638,1.572678,0.124715,1.142847,-0.284793,1.575238
825,0.154505,1.112156,0.360706,1.100949,0.254876,1.172656,0.346480,1.148028,0.245352,1.187602,0.185949,1.155999,-0.017229,0.572583,-0.190168,1.174547,-0.395216,1.518746,-0.314311,1.197098,-0.519188,1.556177
826,0.894847,1.541851,0.877979,1.592430,-0.101510,1.755568,0.985749,1.541364,0.010194,1.745411,0.937745,1.556709,0.118815,0.673695,1.253179,1.705251,0.438403,2.172701,1.438419,1.678140,0.620330,2.196213
827,-0.056100,1.189084,-0.196206,1.239861,-0.203783,1.366055,-0.074387,1.298311,-0.084687,1.385146,-0.065862,1.193591,0.051994,0.622124,0.331431,1.372699,0.450571,1.687136,0.241265,1.292894,0.360070,1.663626
828,-0.386832,1.317540,-0.369941,1.359798,0.052845,1.427240,-0.316232,1.412981,0.108870,1.465293,-0.320898,1.364694,0.031856,0.615932,0.092489,1.471479,0.439258,1.904534,-0.007503,1.429383,0.343075,1.890621
829,1.066264,1.407164,1.216626,1.618335,0.245028,1.507276,1.303007,1.543866,0.331828,1.488355,1.192490,1.488039,0.038431,0.645486,1.014017,1.436454,-0.143826,2.025499,1.219393,1.407495,0.062699,2.026621
830,0.162438,1.134276,0.175170,1.167672,0.010050,1.120270,0.212638,1.145110,0.051337,1.159309,0.194235,1.153250,0.031298,0.581583,0.251526,1.184920,0.089146,1.603867,0.300346,1.214311,0.137135,1.654131
831,-0.456273,1.437091,-0.588980,1.600261,-0.173688,1.768760,-0.627224,1.570737,-0.210941,1.727461,-0.523014,1.471394,-0.031238,0.765326,-0.815799,1.503816,-0.319230,2.000887,-0.804872,1.478594,-0.309960,2.006443
832,0.425369,1.391668,0.477223,1.243710,0.009736,1.349833,0.294984,1.242831,-0.177318,1.408527,0.247495,1.352019,-0.132350,0.660195,0.503428,1.257574,0.124224,1.777926,0.550809,1.243939,0.168253,1.775726
833,0.152211,1.099591,0.121964,0.963994,-0.006409,1.221762,0.062079,1.012162,-0.066961,1.327556,0.130571,1.072267,-0.045613,0.583006,-0.336563,1.167689,-0.509585,1.512360,-0.368039,1.183732,-0.541581,1.542302
834,-0.457207,2.295099,-0.339263,2.108529,0.275499,2.227536,-0.316541,2.152323,0.299112,2.246783,-0.306407,2.262982,0.003192,0.777387,0.794418,2.131605,1.098151,2.831471,0.785100,2.060261,1.092105,2.836505
835,-0.057501,1.308886,-0.291272,1.237381,-0.207429,1.308664,-0.280728,1.242366,-0.194122,1.392914,-0.015726,1.295567,0.017550,0.686088,-0.131966,1.202785,-0.105152,1.646456,-0.175451,1.192340,-0.145958,1.679183
836,-0.507257,1.397873,-0.474483,1.368179,0.051512,1.304652,-0.577194,1.436414,-0.046399,1.393740,-0.562823,1.428734,-0.078168,0.606064,-0.418456,1.255530,0.066989,1.792662,-0.469264,1.247395,0.016724,1.807153
837,-0.511102,1.194669,-0.636031,1.209112,-0.222245,1.321512,-0.495497,1.200070,-0.089794,1.278560,-0.525303,1.199017,0.085182,0.634224,0.209346,1.301412,0.818101,1.717082,0.367292,1.306373,0.976984,1.736021
838,-1.088829,1.212965,-0.992277,1.215750,0.138433,1.182766,-0.936345,1.216303,0.192200,1.280371,-1.034306,1.202051,0.017392,0.640200,-0.601284,1.166419,0.450360,1.614121,-0.662256,1.176818,0.388504,1.636796
839,0.030737,1.309397,0.053250,1.424742,0.036674,1.307477,0.125888,1.504225,0.111270,1.338144,0.126352,1.342385,0.082038,0.682096,0.645864,1.346050,0.600457,1.788632,0.598133,1.335004,0.551754,1.810628
840,0.521815,1.431058,0.621687,1.484169,0.083684,1.514454,0.616023,1.469020,0.075798,1.479903,0.507789,1.416916,0.003311,0.598992,0.236567,1.354535,-0.270490,1.913195,0.255455,1.395312,-0.249028,1.935387
841,0.354372,1.308641,0.578691,1.390375,0.293415,1.414309,0.416428,1.340648,0.133276,1.443677,0.320758,1.315919,-0.099208,0.637582,0.169344,1.153604,-0.253765,1.671720,0.001408,1.174482,-0.420553,1.710404
842,0.667562,1.688158,0.846901,1.420218,0.337807,1.495110,0.895902,1.495375,0.390805,1.588664,0.857109,1.644452,0.038502,0.683267,0.524953,1.521956,-0.298338,2.048467,0.498302,1.512608,-0.323050,2.077088
843,0.077248,1.194559,-0.048787,1.210331,-0.163209,1.258636,0.065638,1.243012,-0.048181,1.263019,0.081647,1.229344,0.039256,0.549595,0.379940,1.152857,0.336174,1.576135,0.531535,1.180216,0.489004,1.605766
844,0.126968,1.533957,0.107164,1.544079,-0.020747,1.603655,0.192208,1.506181,0.061851,1.604443,0.189762,1.491161,0.065923,0.688940,0.752856,1.484339,0.631423,2.022146,0.813229,1.515234,0.688792,2.057861
845,0.351462,1.281440,0.333126,1.273557,-0.058959,1.277478,0.447384,1.215839,0.053180,1.299800,0.395626,1.239736,0.083841,0.638879,0.566828,1.339398,0.255902,1.728667,0.666935,1.317375,0.355808,1.740648
846,0.290771,1.388366,0.003094,1.459163,-0.412442,1.514952,-0.047294,1.464362,-0.464543,1.479479,0.096820,1.414298,-0.071928,0.657825,0.281309,1.425483,0.109468,1.951185,0.369428,1.360606,0.197082,1.924096
847,-0.431145,1.401716,-0.432248,1.412820,-0.050076,1.692266,-0.436876,1.420918,-0.059930,1.785788,-0.441384,1.432137,0.039598,0.679039,0.450065,1.371339,0.933142,1.862781,0.460165,1.398417,0.942151,1.912580
848,-0.284803,1.665106,-0.259266,1.504854,0.041297,1.385720,-0.381804,1.567185,-0.068382,1.631397,-0.308860,1.613957,-0.048754,0.748500,0.058801,1.316252,0.315941,1.908497,0.030978,1.340428,0.290119,1.959124
849,-0.287756,1.365132,-0.430474,1.347168,-0.230754,1.284633,-0.361405,1.360386,-0.160662,1.412926,-0.361468,1.353756,0.008983,0.683498,0.121238,1.264405,0.490912,1.704657,0.142969,1.271164,0.513092,1.756578
850,0.613516,1.473065,0.858767,1.258280,0.295927,1.413316,0.684077,1.321335,0.116271,1.451184,0.590404,1.461823,-0.067336,0.705107,-0.316253,1.367184,-0.972928,1.837914,-0.415314,1.394688,-1.072543,1.888762
851,0.346476,1.637722,0.252704,1.596637,-0.085925,1.430590,0.290577,1.606354,-0.051321,1.435801,0.361723,1.694534,0.011497,0.599971,-0.271197,1.467384,-0.623608,2.081464,-0.266201,1.441842,-0.617614,2.115450
852,-0.035437,1.317353,-0.169282,1.286247,-0.177923,1.297539,-0.168993,1.359853,-0.175301,1.379903,-0.065871,1.366458,0.012919,0.620986,-0.297527,1.457293,-0.225035,1.876238,-0.222425,1.412121,-0.148384,1.851142
853,-0.836899,1.336298,-0.964277,1.450418,-0.252205,1.486922,-0.968906,1.347437,-0.264049,1.501859,-0.883730,1.316064,0.076222,0.718536,0.532873,1.311747,1.495130,1.759852,0.589340,1.347284,1.550479,1.826610
854,0.118067,1.225596,0.196978,1.385890,0.111801,1.201626,0.150550,1.254398,0.068009,1.187308,0.100459,1.222582,-0.049978,0.589035,-0.262139,1.272638,-0.413927,1.692284,-0.363290,1.222428,-0.514985,1.701097
855,0.741401,1.571118,0.725172,1.552601,-0.027980,1.473044,0.626309,1.563724,-0.130875,1.487343,0.677797,1.580280,-0.050041,0.761498,0.795609,1.513384,0.070707,1.991269,0.860279,1.479467,0.133518,2.043280
856,-0.718147,1.514000,-0.787965,1.436376,-0.032809,1.582842,-0.589381,1.502285,0.164032,1.681717,-0.541696,1.461364,0.140035,0.747325,0.042880,1.577923,0.730566,2.042639,0.169164,1.553086,0.854598,2.038264
857,0.029592,1.113632,-0.029778,1.063478,-0.051011,1.064052,-0.060497,1.077423,-0.081669,1.111358,0.023045,1.073202,-0.012479,0.557422,-0.185202,1.193321,-0.224801,1.537686,-0.187549,1.145975,-0.225684,1.518220
858,-0.035618,1.286844,0.005532,1.324204,0.051952,1.386196,-0.052126,1.281470,-0.003763,1.334883,-0.054538,1.292756,-0.029257,0.600252,-0.134519,1.286035,-0.112261,1.737622,-0.307973,1.246275,-0.284608,1.732278
859,0.464836,1.639735,0.273569,1.458442,-0.352625,1.490379,0.308461,1.454904,-0.319278,1.575261,0.331068,1.585732,0.019069,0.678935,1.217223,1.613560,0.905055,2.164189,1.134613,1.559490,0.824214,2.169791
860,0.151763,1.200863,0.132566,1.153969,-0.044489,1.437132,0.113033,1.145165,-0.063774,1.390416,0.127563,1.175884,0.000611,0.555564,0.600468,1.266081,0.474810,1.655492,0.485994,1.264654,0.357245,1.677146
861,-0.413491,1.940265,-0.278169,1.755904,0.257079,2.101631,-0.251105,1.680202,0.278857,2.067905,-0.272511,1.717507,0.029447,0.706013,-0.538873,1.443364,-0.237178,2.074282,-0.691499,1.447238,-0.388352,2.132222
862,-0.048219,1.257057,0.199175,1.390061,0.304399,1.230015,0.196968,1.376133,0.294552,1.270782,-0.007126,1.241708,-0.008369,0.561404,0.629563,1.126706,0.633519,1.645013,0.552308,1.130793,0.553321,1.639346
863,0.204561,1.456933,0.117582,1.343819,-0.071730,1.436412,0.219697,1.337593,0.036123,1.457892,0.251499,1.456008,0.026688,0.671275,0.489376,1.332741,0.266010,1.925531,0.421324,1.357504,0.197993,1.978426
864,-0.493555,1.224688,-0.602862,1.149922,-0.162144,1.253878,-0.630446,1.196399,-0.189121,1.325433,-0.573122,1.251797,-0.029238,0.595889,-0.432318,1.297911,0.108340,1.720279,-0.310533,1.269832,0.232416,1.713542
865,0.346294,1.483849,0.410567,1.333404,0.184172,1.366636,0.301275,1.314902,0.081000,1.474223,0.333019,1.411210,-0.128035,0.676442,-0.547116,1.420928,-1.014512,1.814744,-0.624600,1.413021,-1.090550,1.877678
866,-0.167696,1.268044,-0.161332,1.274773,-0.079167,1.270410,-0.043906,1.321750,0.031892,1.312605,-0.197896,1.345222,0.055706,0.651853,0.318844,1.340286,0.573185,1.745919,0.433356,1.303495,0.687259,1.731961
867,-0.123275,1.407194,0.002263,1.414754,0.259517,1.713884,-0.067512,1.409500,0.193007,1.649033,-0.018932,1.383527,-0.024990,0.568451,0.007962,1.170167,0.000138,1.735937,-0.069514,1.108035,-0.075508,1.707892
868,-0.282965,1.442670,-0.402187,1.485933,-0.109558,1.729431,-0.355216,1.407709,-0.060455,1.674119,-0.261133,1.442447,0.011093,0.670811,-0.276226,1.392927,-0.006905,1.897293,-0.090737,1.360571,0.181525,1.917690
869,0.540760,1.502649,0.415063,1.514700,-0.155469,1.569042,0.393283,1.582384,-0.177917,1.678645,0.453887,1.553735,-0.055700,0.750527,-0.132534,1.469642,-0.646156,2.007186,-0.382715,1.472736,-0.895596,2.030156
870,-0.073125,1.390716,0.118237,1.339904,0.166158,1.337731,0.050752,1.230275,0.104103,1.329715,-0.087829,1.310110,0.004530,0.666860,0.223397,1.225754,0.315164,1.744923,0.205876,1.213552,0.298466,1.762399
871,0.163312,1.444387,0.148138,1.313347,-0.145273,1.621726,0.204682,1.319337,-0.092650,1.665265,0.110139,1.344166,0.075025,0.637180,0.447746,1.317118,0.408339,1.779585,0.454537,1.294505,0.417019,1.812943
872,-0.071657,1.256787,-0.135808,1.255436,-0.074443,1.507948,-0.127591,1.221662,-0.059820,1.455477,-0.077395,1.217792,-0.001752,0.599313,-0.263899,1.202095,-0.188229,1.593194,-0.356163,1.202108,-0.279862,1.619133
873,0.220791,1.308752,0.150220,1.252127,-0.077523,1.353902,0.103264,1.224686,-0.122122,1.401786,0.161589,1.262613,-0.053750,0.613665,0.075808,1.160561,-0.141436,1.647889,0.069435,1.165128,-0.146919,1.664189
874,-0.571762,1.272770,-0.446828,1.404083,0.113979,1.340891,-0.415634,1.313710,0.146949,1.337574,-0.502481,1.293052,0.077171,0.586921,0.373870,1.235231,0.955769,1.712027,0.301220,1.197312,0.882126,1.696012
875,0.087475,1.208712,0.196963,1.322323,0.092216,1.375228,0.274650,1.270657,0.169516,1.403008,0.151847,1.229096,0.081360,0.675827,0.392309,1.346781,0.321118,1.753296,0.519450,1.303404,0.448534,1.744255
876,0.024682,1.380898,0.062515,1.446406,-0.020074,1.491686,0.018413,1.426131,-0.069243,1.541564,-0.047372,1.396340,-0.015459,0.630600,-0.472302,1.251275,-0.436344,1.781038,-0.354663,1.274217,-0.319599,1.831351
877,-0.416697,1.256311,-0.309733,1.228929,0.093547,1.321245,-0.282639,1.212358,0.115623,1.347299,-0.414082,1.247317,0.017382,0.611855,-0.523651,1.208946,-0.088749,1.675105,-0.587243,1.192983,-0.152993,1.685203
878,0.193751,1.406593,0.235425,1.352960,0.037870,1.373896,0.123212,1.370766,-0.073114,1.409097,0.137662,1.395061,-0.052936,0.653571,0.361483,1.276805,0.170424,1.743525,0.301166,1.250826,0.109725,1.767908
879,0.651302,1.451574,0.495085,1.379048,-0.188314,1.591347,0.427601,1.373961,-0.252054,1.565490,0.543725,1.383554,-0.079341,0.666572,0.233480,1.306604,-0.390763,1.814164,0.295222,1.313105,-0.329210,1.857403
880,-0.836829,2.809720,-1.337867,2.700227,-0.510824,2.527632,-1.311139,2.674839,-0.471540,2.529628,-0.911639,2.787968,-0.073923,0.938935,-0.415294,2.210923,0.418275,3.165517,-0.368078,2.189498,0.467034,3.223634
881,-0.058404,1.073574,0.110576,1.191499,0.216833,1.383617,0.145844,1.114588,0.255732,1.301639,0.040746,1.088071,0.052613,0.574591,0.109927,1.154479,0.117868,1.533222,0.097918,1.130937,0.107602,1.529993
882,0.476419,1.304783,0.532816,1.157074,-0.002809,1.449174,0.537546,1.195123,0.002472,1.466744,0.391720,1.246892,-0.029729,0.593611,0.189825,1.197418,-0.231747,1.644928,0.182433,1.144931,-0.238149,1.613801
883,0.137160,1.473356,0.183658,1.512323,0.189698,1.303260,0.173370,1.453186,0.189308,1.308652,0.255598,1.476598,-0.024176,0.612534,-0.098145,1.264843,-0.380307,1.883519,0.024633,1.301193,-0.256445,1.948355
884,0.135746,0.978291,-0.002075,1.032740,-0.128724,1.074836,-0.036330,1.047591,-0.159890,1.100623,0.097237,1.004995,-0.049475,0.555700,-0.033766,1.101960,-0.180528,1.426794,-0.089347,1.096106,-0.236348,1.441495
885,-0.309552,1.666232,-0.110488,1.559536,0.253552,1.658861,-0.107717,1.573075,0.256738,1.680053,-0.292893,1.641148,-0.034925,0.670343,-0.365078,1.474473,-0.104580,2.040260,-0.465101,1.418553,-0.207887,2.038750
886,-0.211024,1.293249,-0.392213,1.235743,-0.199786,1.124622,-0.405271,1.213255,-0.205221,1.166391,-0.224898,1.253981,-0.000022,0.574329,0.021349,1.088778,0.239791,1.581604,-0.043846,1.073888,0.177837,1.592723
887,-0.143421,1.144963,-0.224256,1.248114,-0.137733,1.264860,-0.302777,1.244605,-0.219032,1.327611,-0.173203,1.198053,0.025399,0.586212,-0.438921,1.165148,-0.239244,1.579901,-0.468549,1.160574,-0.268644,1.577455
888,0.308960,1.388042,0.292308,1.393355,-0.017801,1.487904,0.265134,1.378539,-0.046180,1.496294,0.278654,1.382264,-0.028039,0.708768,-0.002216,1.444191,-0.311125,1.884626,-0.063945,1.414093,-0.370651,1.919146
889,0.506111,1.326506,0.653286,1.332884,0.066515,1.285302,0.525461,1.320663,-0.057218,1.340592,0.365274,1.333378,-0.067405,0.617954,0.678749,1.102373,0.246726,1.662032,0.639577,1.119174,0.206019,1.700803
890,-0.178896,1.471904,0.005036,1.104687,0.324935,1.698103,0.003418,1.106508,0.322113,1.666041,-0.002842,1.196078,0.043876,0.506167,0.350357,1.097261,0.396889,1.553068,0.214995,1.111687,0.261432,1.583695
891,0.018149,1.208771,0.118913,1.139209,0.070606,1.207873,0.002712,1.136409,-0.043611,1.295190,-0.070621,1.183023,-0.061534,0.681392,0.341971,1.200129,0.350510,1.595545,0.209441,1.211185,0.218054,1.664834
892,0.429666,1.405961,0.595092,1.272595,0.154020,1.281495,0.583997,1.290203,0.149575,1.325737,0.445496,1.339331,0.019657,0.605246,0.450751,1.324510,0.026033,1.806223,0.502343,1.285989,0.078560,1.803410
893,-0.337341,1.208865,-0.387994,1.061331,-0.038692,1.214057,-0.394800,1.081969,-0.041553,1.338040,-0.321651,1.174788,0.000921,0.592881,-0.281064,1.155703,0.042339,1.599836,-0.155512,1.147583,0.167258,1.611523
894,-0.029852,1.388779,-0.176205,1.328773,-0.211905,1.314383,-0.211656,1.403070,-0.240408,1.403178,-0.109604,1.370034,-0.022604,0.717065,-0.170421,1.484818,-0.087026,1.947268,-0.277327,1.449554,-0.191296,1.968964
895,-0.220817,1.114599,-0.209627,1.194507,-0.048722,1.045739,-0.130942,1.256197,0.034663,1.119246,-0.222879,1.145529,0.051621,0.572198,0.169998,1.144750,0.442815,1.545014,0.228594,1.106088,0.501912,1.519718
896,0.095918,1.497739,-0.103797,1.547642,-0.283420,1.261235,-0.216791,1.473966,-0.388356,1.317714,-0.064483,1.415292,-0.085550,0.624064,-0.159563,1.217364,-0.185662,1.789042,-0.278316,1.229583,-0.302396,1.840583
897,-0.243024,1.592740,-0.358975,1.526497,-0.078642,1.721905,-0.414440,1.527364,-0.137954,1.796304,-0.277726,1.581927,-0.066093,0.635315,-0.844718,1.474716,-0.633000,2.063038,-0.882764,1.442629,-0.672225,2.043720
898,-0.625020,1.592690,-0.552834,1.279414,-0.013424,1.602723,-0.579167,1.376234,-0.052223,1.670027,-0.706435,1.498472,0.010428,0.671652,-0.264060,1.454220,0.451076,2.007547,-0.311188,1.395532,0.405056,1.963328
899,0.384192,1.545211,0.433101,1.692800,0.036412,1.594695,0.500717,1.698347,0.098828,1.701958,0.457971,1.594807,0.087455,0.720732,0.953493,1.519444,0.587657,2.068038,0.896794,1.477306,0.529433,2.070126
900,0.330776,1.138983,0.265991,1.153554,-0.135726,1.231052,0.282008,1.114971,-0.118115,1.187172,0.275856,1.110202,0.010525,0.513402,-0.068113,1.114120,-0.332370,1.483229,-0.141954,1.111693,-0.406905,1.500253
901,-0.952487,1.052130,-0.875494,1.012435,0.130336,1.243902,-0.851527,1.007059,0.153817,1.237640,-0.907307,1.068928,-0.005453,0.578634,-0.914363,1.112302,-0.011905,1.502466,-0.857273,1.087400,0.045261,1.492904
902,0.144015,1.125209,-0.007513,1.122590,-0.156694,1.159045,0.097579,1.127393,-0.048114,1.234353,0.193753,1.128663,0.053930,0.611659,0.052494,1.234811,-0.090683,1.596774,0.052414,1.217313,-0.090365,1.618621
903,-0.278939,1.139223,-0.476143,1.111383,-0.213799,1.240679,-0.535120,1.192533,-0.269209,1.391694,-0.356751,1.177904,-0.064748,0.581035,-0.580316,1.193252,-0.288418,1.564482,-0.666659,1.180703,-0.375118,1.576265
904,0.546774,1.529088,0.439829,1.504056,-0.126346,1.591419,0.506005,1.460785,-0.056149,1.496731,0.477313,1.533353,-0.051184,0.740791,0.246446,1.420825,-0.285507,1.970860,0.407648,1.428313,-0.125389,2.023083
905,0.820619,1.264071,0.942741,1.153065,0.134471,1.262740,0.957202,1.227018,0.155187,1.368724,0.815745,1.302385,-0.020549,0.639487,0.133642,1.390053,-0.703013,1.767341,0.046189,1.361078,-0.791911,1.765823
906,-0.353197,1.775138,-0.395459,1.704625,-0.138044,1.539336,-0.384747,1.709181,-0.131598,1.604786,-0.432900,1.796741,0.013547,0.690958,0.405847,1.392517,0.852831,2.121053,0.551036,1.432268,0.998721,2.177017
907,-0.701031,1.241502,-0.769281,1.255685,-0.092508,1.156646,-0.708236,1.285011,-0.034440,1.240057,-0.711926,1.241470,0.012607,0.571373,0.021716,1.226811,0.751608,1.668371,0.052160,1.219986,0.779030,1.684257
908,-0.158701,1.403186,-0.392884,1.346135,-0.257811,1.441101,-0.161792,1.343145,-0.031489,1.429770,-0.061133,1.432714,0.123552,0.639480,0.130420,1.321423,0.315389,1.819313,0.245827,1.299563,0.430967,1.842929
909,0.090434,1.416360,0.036703,1.337682,-0.184538,1.557358,-0.137930,1.284365,-0.361368,1.540559,-0.127961,1.363619,-0.094372,0.650933,-0.093234,1.349587,-0.058866,1.896121,-0.139583,1.335547,-0.103776,1.908692
910,-0.528578,1.288637,-0.528557,1.221838,-0.025084,1.512489,-0.619261,1.187038,-0.104965,1.444371,-0.607060,1.182815,-0.064627,0.686210,-0.225227,1.405427,0.318598,1.765445,-0.258646,1.320188,0.285092,1.740478
911,-0.157428,1.274582,-0.043214,1.259431,0.099061,1.255803,-0.285446,1.209738,-0.144537,1.343361,-0.304873,1.282797,-0.132181,0.705925,0.005602,1.285387,0.178300,1.651345,-0.072000,1.255620,0.100975,1.696534
912,0.486708,1.160578,0.374005,1.127055,-0.113811,1.131444,0.342436,1.225430,-0.149898,1.190290,0.487708,1.185251,0.006272,0.574397,0.183282,1.183551,-0.298223,1.594424,0.215346,1.208680,-0.266758,1.630811
913,0.135401,1.267833,0.155888,1.239118,0.075218,1.291514,0.049867,1.275024,-0.026568,1.332658,0.133583,1.279798,-0.057838,0.541998,-0.478356,1.120982,-0.667860,1.611027,-0.549889,1.104551,-0.740403,1.612449
914,0.343356,1.226410,0.066478,1.191640,-0.257101,1.137734,0.104537,1.215425,-0.213681,1.266897,0.349162,1.221083,-0.016879,0.652908,-0.167494,1.320698,-0.534060,1.722028,-0.090473,1.288234,-0.457147,1.717664
915,-0.095953,1.203548,-0.297716,1.084874,-0.270804,1.188294,-0.299592,1.110195,-0.274867,1.282438,-0.171244,1.167413,-0.009775,0.548077,-0.075790,1.203862,0.088686,1.625465,-0.053677,1.176271,0.109880,1.626284
916,0.675482,1.674646,0.570943,1.519745,-0.143948,1.616553,0.566587,1.495950,-0.149277,1.675674,0.681727,1.629561,0.044219,0.749059,0.374801,1.660945,-0.264017,2.216874,0.391790,1.586315,-0.245293,2.185307
917,-0.417223,1.451413,-0.394356,1.484803,0.000595,1.592793,-0.202778,1.421143,0.186002,1.573237,-0.307719,1.424885,0.136555,0.608578,0.416776,1.343443,0.861150,1.890543,0.489841,1.317326,0.932731,1.889926
918,0.312498,1.363858,0.212990,1.367844,-0.200432,1.334448,0.220788,1.369220,-0.189873,1.299415,0.211571,1.343616,-0.007209,0.602540,0.040757,1.184122,-0.181097,1.700300,0.073248,1.161739,-0.146024,1.716070
919,0.091195,1.045089,0.272043,1.095363,0.240940,1.211688,0.217694,1.076313,0.184819,1.231866,0.176255,1.060975,0.028498,0.545008,0.005584,1.140382,-0.141615,1.471390,0.087160,1.142448,-0.058843,1.516589
920,-0.390751,1.237575,-0.274864,1.106958,0.187753,1.231344,-0.256514,1.108802,0.201813,1.294816,-0.319727,1.195838,0.005808,0.558925,-0.681623,1.146943,-0.354913,1.592656,-0.735031,1.194388,-0.408393,1.652308
921,1.155222,1.673056,1.151093,1.542784,-0.052162,1.616215,1.167500,1.563191,-0.035156,1.630873,1.068732,1.646327,-0.039694,0.681981,0.993415,1.596220,-0.118597,2.138167,1.047021,1.580688,-0.063847,2.171581
922,0.198748,1.275306,0.296346,1.199922,0.100033,1.447492,0.258694,1.168007,0.066546,1.461385,0.207659,1.246573,0.000887,0.620065,0.930104,1.177733,0.727657,1.592703,0.995176,1.194859,0.791388,1.651310
923,0.231755,1.267909,0.160829,1.080532,-0.016786,1.328620,0.173109,1.063469,0.001275,1.328763,0.292812,1.183685,0.005814,0.539061,-0.165045,1.135862,-0.455262,1.571997,-0.185227,1.130983,-0.472964,1.604485
924,0.256885,1.338102,0.159179,1.336144,-0.105035,1.409722,0.164263,1.391080,-0.090164,1.482690,0.238400,1.382663,-0.018431,0.650878,-0.774126,1.175567,-1.034136,1.711964,-0.672925,1.201197,-0.931285,1.754449
925,-0.032419,1.252984,0.093812,1.089133,0.093432,1.200534,-0.004669,1.069594,-0.005401,1.311615,-0.119542,1.197130,-0.057686,0.514166,0.204935,1.098562,0.269708,1.554035,0.213709,1.101189,0.278084,1.588409
926,0.282828,1.393805,0.467653,1.306250,0.143440,1.447648,0.451093,1.251834,0.127756,1.447075,0.261156,1.276654,0.015835,0.643613,0.318932,1.261113,0.075502,1.737661,0.546474,1.284762,0.302351,1.778609
927,-0.599775,1.276802,-0.404945,1.284222,0.254163,1.362839,-0.458518,1.262192,0.208013,1.427282,-0.554537,1.298690,-0.016309,0.577156,-0.119181,1.193641,0.416865,1.669056,-0.185258,1.211555,0.352042,1.705656
928,0.520382,1.271839,0.469629,1.213390,-0.143209,1.235337,0.492918,1.290297,-0.128173,1.347003,0.406727,1.292942,-0.018372,0.646821,-0.083689,1.278103,-0.507661,1.695134,-0.089582,1.250628,-0.516331,1.697934
929,0.316522,1.427588,0.363590,1.432555,0.090450,1.351569,0.387364,1.390091,0.118290,1.402091,0.360981,1.389747,0.000818,0.664683,-0.110356,1.379623,-0.471444,1.826117,0.054572,1.374651,-0.306655,1.861823
930,0.697075,1.380258,0.705074,1.451523,-0.016977,1.382430,0.626527,1.443649,-0.094708,1.406580,0.628168,1.376890,-0.045748,0.656464,-0.014621,1.337000,-0.688038,1.897469,-0.190348,1.349604,-0.864628,1.898078
931,1.113506,1.486172,0.980449,1.396618,-0.235105,1.439248,1.138501,1.329579,-0.078984,1.485547,1.115277,1.420492,0.099637,0.770065,1.113735,1.287731,0.098922,1.869736,1.369366,1.326083,0.354071,1.926903
932,0.391572,1.352564,0.454192,1.238834,0.079100,1.301275,0.321043,1.252922,-0.046718,1.440900,0.369677,1.305084,-0.043601,0.639724,-0.492291,1.175609,-0.907380,1.680909,-0.660125,1.206365,-1.073070,1.745119
933,0.045387,1.467808,-0.126561,1.378304,-0.328527,1.628173,-0.034689,1.372561,-0.233782,1.597200,-0.058125,1.429129,0.041094,0.645800,1.106685,1.425673,1.205285,1.936838,1.031274,1.406201,1.132254,1.942379
934,-0.071014,1.130410,-0.008521,1.223622,0.090547,1.429961,0.024481,1.145658,0.118042,1.375782,-0.047384,1.182792,0.002320,0.610786,-0.655984,1.224802,-0.609690,1.598090,-0.562642,1.216009,-0.513549,1.620175
935,-0.600742,1.388873,-0.310164,1.230999,0.354834,1.323062,-0.364043,1.260352,0.296273,1.328763,-0.546387,1.372429,-0.003656,0.680275,-0.413152,1.299053,0.133088,1.780696,-0.509018,1.295239,0.035030,1.814996
936,-0.077197,1.131552,0.044850,1.159089,0.154796,1.234721,-0.063087,1.209262,0.048584,1.264814,-0.102495,1.204721,-0.057827,0.613823,-0.723663,1.329391,-0.679049,1.672493,-0.918714,1.296342,-0.873848,1.684531
937,-0.495951,1.315065,-0.656784,1.221618,-0.179117,1.228576,-0.639126,1.253151,-0.158909,1.337624,-0.466947,1.327309,0.043562,0.622813,-0.066302,1.315783,0.443992,1.744789,0.006485,1.356178,0.517962,1.790983
938,-0.280551,1.626810,-0.515806,1.537741,-0.168385,1.457600,-0.544243,1.534236,-0.186841,1.514929,-0.311580,1.617465,-0.098112,0.655479,-1.101771,1.339788,-0.896709,1.927770,-1.181457,1.339100,-0.973802,1.979200
939,-1.174118,1.685389,-1.146852,1.477872,-0.075524,1.628341,-1.213019,1.439990,-0.144822,1.677811,-1.314891,1.521593,-0.042501,0.710537,-0.635520,1.479124,0.643515,2.049643,-0.695991,1.421005,0.578018,2.045708
940,0.526840,1.833197,0.698826,1.571243,0.128429,1.820356,0.621389,1.519612,0.047145,1.751693,0.495555,1.737954,0.010332,0.703281,0.574000,1.543242,0.097968,2.224731,0.533580,1.531826,0.051509,2.243155
941,0.245844,2.292634,0.017705,2.105305,-0.296265,2.242061,0.155702,2.053985,-0.148991,2.327141,0.250414,2.169123,0.060458,0.865999,0.128440,2.113846,-0.062537,2.855938,0.023874,2.035768,-0.164664,2.832667
942,0.300296,1.361207,0.156443,1.394643,-0.243969,1.539169,0.147909,1.334446,-0.253630,1.510891,0.215821,1.326251,0.011867,0.616478,0.009940,1.207597,-0.196650,1.706571,0.055038,1.200032,-0.149704,1.729164
943,0.249267,1.138648,0.185065,0.988860,-0.043012,1.171210,0.248251,1.062890,0.016755,1.242333,0.278385,1.102437,0.013104,0.660651,0.247941,1.132951,-0.019854,1.514906,0.299659,1.113354,0.032850,1.526025
944,-0.344620,1.489431,-0.423751,1.343239,-0.065006,1.603183,-0.449986,1.346189,-0.087678,1.599753,-0.380079,1.418470,-0.052180,0.593566,-0.515405,1.318958,-0.187004,1.873046,-0.465743,1.326338,-0.137234,1.896792
945,-0.430422,1.806452,-0.343692,1.766269,0.088800,1.670263,-0.258192,1.734561,0.166817,1.687716,-0.356766,1.738294,0.074290,0.667150,0.159380,1.672041,0.594694,2.241936,0.324275,1.606999,0.760338,2.246718
946,0.469292,1.192537,0.466002,1.165303,0.040640,1.340528,0.462341,1.167436,0.038091,1.369364,0.502914,1.194231,-0.008861,0.667138,-0.164499,1.284094,-0.677788,1.634850,-0.113901,1.290662,-0.625493,1.679522
947,-0.267856,1.108850,-0.478448,1.145100,-0.301187,1.222460,-0.522629,1.170414,-0.344931,1.244336,-0.354862,1.166637,-0.002506,0.585376,-0.161857,1.235222,0.190797,1.606131,-0.237870,1.227870,0.115709,1.619594
948,0.076921,1.075480,-0.121204,1.234395,-0.246411,1.276890,-0.019747,1.201131,-0.144668,1.255982,0.046804,1.144606,0.015829,0.692818,0.219640,1.142966,0.189074,1.525619,0.336659,1.173776,0.304852,1.577780
949,0.209550,1.152338,0.187796,1.068534,0.010444,1.208731,0.125059,1.134081,-0.053916,1.298979,0.173930,1.128845,-0.063823,0.594945,-0.184022,1.198052,-0.421528,1.537509,-0.132066,1.153935,-0.371226,1.554315
950,-0.282339,1.539920,-0.207487,1.366262,0.048022,1.601896,-0.264999,1.353492,-0.017949,1.650683,-0.342283,1.499902,-0.029104,0.661780,0.108733,1.482737,0.424349,1.997024,0.125704,1.439983,0.440993,1.987772
951,-0.208308,2.055867,-0.263618,1.857581,0.013286,1.937008,-0.230091,1.804386,0.046407,2.106974,-0.142034,1.922171,0.002883,0.766274,0.077435,1.599744,0.221102,2.328806,0.158150,1.593438,0.301434,2.371278
952,0.613263,1.299826,0.662025,1.389615,-0.009729,1.498859,0.750050,1.431284,0.069398,1.503257,0.608377,1.349348,0.058226,0.674360,0.723117,1.396278,0.171058,1.818627,0.579325,1.413594,0.028776,1.875049
953,-0.234266,1.267212,-0.178522,1.413627,0.067689,1.331874,-0.095186,1.416437,0.147530,1.425154,-0.179199,1.289857,0.047451,0.661385,0.213004,1.255314,0.439780,1.663895,0.132164,1.304799,0.357588,1.738921
954,0.866919,1.433636,0.803201,1.354135,-0.062987,1.445461,0.824296,1.308637,-0.046403,1.455020,0.815706,1.432170,-0.049851,0.662103,0.335837,1.302836,-0.526326,1.866643,0.369819,1.310762,-0.493461,1.876993
955,-0.331707,1.086680,-0.044630,1.160633,0.328220,1.245514,-0.160713,1.090973,0.213975,1.229443,-0.344223,1.069875,-0.053459,0.578793,0.169114,1.077766,0.460573,1.508705,0.088564,1.070960,0.380053,1.510287
956,0.001145,1.189339,-0.238796,1.231763,-0.276348,1.254007,-0.194113,1.245247,-0.228325,1.256418,-0.010657,1.170555,0.023234,0.540196,0.167865,1.146128,0.196558,1.601429,0.178705,1.115185,0.208072,1.582717
957,-0.398505,1.455383,-0.415035,1.372690,0.061979,1.443781,-0.350246,1.366982,0.130072,1.504272,-0.348503,1.418247,-0.024396,0.703507,-0.605002,1.381181,-0.284874,1.924840,-0.576747,1.367470,-0.256160,1.926689
958,-0.606168,1.387293,-0.627855,1.403391,0.032180,1.316504,-0.543790,1.377900,0.104869,1.418195,-0.525488,1.372509,0.038644,0.607457,-0.381911,1.235836,0.182244,1.777649,-0.446955,1.260252,0.117999,1.810960
959,-0.603873,1.264571,-0.591203,1.286754,0.012048,1.255274,-0.650194,1.303127,-0.041235,1.320171,-0.640931,1.289255,-0.042788,0.626425,-0.121289,1.205863,0.480054,1.663290,-0.245515,1.230767,0.354641,1.716937
960,0.243027,1.400206,0.071614,1.399663,-0.239836,1.225845,0.073720,1.412008,-0.238825,1.256702,0.189912,1.409140,0.012553,0.567221,0.885506,1.247409,0.705893,1.746387,0.743811,1.195928,0.566644,1.749488
961,-0.437521,1.433564,-0.384777,1.480915,0.120922,1.227506,-0.349452,1.464938,0.155063,1.296701,-0.341805,1.410370,0.031126,0.565045,-0.824215,1.173196,-0.449543,1.747059,-0.880506,1.163818,-0.506123,1.789589
962,0.310765,1.121190,0.204734,1.154888,-0.137948,1.175038,0.260757,1.132318,-0.082468,1.178165,0.276189,1.129164,-0.003299,0.539802,-0.096788,1.170999,-0.377481,1.599838,-0.085074,1.154324,-0.365387,1.580733
963,-0.990054,2.291140,-1.214729,2.299673,-0.352377,2.349326,-1.050009,2.295126,-0.190380,2.415779,-0.952911,2.326925,0.158290,0.884337,0.153996,2.090766,1.265674,2.893973,0.326945,2.074347,1.440946,2.915378
964,-0.011607,0.991941,0.153063,1.095502,0.175015,1.271233,0.023158,1.119782,0.054371,1.254010,-0.054318,1.034983,-0.061030,0.552351,-0.208558,1.095850,-0.212959,1.426721,-0.250299,1.084593,-0.255974,1.435332
965,0.206928,1.543324,0.147346,1.578341,0.006332,1.610692,-0.069006,1.605642,-0.207961,1.618703,0.077028,1.578288,-0.193209,0.741670,-0.024790,1.721662,-0.295195,2.205680,-0.307978,1.726857,-0.579302,2.245866
966,0.018311,1.162054,-0.151502,1.136734,-0.252994,1.370205,-0.126865,1.187642,-0.234198,1.412312,-0.059548,1.193545,0.006344,0.571969,0.278873,1.193606,0.342969,1.595642,0.226587,1.175347,0.291641,1.604368
967,-0.667876,1.438522,-0.960250,1.360494,-0.395106,1.362652,-0.923531,1.384023,-0.360223,1.396127,-0.736200,1.406420,0.029191,0.650426,0.458648,1.388956,1.223387,1.863853,0.380659,1.346937,1.147811,1.877909
968,-0.364901,1.395829,-0.393714,1.508971,-0.064882,1.505692,-0.469078,1.432125,-0.135382,1.490804,-0.377296,1.390327,0.019356,0.653345,-0.087799,1.350626,0.302986,1.868159,-0.165010,1.309358,0.229787,1.865246
969,-0.470312,1.448887,-0.092155,1.616954,0.463566,1.409690,-0.000662,1.659467,0.548642,1.526442,-0.274884,1.534472,0.120522,0.721680,0.357367,1.476687,0.751322,1.956428,0.425203,1.413570,0.819914,1.956915
970,-0.569320,1.532956,-0.413137,1.528548,0.190306,1.461033,-0.566617,1.523961,0.037771,1.506414,-0.640155,1.528120,-0.103325,0.640443,-0.863223,1.645940,-0.329839,2.145361,-1.087958,1.644305,-0.551581,2.166582
971,-0.646644,1.293474,-0.749563,1.178642,-0.078554,1.424866,-0.668486,1.187282,-0.005156,1.416050,-0.607382,1.282539,0.022010,0.618287,-0.070802,1.191884,0.560517,1.672883,-0.071427,1.214877,0.558541,1.712890
972,0.473399,1.135851,0.254798,1.055538,-0.215462,1.097797,0.183667,1.136072,-0.277049,1.206064,0.431922,1.161780,-0.050827,0.517986,0.109909,1.177584,-0.375958,1.541329,0.052287,1.137177,-0.432429,1.541550
973,-0.035030,1.246831,-0.070667,1.203549,-0.088978,1.274258,-0.165579,1.256836,-0.186561,1.326879,-0.128644,1.259604,-0.040481,0.559591,-0.017809,1.159444,0.067751,1.631300,-0.057857,1.159104,0.029891,1.642719
974,-0.251671,1.508765,-0.349616,1.597896,-0.163542,1.506480,-0.404649,1.554896,-0.224033,1.547939,-0.335323,1.473206,-0.017228,0.597846,-0.106166,1.288367,0.212651,1.856969,-0.242546,1.275981,0.075684,1.882765
975,-0.678368,1.677121,-0.572656,1.696720,0.053876,1.561330,-0.705107,1.573013,-0.086213,1.620300,-0.824889,1.510635,-0.091976,0.700165,-0.985872,1.786553,-0.250846,2.306688,-1.138426,1.775175,-0.404564,2.335894
976,0.256807,1.447017,0.415126,1.447283,0.188722,1.471131,0.358784,1.466822,0.128334,1.410511,0.282046,1.509447,0.000098,0.638681,0.271202,1.435714,-0.012307,2.007297,0.487434,1.448175,0.205282,2.028773
977,-0.061918,1.217529,-0.052782,1.371359,0.074033,1.437474,-0.085403,1.376862,0.036098,1.459627,-0.049079,1.283716,-0.043216,0.697267,-0.427422,1.294912,-0.423814,1.746307,-0.486651,1.279006,-0.481930,1.763914
978,0.461248,1.153871,0.549084,1.250486,0.135435,1.231941,0.538665,1.276385,0.126807,1.281900,0.545142,1.144272,0.037741,0.606493,0.432902,1.343312,-0.075768,1.659897,0.448718,1.327028,-0.059116,1.663643
979,-0.576531,1.552876,-0.447568,1.473607,0.202588,1.487574,-0.488333,1.433311,0.168370,1.535630,-0.516650,1.464193,-0.013746,0.657708,-0.225148,1.500065,0.274677,2.044585,-0.076663,1.463493,0.424420,2.037683
980,0.611419,1.472325,0.698403,1.472588,0.120038,1.576515,0.736944,1.438393,0.156614,1.529617,0.653760,1.479642,0.014474,0.660384,0.647577,1.362401,0.002660,1.907985,0.661184,1.328918,0.019837,1.905634
981,-1.027635,1.270894,-0.875777,1.332772,0.138222,1.285748,-0.824933,1.350939,0.187380,1.308036,-1.013863,1.366078,0.026992,0.651160,-0.013495,1.300079,1.029053,1.795350,0.093406,1.307811,1.135847,1.806535
982,-0.152003,1.360980,-0.315074,1.466553,-0.121395,1.369276,-0.277035,1.481488,-0.076207,1.454785,-0.111926,1.401669,-0.004159,0.712171,-0.112253,1.231249,-0.007434,1.742523,-0.080467,1.288933,0.025970,1.829177
983,0.518241,1.393709,0.480183,1.268732,-0.014599,1.206797,0.408424,1.293470,-0.082036,1.354988,0.462137,1.330072,-0.079049,0.653030,-0.259391,1.168816,-0.804083,1.714956,-0.281146,1.167014,-0.826201,1.733670
984,-0.115382,1.549737,-0.355727,1.638047,-0.335124,1.656738,-0.365522,1.602178,-0.345748,1.615408,-0.189634,1.573819,0.015568,0.645856,0.786505,1.452741,0.992431,2.025412,0.734405,1.417703,0.940306,2.010740
985,0.440724,1.630235,0.500987,1.593155,0.159325,1.238328,0.428916,1.636660,0.090079,1.381278,0.502096,1.672992,-0.035972,0.714584,0.351231,1.523345,-0.183517,2.133881,0.180665,1.486145,-0.355814,2.142584
986,0.605936,1.135124,0.385584,1.099217,-0.299119,1.229933,0.460374,1.131092,-0.227213,1.303254,0.533071,1.187227,0.004821,0.618827,0.049147,1.195288,-0.482590,1.569878,0.181905,1.205123,-0.347231,1.596519
987,0.271733,1.054032,0.097327,1.183540,-0.195842,1.134687,0.127955,1.126293,-0.165138,1.142113,0.250614,1.103055,-0.001834,0.570565,0.263935,1.069193,0.012790,1.505907,0.250438,1.083950,-0.000762,1.533165
988,-0.273779,1.211860,-0.452101,1.144266,-0.278033,1.194137,-0.410702,1.118997,-0.239738,1.190701,-0.344726,1.192170,0.025813,0.598747,0.149060,1.098176,0.519730,1.536800,0.298553,1.099759,0.669250,1.570207
989,0.315388,1.521089,0.119686,1.248936,-0.221139,1.592530,0.111031,1.284884,-0.227600,1.675816,0.283191,1.408421,-0.010013,0.687159,-0.109212,1.460707,-0.404318,1.883079,-0.055751,1.417747,-0.348652,1.896459
990,0.241550,1.277086,0.199040,1.376992,-0.035722,1.402169,0.283615,1.355269,0.049732,1.429511,0.291455,1.323372,0.043536,0.635156,-0.208917,1.221874,-0.456033,1.659179,-0.162296,1.188007,-0.411502,1.658768
991,0.557894,1.691560,0.599740,1.479098,0.135359,1.680648,0.735496,1.575507,0.268351,1.709442,0.668548,1.701903,0.025488,0.681625,0.017187,1.542697,-0.628773,2.109462,0.130870,1.485137,-0.513402,2.084773
992,0.435553,1.210445,0.335040,1.226138,-0.039178,1.226834,0.210693,1.180516,-0.161742,1.272883,0.339379,1.206494,-0.155088,0.589580,-0.194027,1.214584,-0.690597,1.624486,-0.323242,1.235087,-0.818358,1.680739
993,0.436691,1.485834,0.232262,1.444664,-0.282695,1.743499,0.214020,1.461394,-0.292548,1.699446,0.333307,1.377319,-0.036934,0.638604,0.074392,1.227567,-0.296559,1.740038,0.103787,1.219017,-0.265414,1.747708
994,-1.330155,2.037829,-0.975878,2.211010,0.383404,1.938366,-1.002438,2.126180,0.359366,1.947804,-1.269242,2.041665,0.030018,0.777707,-0.740689,1.755195,0.560356,2.598052,-0.990907,1.772121,0.310042,2.638518
995,0.222638,1.852215,-0.011100,1.893658,-0.302500,2.119748,-0.122021,1.869314,-0.414522,2.111357,0.073686,1.831612,-0.083082,0.727538,-1.127557,1.820316,-1.284496,2.414311,-1.196503,1.785965,-1.353136,2.430869
996,0.288076,1.258539,0.391275,1.176471,0.017911,1.183545,0.531432,1.198993,0.159698,1.266625,0.330634,1.254289,0.120665,0.577219,0.219932,1.101776,0.010919,1.586578,0.296483,1.117798,0.088231,1.617020
997,0.076153,1.776430,0.063606,1.745176,-0.086387,1.384457,0.078225,1.701750,-0.074307,1.404074,0.021566,1.743372,0.016517,0.726344,-0.147958,1.463608,-0.151662,2.091722,-0.214647,1.454365,-0.218570,2.111760
998,-0.130820,1.230326,0.033359,1.144346,0.207205,1.229497,-0.023784,1.175970,0.149493,1.272092,-0.130519,1.231886,-0.041608,0.618029,-0.098549,1.300481,-0.006765,1.713447,-0.082764,1.376806,0.008403,1.809886
999,0.676448,1.897118,0.865791,1.814995,0.341888,1.907787,0.843298,1.818669,0.332351,1.992544,0.817091,1.906571,-0.014191,0.795429,0.466388,1.656524,-0.363245,2.392038,0.592565,1.652791,-0.239190,2.419994
1000,0.436995,1.159612,0.364530,1.024656,-0.096546,1.166066,0.428722,1.090451,-0.028297,1.207470,0.455322,1.150508,0.037999,0.597099,-0.009778,1.117657,-0.429535,1.503034,-0.073355,1.097438,-0.490806,1.506381
1001,0.585249,2.161854,0.845774,2.010077,0.230590,2.019493,0.715023,1.988747,0.092394,2.041091,0.495050,2.125018,-0.056173,0.804959,0.099101,2.010432,-0.451263,2.668808,0.182213,1.943939,-0.368337,2.705711
1002,0.606831,1.375266,0.461645,1.184776,-0.272074,1.483860,0.559215,1.285309,-0.181756,1.590811,0.509133,1.381640,0.028700,0.784228,0.734917,1.434091,0.254460,1.849471,0.780472,1.399941,0.299487,1.859790
1003,0.232261,1.438736,0.289443,1.429414,0.038839,1.367340,0.329260,1.477497,0.079719,1.392175,0.222084,1.478759,0.004470,0.575936,0.127153,1.199534,-0.088420,1.821656,0.056708,1.242858,-0.158368,1.856791
1004,-0.509421,1.242738,-0.365049,1.122423,0.252781,1.211881,-0.349285,1.191214,0.270222,1.286769,-0.389830,1.234408,0.014495,0.574370,-0.337243,1.266315,0.070037,1.641451,-0.211917,1.242062,0.193802,1.648724
1005,-0.570999,1.382953,-0.536402,1.256179,-0.042501,1.330148,-0.540958,1.223157,-0.050158,1.347891,-0.545751,1.336127,0.098942,0.636478,0.343323,1.290154,0.987663,1.724609,0.342513,1.253547,0.990049,1.738041
1006,0.299067,2.010483,0.064674,1.793137,-0.192225,2.074762,-0.066068,1.801465,-0.307354,2.175553,0.202351,1.963028,-0.148665,0.768204,-0.650174,1.664356,-1.003378,2.360675,-0.766347,1.588600,-1.118427,2.339625
1007,0.138965,1.250584,0.214575,1.225888,0.061038,1.220248,0.178193,1.198194,0.019124,1.250800,0.143813,1.281177,0.023645,0.611053,0.348266,1.260375,0.226889,1.729904,0.194065,1.244450,0.073380,1.734653
1008,0.088714,1.167199,0.122419,1.118918,0.023118,1.009746,0.128709,1.161650,0.027771,1.098348,0.073427,1.176473,-0.003217,0.524866,0.067417,1.076317,-0.008726,1.542209,0.142359,1.096583,0.064585,1.565076
1009,0.218117,1.340236,0.287154,1.316739,0.123084,1.576894,0.383290,1.395538,0.224957,1.664305,0.324944,1.422292,0.051010,0.792253,0.558475,1.430147,0.283565,1.890072,0.685003,1.464089,0.411115,1.925696
1010,-0.278323,1.405048,-0.500000,1.387179,-0.333305,1.255144,-0.422276,1.401402,-0.258347,1.294898,-0.375000,1.365448,0.012416,0.633179,0.699319,1.399808,1.084337,1.893737,0.623403,1.409495,1.009208,1.907018
1011,0.170971,1.300863,0.041773,1.262415,-0.228902,1.219521,-0.004468,1.258766,-0.266146,1.276448,0.015589,1.267520,-0.067760,0.654095,0.246046,1.488054,0.159921,1.937725,0.206945,1.449482,0.122753,1.927798
1012,0.760160,1.237304,0.582124,1.310363,-0.231460,1.395134,0.692089,1.266339,-0.121396,1.336651,0.765025,1.234748,0.055454,0.644812,0.649718,1.313895,-0.058369,1.733474,0.661754,1.258226,-0.048331,1.709585
1013,-0.538908,1.256837,-0.502418,1.241827,0.070847,1.357441,-0.615262,1.259495,-0.037849,1.395943,-0.550697,1.261834,-0.046941,0.669307,-0.312440,1.312615,0.190316,1.773153,-0.317793,1.299097,0.184890,1.790023
1014,-0.103897,1.182931,-0.175213,1.073828,-0.142568,1.207151,-0.141850,1.121690,-0.107883,1.272032,-0.124725,1.243600,0.044088,0.545371,0.360048,1.222117,0.532972,1.628428,0.382645,1.224158,0.553071,1.634884
1015,-0.100477,0.996798,-0.152845,1.031169,-0.066954,1.164328,-0.149919,1.059175,-0.061390,1.228315,-0.072917,1.023556,0.037952,0.601989,0.121439,1.132742,0.233850,1.495381,0.232192,1.159912,0.344736,1.515192
1016,0.314779,1.673286,0.230904,1.560318,0.011751,1.585340,0.292814,1.578091,0.081206,1.658603,0.394161,1.713346,-0.015711,0.794127,-0.368987,1.544465,-0.781698,2.152303,-0.263083,1.529246,-0.675012,2.185540
1017,0.367328,1.123810,0.388786,1.097450,0.016897,1.363928,0.281291,1.072856,-0.094584,1.399516,0.324229,1.085901,-0.034775,0.565441,-0.524771,1.114351,-0.886591,1.511323,-0.611498,1.144065,-0.971222,1.556905
1018,0.359229,1.053366,0.301036,1.069005,-0.113569,1.090119,0.348710,1.054295,-0.064898,1.099726,0.361129,1.058113,0.054634,0.576183,0.907926,1.138534,0.600101,1.506925,1.018039,1.106643,0.709904,1.495772
1019,0.227126,1.529399,0.153487,1.485396,-0.178198,1.340524,0.181402,1.538513,-0.152548,1.410235,0.141702,1.594244,0.015875,0.630509,0.288221,1.246760,0.160970,1.855970,0.366974,1.262195,0.240503,1.885483
1020,0.088708,1.440336,0.020653,1.332487,-0.093459,1.365384,0.072198,1.348670,-0.041613,1.403049,0.109015,1.446571,0.043371,0.609748,-0.042953,1.261671,-0.106463,1.785464,0.060886,1.273415,-0.003912,1.833373
1021,0.450597,1.073374,0.522524,1.165612,0.042940,1.160158,0.497507,1.196343,0.008979,1.262466,0.437683,1.174637,0.021250,0.603853,0.488925,1.184550,0.073928,1.512920,0.581004,1.182072,0.165420,1.537577
1022,1.135849,1.183027,0.924029,1.132114,-0.258205,1.408234,0.885172,1.148565,-0.289042,1.404926,1.026756,1.120259,-0.071147,0.641447,0.669873,1.146057,-0.431575,1.592111,0.685600,1.182710,-0.413070,1.623081
1023,0.338133,1.009890,0.317431,1.047087,-0.090875,1.001391,0.382005,1.081352,-0.028817,1.021409,0.319463,1.043222,0.048753,0.533767,0.304497,1.067532,0.035659,1.432975,0.355828,1.064434,0.086432,1.444417
