dimension,ori_mean,ori_std,mod_mean_Human_Plagiarism_(Base),mod_std_Human_Plagiarism_(Base),shift_mean_Human_Plagiarism_(Base),shift_std_Human_Plagiarism_(Base),mod_mean_Human_Plagiarism_+_DSP,mod_std_Human_Plagiarism_+_DSP,shift_mean_Human_Plagiarism_+_DSP,shift_std_Human_Plagiarism_+_DSP,mod_mean_Original_+_DSP,mod_std_Original_+_DSP,shift_mean_Original_+_DSP,shift_std_Original_+_DSP,mod_mean_AI_Generation_(Base),mod_std_AI_Generation_(Base),shift_mean_AI_Generation_(Base),shift_std_AI_Generation_(Base),mod_mean_AI_+_DSP,mod_std_AI_+_DSP,shift_mean_AI_+_DSP,shift_std_AI_+_DSP
0,-0.160081,0.702235,-0.163101,0.785801,-0.005267,1.021603,-0.174410,0.782788,-0.016575,1.001168,-0.168923,0.731158,-0.006453,0.812485,-0.121461,0.665741,0.041009,0.948820,-0.088404,0.692841,0.074066,0.984667
1,0.000425,0.880505,0.095076,0.927586,0.141006,1.143521,0.017779,0.911207,0.063709,1.137120,-0.027277,0.878737,-0.076812,0.919522,-0.245581,0.853993,-0.295116,1.150413,-0.218294,0.825161,-0.267829,1.171945
2,-0.058457,1.001376,0.163348,0.927482,0.239684,1.228151,-0.026630,0.870106,0.049706,1.215864,-0.167235,0.897769,-0.127721,0.949984,-0.064243,0.811836,-0.024730,1.197371,-0.104704,0.782839,-0.065190,1.218784
3,-0.411871,0.829550,-0.280133,0.756427,0.106127,1.008363,-0.333231,0.699769,0.053029,1.009076,-0.494397,0.737229,-0.055407,0.780892,-0.391267,0.676516,0.047723,0.958506,-0.418471,0.627903,0.020519,0.974288
4,-0.474251,0.782740,-0.346279,0.831390,0.160743,1.120481,-0.420430,0.795038,0.086592,1.095902,-0.460703,0.781680,-0.021187,0.902222,-0.519048,0.750918,-0.079532,1.054874,-0.560108,0.737398,-0.120591,1.066655
5,-0.024551,0.683931,0.032734,0.710225,0.069813,1.005775,0.056208,0.720500,0.093287,1.011399,0.012239,0.707538,0.023517,0.813778,-0.001342,0.707352,0.009935,0.963482,-0.075596,0.688405,-0.064318,0.961746
6,-0.193783,0.727000,-0.220439,0.778909,-0.048456,0.994164,-0.197472,0.791839,-0.025488,1.023395,-0.179395,0.732196,0.037505,0.751938,-0.122376,0.693017,0.094523,0.953895,-0.054915,0.672578,0.161985,0.962685
7,0.397508,0.798820,0.431851,0.807744,0.005535,1.032167,0.403841,0.780034,-0.022475,1.032610,0.339494,0.789605,-0.027515,0.857484,0.436301,0.725993,0.069292,1.013160,0.472650,0.718884,0.105641,1.044481
8,-0.564304,1.043178,-0.891649,0.905936,-0.443557,1.417322,-0.773842,0.917485,-0.325750,1.397754,-0.551706,0.998251,0.135720,0.973123,-0.825161,0.872170,-0.137736,1.216276,-0.866353,0.852693,-0.178927,1.265007
9,0.065228,0.785170,0.078714,0.712566,0.001324,1.084062,0.160388,0.703297,0.082997,1.080826,0.145012,0.708581,0.092667,0.822033,0.286208,0.725396,0.233862,0.978539,0.382553,0.703573,0.330208,0.994564
10,-0.096837,1.055722,0.394204,1.158640,0.673464,1.596722,0.210273,1.180459,0.489534,1.578686,-0.040360,1.160273,-0.136789,0.945688,-0.226337,0.876221,-0.322765,1.279371,-0.356609,0.801016,-0.453038,1.335532
11,-0.458027,0.853286,-0.601482,0.938206,-0.223946,1.191383,-0.533825,0.883565,-0.156289,1.175314,-0.485842,0.833155,0.057478,0.909172,-0.240190,0.850194,0.303130,1.145837,-0.296462,0.802914,0.246859,1.149487
12,-0.346526,0.885100,-0.629737,0.867814,-0.387830,1.285440,-0.556381,0.868373,-0.314475,1.271090,-0.408948,0.860203,0.048433,0.846405,-0.184847,0.779692,0.272534,1.097839,-0.146740,0.745592,0.310641,1.114652
13,-0.196563,0.789613,-0.424761,0.641876,-0.275812,1.040970,-0.370280,0.680400,-0.221331,1.065050,-0.250829,0.762372,-0.003855,0.774516,-0.262508,0.686675,-0.015534,0.959171,-0.242972,0.665081,0.004002,0.977825
14,0.269617,0.829632,0.623563,0.766305,0.509544,1.120921,0.570087,0.852282,0.456068,1.163791,0.378337,0.881078,-0.056109,0.802540,0.254771,0.766433,-0.179675,1.060747,0.194243,0.787809,-0.240203,1.113462
15,-0.487826,0.781610,-0.627149,0.832414,-0.169027,1.083379,-0.555739,0.781685,-0.097617,1.060843,-0.490127,0.756791,0.029133,0.822740,-0.499980,0.720501,0.019280,0.999000,-0.460091,0.702044,0.059169,1.029397
16,0.390439,0.676892,0.384427,0.698630,-0.003789,0.930890,0.406213,0.719408,0.017998,0.959153,0.410309,0.696688,0.017479,0.769785,0.549210,0.708767,0.156380,0.961944,0.558395,0.720872,0.165565,0.981178
17,-0.028185,0.713590,0.022028,0.669750,0.050337,0.991453,0.109313,0.708073,0.137623,1.028896,0.072966,0.708276,0.101022,0.796371,0.037347,0.691380,0.065403,0.945918,0.096955,0.664313,0.125012,0.956102
18,0.240209,0.840906,0.345782,0.820698,0.158190,1.195919,0.300921,0.894942,0.113328,1.209611,0.202498,0.864212,-0.093479,0.911274,0.238091,0.867995,-0.057886,1.150728,0.116014,0.904941,-0.179963,1.196850
19,0.324090,0.837881,0.022267,0.761764,-0.395076,1.132284,0.173411,0.784167,-0.243932,1.138967,0.299395,0.807093,0.074120,0.902792,0.412325,0.805143,0.187050,1.102246,0.370004,0.783973,0.144729,1.115551
20,-0.374658,0.864460,-0.617251,0.809065,-0.314878,1.193198,-0.581554,0.837587,-0.279181,1.213140,-0.438762,0.850222,0.012487,0.899611,-0.392749,0.775577,0.058500,1.084715,-0.321510,0.743832,0.129739,1.096714
21,-0.209694,0.833233,-0.100420,0.790742,0.136936,1.093746,-0.101070,0.817357,0.136286,1.136246,-0.162863,0.815561,0.017534,0.879180,-0.257099,0.809552,-0.076702,1.102024,-0.245374,0.849889,-0.064978,1.152251
22,0.061629,0.749969,0.315516,0.650133,0.327160,1.054276,0.209917,0.693312,0.221561,1.065409,0.070141,0.764796,-0.069117,0.783012,0.225827,0.740252,0.086569,0.976389,0.214816,0.722975,0.075559,1.002904
23,0.180573,0.888552,0.227430,0.892610,0.045521,1.256256,0.208270,0.848442,0.026361,1.225886,0.183084,0.819720,0.003928,0.920937,0.252904,0.781323,0.073747,1.106801,0.161194,0.745567,-0.017963,1.096586
24,0.062300,0.832234,0.203125,0.773275,0.194876,1.089781,0.226924,0.787748,0.218675,1.112496,0.169755,0.815733,0.050204,0.911285,0.427260,0.847412,0.307710,1.113018,0.504794,0.812466,0.385244,1.121687
25,-0.038291,0.787104,-0.009785,0.787829,0.001893,1.003265,-0.000356,0.718096,0.011322,1.017141,-0.076190,0.732514,-0.009704,0.824653,-0.026731,0.705962,0.039754,1.016690,-0.101062,0.704005,-0.034576,1.037341
26,0.533705,0.892068,0.948506,0.810676,0.557336,1.245512,0.875057,0.813733,0.483887,1.215998,0.643348,0.873194,-0.041308,0.826711,0.512321,0.725957,-0.172334,1.078384,0.520154,0.683364,-0.164501,1.079067
27,0.211511,0.889516,-0.174041,0.799115,-0.500578,1.178227,-0.135349,0.767195,-0.461886,1.164133,0.105928,0.833928,0.016289,0.814210,0.101688,0.706697,0.012049,1.045006,0.131732,0.651485,0.042093,1.067632
28,0.470028,0.981517,0.883371,0.956140,0.544817,1.342893,0.819996,0.914540,0.481442,1.293172,0.561542,0.962651,-0.047814,0.873054,0.433634,0.756172,-0.175722,1.157703,0.387950,0.706037,-0.221406,1.179916
29,0.294638,0.773467,0.657463,0.719084,0.484945,1.038055,0.488945,0.800250,0.316427,1.106316,0.312149,0.796054,-0.111886,0.870209,0.123072,0.792082,-0.300964,1.063315,0.076498,0.790808,-0.347538,1.082993
30,0.190710,0.823000,0.211120,0.800667,-0.002885,1.031489,0.170943,0.751504,-0.043062,1.029204,0.142232,0.782376,-0.023802,0.863857,0.357729,0.750849,0.191695,1.066550,0.345592,0.751077,0.179558,1.079360
31,0.118996,0.785249,0.053726,0.728620,-0.087978,1.069948,0.085477,0.762417,-0.056227,1.088667,0.128717,0.759472,0.033778,0.869202,0.177217,0.737841,0.082277,1.011730,0.107754,0.701702,0.012815,1.025251
32,-0.177509,0.751472,-0.089384,0.739751,0.126635,1.053213,-0.156101,0.763974,0.059918,1.079360,-0.225442,0.753184,-0.088722,0.830847,-0.269124,0.745895,-0.132404,1.016713,-0.387232,0.698087,-0.250512,0.996921
33,-0.029201,0.726749,0.045538,0.666419,0.101273,0.951241,0.016100,0.752226,0.071835,1.019225,-0.048086,0.736767,-0.046991,0.804565,-0.131662,0.717953,-0.130566,0.983547,-0.177418,0.721660,-0.176323,0.995103
34,0.432060,1.005915,-0.001170,0.928039,-0.579927,1.418024,0.152038,0.994215,-0.426719,1.441394,0.337051,1.015192,0.060409,1.011505,0.434728,0.965319,0.158087,1.303284,0.427890,0.901505,0.151248,1.312871
35,-0.221379,0.879588,-0.215948,0.871837,-0.004458,1.262398,-0.199502,0.890721,0.011987,1.251270,-0.190592,0.898647,0.041269,0.980683,-0.242827,0.865372,-0.010966,1.191187,-0.334342,0.870875,-0.102481,1.217641
36,-0.041174,0.948179,0.202710,0.762375,0.278067,1.190581,0.095055,0.734058,0.170412,1.190193,-0.053510,0.880028,-0.048548,0.880703,0.047495,0.722930,0.052457,1.063811,0.071107,0.636070,0.076069,1.060202
37,-0.124333,0.906501,0.123527,0.872661,0.357122,1.159744,0.086617,0.883353,0.320213,1.194214,-0.018330,0.868562,-0.009754,0.888383,-0.084163,0.844424,-0.075587,1.135976,0.020664,0.786049,0.029240,1.146087
38,-0.075275,0.807112,-0.239893,0.834526,-0.243878,1.072014,-0.085751,0.778309,-0.089735,1.054493,-0.059145,0.766153,0.100095,0.832238,0.175751,0.699921,0.334991,1.007709,0.279713,0.677833,0.438954,1.014552
39,-0.161476,0.837254,0.055172,0.767715,0.332473,1.058464,0.036893,0.801838,0.314193,1.109523,-0.076506,0.804916,-0.037737,0.804547,-0.450875,0.677601,-0.412106,0.988452,-0.489353,0.638769,-0.450585,1.002083
40,0.113234,0.751405,0.361785,0.743151,0.292708,0.979381,0.282027,0.733782,0.212950,1.005535,0.092292,0.770627,-0.067742,0.818276,0.238060,0.877328,0.078026,1.107629,0.294192,0.905362,0.134158,1.156050
41,0.371913,1.037289,0.895896,0.880655,0.729231,1.366965,0.702184,0.905225,0.535518,1.384032,0.479224,0.938163,-0.110099,0.876610,0.398902,0.803684,-0.190421,1.199670,0.318003,0.737000,-0.271320,1.208260
42,0.232234,0.713222,0.306413,0.695725,0.092188,0.950491,0.278965,0.755125,0.064739,0.997892,0.242778,0.750480,-0.008514,0.778579,0.331623,0.740829,0.080331,0.970542,0.362432,0.745540,0.111140,0.999478
43,0.034407,0.809220,0.050687,0.887116,-0.014101,1.159335,0.045167,0.832877,-0.019621,1.126377,0.013908,0.803757,0.011688,0.844114,0.321144,0.749374,0.318924,1.012601,0.296454,0.732011,0.294235,1.053268
44,0.090425,0.813320,0.120570,0.716618,0.040603,1.129933,0.122885,0.779314,0.042918,1.160350,0.108430,0.770057,0.006933,0.787077,-0.184874,0.721426,-0.286371,0.975369,-0.274756,0.733916,-0.376253,1.010250
45,-0.177866,0.896243,-0.067969,0.800573,0.178176,1.154130,-0.133646,0.801458,0.112499,1.174413,-0.155854,0.818662,-0.050315,0.861004,-0.307876,0.747365,-0.202338,1.094737,-0.438942,0.700054,-0.333404,1.069464
46,-0.509570,0.689857,-0.389640,0.672007,0.168105,0.946923,-0.535872,0.706202,0.021873,0.968418,-0.566362,0.677895,-0.107867,0.769496,-0.624493,0.652393,-0.165998,0.919423,-0.697363,0.679447,-0.238869,0.950957
47,-0.524474,0.886742,-0.733423,0.845399,-0.289302,1.196782,-0.685417,0.847576,-0.241297,1.195327,-0.592245,0.840382,0.017404,0.896116,-0.734977,0.830415,-0.125327,1.161883,-0.734105,0.809210,-0.124456,1.157818
48,-0.483755,0.712143,-0.494821,0.695595,-0.000225,0.984806,-0.530505,0.728377,-0.035908,0.993870,-0.498102,0.685247,-0.025777,0.792452,-0.627424,0.715921,-0.155099,0.966588,-0.630054,0.681112,-0.157729,0.948884
49,0.162666,0.689322,0.216835,0.630410,0.069775,0.932371,0.077537,0.624142,-0.069523,0.933883,0.074652,0.634770,-0.104543,0.744079,0.120191,0.623699,-0.059003,0.875489,0.104224,0.614672,-0.074970,0.885044
50,-0.222874,0.772424,-0.202789,0.922901,0.020245,1.177716,-0.175887,0.830020,0.047147,1.096002,-0.251192,0.785143,-0.028503,0.879956,-0.513163,0.779752,-0.290475,1.067094,-0.522356,0.786879,-0.299668,1.094963
51,0.242442,0.894107,-0.040722,0.820361,-0.399097,1.185287,0.015702,0.907687,-0.342673,1.250511,0.153753,0.897808,0.034135,0.880288,0.342351,0.842358,0.222733,1.135412,0.279335,0.766092,0.159718,1.123633
52,0.351526,0.855001,0.616018,0.851431,0.336072,1.185377,0.613023,0.809412,0.333077,1.159962,0.444012,0.825976,0.016648,0.850827,0.290282,0.700638,-0.137082,1.027152,0.292028,0.669040,-0.135335,1.054895
53,0.531357,0.897985,0.157153,0.831346,-0.506901,1.277561,0.234209,0.840131,-0.429845,1.250249,0.432373,0.895368,0.041570,0.828683,0.449416,0.706074,0.058613,1.053837,0.476634,0.663747,0.085831,1.081671
54,-0.852798,0.805941,-0.533252,0.829580,0.444697,1.047626,-0.592123,0.785664,0.385826,1.050128,-0.744287,0.757300,-0.023956,0.829181,-0.759060,0.717520,-0.038729,1.021553,-0.686146,0.698614,0.034185,1.028830
55,-0.418216,0.831029,-0.379512,0.687776,0.016016,1.027735,-0.445022,0.728307,-0.049494,1.071747,-0.477415,0.777404,-0.035166,0.825079,-0.289578,0.784588,0.152671,1.031896,-0.325485,0.773497,0.116764,1.073548
56,-0.192963,0.771111,-0.233759,0.795890,-0.076815,1.035839,-0.203815,0.842295,-0.046871,1.080147,-0.221232,0.799856,0.009907,0.877875,-0.033127,0.841235,0.198012,1.141703,-0.005839,0.897785,0.225300,1.178161
57,-0.322684,0.834671,-0.416575,0.734961,-0.109266,1.147755,-0.403475,0.812986,-0.096165,1.210003,-0.347098,0.810163,-0.008102,0.850183,-0.202738,0.758140,0.136258,1.034762,-0.123796,0.717119,0.215200,1.042020
58,0.488035,0.939349,0.412168,1.017210,-0.196693,1.190438,0.450881,0.986234,-0.157980,1.158574,0.404444,0.935764,0.044403,0.871221,0.821451,0.872164,0.461410,1.176459,0.848934,0.810086,0.488892,1.175550
59,-0.056428,0.778537,0.060493,0.761772,0.172312,1.063245,0.042120,0.756678,0.153939,1.081282,-0.078102,0.746916,-0.080358,0.799865,-0.274015,0.628340,-0.276271,0.931331,-0.427568,0.634189,-0.429824,0.977937
60,-0.055358,0.852990,-0.360606,0.800969,-0.404147,1.179168,-0.225512,0.844489,-0.269053,1.218017,-0.028542,0.852178,0.131596,0.872762,0.011347,0.734803,0.171485,1.069604,0.096721,0.758745,0.256859,1.106095
61,-0.050078,0.827291,-0.007917,0.788528,0.115067,1.037062,0.041754,0.847383,0.164738,1.107271,0.044576,0.856540,0.017414,0.868613,0.041727,0.770217,0.014564,1.051908,0.125982,0.751757,0.098820,1.063886
62,-0.174766,0.703146,-0.061010,0.725304,0.142363,0.984536,-0.049339,0.700157,0.154033,0.982257,-0.097147,0.684158,0.047338,0.750576,-0.219839,0.707077,-0.075353,0.955791,-0.210980,0.700716,-0.066495,0.967391
63,0.487905,0.757284,0.592082,0.769930,0.112129,1.048738,0.545641,0.737691,0.065688,1.032446,0.510472,0.726580,0.014174,0.812795,0.538575,0.681346,0.042277,0.974789,0.514753,0.673214,0.018455,0.993477
64,0.525666,0.789100,0.712747,0.809445,0.248714,1.147906,0.733941,0.825172,0.269908,1.135466,0.595519,0.816074,0.004581,0.886204,0.467027,0.842401,-0.123911,1.097776,0.523607,0.807839,-0.067331,1.107513
65,0.618483,0.695808,0.669698,0.655287,0.053249,0.956279,0.576737,0.635380,-0.039712,0.961144,0.563827,0.660444,-0.056718,0.765848,0.664024,0.663733,0.043479,0.921827,0.563149,0.661073,-0.057396,0.940090
66,-0.199469,0.809679,-0.277736,0.818470,-0.123026,1.178443,-0.261589,0.816091,-0.106879,1.165662,-0.189683,0.788759,0.057217,0.803034,0.078554,0.742471,0.325454,1.030170,0.183351,0.743069,0.430251,1.064747
67,0.433096,0.803234,0.608874,0.738872,0.186788,1.049166,0.493550,0.749685,0.071464,1.063839,0.405614,0.797498,-0.039127,0.823328,0.434338,0.735982,-0.010403,1.029942,0.377855,0.713847,-0.066886,1.034626
68,0.325543,0.864149,0.390703,0.859984,0.102770,1.130943,0.376961,0.824339,0.089029,1.135766,0.363797,0.836288,-0.001606,0.869495,0.293240,0.770704,-0.072163,1.087101,0.364466,0.782772,-0.000936,1.145045
69,-0.258546,0.790976,-0.347819,0.645457,-0.093299,1.016350,-0.370006,0.675857,-0.115486,1.034020,-0.277013,0.753328,-0.014168,0.772562,-0.230841,0.690901,0.032003,0.987119,-0.297426,0.671660,-0.034582,0.985192
70,0.174006,0.764494,0.384972,0.807545,0.282123,1.064883,0.242414,0.762215,0.139564,1.048178,0.165983,0.752417,-0.083423,0.854634,0.181854,0.737703,-0.067552,1.022653,0.163574,0.709634,-0.085832,1.038952
71,0.118714,0.780235,0.164226,0.810606,0.060337,1.088923,0.122378,0.766416,0.018489,1.057941,0.053797,0.751584,-0.080616,0.838389,0.002183,0.696656,-0.132230,0.999919,-0.059076,0.703681,-0.193489,1.037988
72,-0.036097,0.759066,0.090675,0.775501,0.196092,1.095467,-0.050838,0.793526,0.054579,1.096558,-0.078089,0.777631,-0.115435,0.783322,-0.213045,0.706863,-0.250391,1.002924,-0.314821,0.702953,-0.352167,1.009397
73,0.052592,0.695865,-0.014750,0.772813,-0.069896,0.989898,0.028635,0.728838,-0.026510,0.970172,0.078347,0.696426,0.028452,0.760855,0.050834,0.675838,0.000939,0.933551,0.080044,0.647312,0.030149,0.934291
74,0.019756,0.815577,0.009526,0.931021,-0.057583,1.187441,-0.028292,0.854540,-0.095401,1.131882,-0.046566,0.788926,-0.016156,0.860403,0.100276,0.755244,0.130686,1.066571,0.100385,0.731746,0.130796,1.079538
75,0.074178,0.881633,-0.046419,0.872108,-0.207828,1.200149,0.012971,0.877633,-0.148438,1.198724,0.040421,0.853271,0.058667,0.817751,0.231202,0.753681,0.249448,1.046606,0.286590,0.726026,0.304836,1.075973
76,0.294942,1.001781,0.691742,1.072622,0.553779,1.325979,0.594499,1.060384,0.456537,1.333016,0.392442,1.038825,-0.068820,0.985008,0.472617,0.971617,0.011356,1.319053,0.382477,0.937525,-0.078785,1.350802
77,0.133756,0.667728,0.167677,0.624158,0.051327,0.915159,0.092132,0.637289,-0.024218,0.915663,0.094702,0.658185,-0.057486,0.744224,-0.019106,0.643572,-0.171294,0.895517,-0.094308,0.619732,-0.246496,0.890850
78,0.450223,0.720603,0.462594,0.787902,0.003248,1.026686,0.542242,0.741037,0.082895,1.009308,0.556250,0.738547,0.115664,0.857470,0.636206,0.697347,0.195621,0.982408,0.763002,0.671300,0.322417,0.990631
79,-0.205740,0.863677,0.035139,0.936498,0.364964,1.261078,-0.087355,0.915653,0.242470,1.215239,-0.125891,0.857387,-0.051594,0.887267,-0.216693,0.744109,-0.142396,1.077071,-0.213452,0.728974,-0.139155,1.123896
80,0.499949,0.796577,0.598588,0.909244,0.165631,1.161524,0.520837,0.882513,0.087880,1.174524,0.490656,0.828777,-0.080334,0.837745,0.476499,0.753435,-0.094492,1.029929,0.351919,0.755680,-0.219072,1.062426
81,0.148482,0.792576,0.029439,0.787479,-0.153091,1.111790,0.009700,0.775723,-0.172830,1.088713,0.065727,0.767539,-0.046691,0.840557,0.360837,0.713295,0.248419,1.035530,0.403798,0.714951,0.291380,1.039639
82,0.316683,0.939159,0.200427,0.846915,-0.114279,1.158452,0.194601,0.860168,-0.120105,1.152561,0.308652,0.905296,-0.010176,0.895237,0.069535,0.800708,-0.249293,1.106459,0.128516,0.724942,-0.190312,1.122157
83,0.175970,0.762912,0.336861,0.748903,0.208545,1.074949,0.336196,0.691616,0.207881,1.033010,0.252197,0.726104,0.025761,0.797659,0.238844,0.628511,0.012408,0.956648,0.289750,0.623294,0.063314,0.968432
84,-0.050574,0.944969,0.380275,0.842653,0.524380,1.304033,0.282739,0.865372,0.426844,1.314723,-0.000185,0.954898,-0.048702,0.897767,-0.104360,0.879225,-0.152877,1.188504,-0.064782,0.866005,-0.113299,1.243512
85,0.160661,1.168232,0.574571,0.923580,0.528076,1.566969,0.573926,0.969637,0.527431,1.619017,0.295527,1.126254,0.013943,0.974112,0.102992,0.897438,-0.178592,1.300333,-0.009335,0.854712,-0.290919,1.356672
86,-0.453729,0.788036,-0.591577,0.793125,-0.147571,1.111036,-0.551702,0.803384,-0.107696,1.103830,-0.456578,0.785587,0.007423,0.835484,-0.618833,0.722592,-0.154832,1.007098,-0.660608,0.669161,-0.196607,1.008916
87,0.123262,0.731299,0.178660,0.711407,0.065474,1.014990,0.126077,0.692537,0.012891,0.994143,0.116918,0.707908,-0.017042,0.793548,0.162316,0.634558,0.028356,0.931573,0.169719,0.641030,0.035759,0.950131
88,0.225930,0.787671,0.121487,0.900509,-0.160525,1.156991,0.319060,0.815659,0.037048,1.082325,0.278615,0.781796,0.112095,0.886816,0.543570,0.761728,0.377050,1.092464,0.566695,0.734534,0.400176,1.101007
89,-0.112574,0.971310,-0.554311,1.090577,-0.670908,1.215616,-0.375627,1.043403,-0.492224,1.190767,-0.250511,0.990174,0.104855,0.865061,0.092083,0.787531,0.447450,1.163391,0.149692,0.725768,0.505058,1.208401
90,-0.221389,0.781662,-0.519370,0.721169,-0.395837,0.993702,-0.516091,0.787206,-0.392558,1.059573,-0.351381,0.818580,-0.026311,0.822234,-0.429050,0.758195,-0.103980,1.032088,-0.544431,0.742996,-0.219361,1.033384
91,-0.321747,0.815423,-0.253941,0.780578,0.074831,1.071005,-0.271800,0.739366,0.056972,1.051932,-0.340671,0.796911,-0.026323,0.855250,-0.157220,0.801038,0.157127,1.071521,-0.139711,0.768133,0.174636,1.087956
92,0.258865,0.735913,0.358686,0.742623,0.137041,1.030125,0.303530,0.734099,0.081885,1.043075,0.227373,0.738680,-0.070942,0.809261,0.190250,0.669177,-0.108065,0.963553,0.202686,0.682789,-0.095629,0.990312
93,0.137164,0.801650,0.397450,0.785949,0.353222,1.126471,0.340567,0.750656,0.296339,1.083099,0.226635,0.787197,-0.008981,0.807607,0.130425,0.697881,-0.105192,1.003961,0.115614,0.685163,-0.120002,1.036850
94,-0.033975,1.011283,0.189345,1.140004,0.391525,1.304421,0.173024,1.059872,0.375205,1.277054,0.136997,0.994244,-0.007237,0.896739,-0.051583,0.887660,-0.195817,1.219480,0.057077,0.833926,-0.087157,1.246093
95,0.707789,0.790602,0.640148,0.882676,-0.117798,1.082196,0.634766,0.840559,-0.123180,1.038327,0.640914,0.804527,-0.013838,0.865590,0.729278,0.785320,0.074526,1.059594,0.715593,0.808379,0.060841,1.112485
96,0.252431,0.922577,0.433759,0.901379,0.255458,1.325546,0.465785,0.819432,0.287484,1.225501,0.363476,0.866313,0.032497,0.893854,0.533686,0.772166,0.202707,1.142023,0.625877,0.811846,0.294898,1.203295
97,0.035343,0.832573,-0.178614,0.663964,-0.247264,1.025736,-0.057038,0.726204,-0.125688,1.078100,0.084348,0.749121,0.084293,0.803888,-0.037738,0.708260,-0.037793,0.969606,0.042477,0.665609,0.042422,0.989324
98,-0.110529,0.855922,-0.303000,0.871171,-0.310330,1.105186,-0.256290,0.824964,-0.263620,1.095613,-0.229192,0.811563,0.006208,0.827126,-0.048307,0.713180,0.187093,1.037322,-0.080999,0.664902,0.154401,1.062596
99,0.932269,0.947753,0.850073,0.875289,-0.083885,1.275018,0.882519,0.845748,-0.051439,1.287521,0.893797,0.881302,-0.036653,0.965528,0.879769,0.866380,-0.050680,1.189451,0.801721,0.869117,-0.128729,1.224597
100,-0.255712,0.782989,-0.406404,0.957534,-0.213392,1.144678,-0.399932,0.835126,-0.206921,1.061448,-0.283721,0.802726,0.038395,0.799673,-0.216996,0.687121,0.105121,0.995104,-0.078393,0.685953,0.243723,1.039023
101,0.233162,0.813349,0.314599,0.825267,0.109879,1.197048,0.352613,0.785871,0.147893,1.174519,0.275904,0.785009,0.012591,0.847351,0.207025,0.729414,-0.056288,1.053334,0.112975,0.732928,-0.150338,1.077126
102,0.025648,0.754694,0.122079,0.712039,0.126023,1.039161,0.010166,0.700296,0.014110,1.039197,-0.067798,0.729689,-0.124801,0.816499,-0.119701,0.725006,-0.176704,0.997058,-0.234029,0.691484,-0.291032,0.990806
103,-0.537307,0.882471,-0.476353,0.779580,0.041702,1.097749,-0.392195,0.789292,0.125859,1.119216,-0.492742,0.842690,0.065014,0.885396,-0.336776,0.804327,0.220980,1.118794,-0.333270,0.794241,0.224486,1.123866
104,0.317507,1.146205,0.888937,1.069106,0.772531,1.568837,0.835734,1.063126,0.719328,1.569059,0.531322,1.114833,0.000746,0.946964,0.574354,0.860593,0.043778,1.334476,0.525340,0.807333,-0.005235,1.366316
105,-0.385316,0.763048,-0.337051,0.726065,0.094661,1.032404,-0.304280,0.761541,0.127432,1.061815,-0.320228,0.757774,0.015934,0.850809,-0.207646,0.782063,0.128515,1.058177,-0.043649,0.795068,0.292512,1.082938
106,0.232931,0.917511,0.707591,0.785388,0.626193,1.161614,0.673501,0.815877,0.592103,1.178071,0.424936,0.885072,0.031494,0.918628,0.409302,0.861053,0.015860,1.166888,0.473532,0.852198,0.080090,1.217407
107,0.056172,0.933716,-0.287779,0.985008,-0.489116,1.227282,-0.260354,0.911327,-0.461691,1.184039,-0.112324,0.930382,-0.014700,0.945626,-0.072166,0.831105,0.025458,1.169257,-0.209061,0.847835,-0.111438,1.228364
108,-1.047875,0.886337,-0.865864,0.943370,0.259483,1.179051,-0.924160,0.859973,0.201187,1.169177,-0.988141,0.831455,-0.022402,0.922641,-1.165908,0.809225,-0.200169,1.135822,-1.190491,0.817880,-0.224752,1.184513
109,-0.116798,0.879119,-0.011901,0.828992,0.115358,1.136135,-0.073298,0.773328,0.053961,1.136266,-0.176734,0.810711,-0.071019,0.899314,0.051469,0.829841,0.157184,1.144313,0.075746,0.863405,0.181460,1.180331
110,0.075813,0.791994,0.066072,0.719103,-0.019175,1.060418,0.087919,0.715033,0.002671,1.076554,0.065230,0.746412,-0.000595,0.810499,0.233296,0.758501,0.167470,1.020572,0.224170,0.764828,0.158344,1.059990
111,0.403055,0.808856,0.321103,0.802847,-0.170269,1.007631,0.306168,0.769731,-0.185204,1.032086,0.298942,0.749308,-0.010531,0.741833,0.511624,0.720484,0.202151,0.977765,0.413775,0.677553,0.104302,0.990651
112,-0.218004,0.917109,-0.138777,0.947061,0.110865,1.243634,-0.134842,0.862489,0.114799,1.183087,-0.185439,0.877823,-0.000923,0.919140,-0.057658,0.946151,0.126858,1.268639,-0.007202,0.900537,0.177315,1.262223
113,0.201733,1.023224,-0.041421,0.788720,-0.284629,1.257716,-0.070264,0.831187,-0.313472,1.267836,0.106157,0.947163,-0.051632,0.925539,-0.008305,0.808919,-0.166094,1.161974,0.004026,0.739779,-0.153763,1.157998
114,0.357647,0.780627,0.315520,0.852565,-0.030372,1.075814,0.266783,0.828637,-0.079108,1.073173,0.291604,0.814396,-0.078507,0.856524,0.288102,0.880172,-0.082009,1.147939,0.216086,0.884507,-0.154025,1.174307
115,0.142155,0.766505,-0.083197,0.789339,-0.293779,1.088813,-0.066408,0.773217,-0.276990,1.076731,0.072649,0.778218,0.002981,0.773694,0.365353,0.704626,0.295685,0.985957,0.377337,0.657877,0.307669,0.993442
116,-0.443500,0.914222,-0.803324,0.923542,-0.515293,1.256657,-0.613697,0.883705,-0.325667,1.224478,-0.540626,0.887457,0.067556,0.963904,-0.310747,0.874765,0.297435,1.189793,-0.225217,0.863494,0.382964,1.220336
117,0.060737,0.848570,0.145818,0.712222,0.096752,1.103914,0.000507,0.749827,-0.048559,1.144560,-0.074559,0.784324,-0.147663,0.852167,-0.023730,0.733258,-0.096834,1.017980,-0.237019,0.705761,-0.310123,1.041649
118,0.295138,0.726880,0.368380,0.757282,0.115778,1.026151,0.384605,0.758523,0.132003,1.046550,0.332297,0.737355,-0.007886,0.797064,0.000710,0.796933,-0.339473,1.013931,0.033667,0.786226,-0.306517,1.042200
119,-0.280271,0.761910,-0.375307,0.817265,-0.143654,1.075269,-0.260056,0.798861,-0.028402,1.079664,-0.238759,0.760452,0.093039,0.790280,-0.126875,0.689613,0.204923,0.968366,-0.106576,0.646970,0.225222,0.961364
120,-0.139582,0.846679,-0.123286,0.822656,-0.018254,1.171893,-0.056747,0.823507,0.048285,1.145035,-0.085745,0.812375,0.090441,0.912189,0.142169,0.950114,0.318355,1.203231,0.269568,0.937408,0.445754,1.222003
121,-0.118085,0.840467,0.023694,0.825848,0.166320,1.135464,-0.058922,0.849152,0.083704,1.159942,-0.152394,0.835392,-0.060306,0.875282,0.061289,0.937776,0.153377,1.168198,0.128062,0.958698,0.220150,1.219393
122,0.061688,0.791644,0.094696,0.746953,0.088367,1.036228,0.052964,0.752556,0.046634,1.045850,0.079221,0.759968,-0.041120,0.814844,0.004366,0.731974,-0.115975,1.004547,0.000566,0.708027,-0.119775,1.000958
123,0.074559,0.760199,0.281747,0.663592,0.263782,1.005169,0.291447,0.755541,0.273482,1.052343,0.143364,0.773489,0.008842,0.804363,0.116341,0.746006,-0.018181,1.014687,0.196061,0.745375,0.061539,1.031211
124,0.550664,0.777205,0.711257,0.792797,0.229031,1.069017,0.676273,0.768223,0.194047,1.065200,0.617259,0.780196,-0.005952,0.833443,0.510153,0.721985,-0.113058,0.988703,0.494962,0.717830,-0.128249,1.031173
125,-0.583242,0.755121,-0.654406,0.733675,-0.127145,0.963750,-0.635475,0.755916,-0.108214,0.981198,-0.590151,0.765667,0.052456,0.760965,-0.470256,0.642053,0.172351,0.956363,-0.393462,0.611518,0.249145,0.944958
126,-0.082460,0.841377,-0.194463,0.855631,-0.135044,1.186493,-0.234378,0.877322,-0.174958,1.196718,-0.173816,0.836219,-0.066948,0.873825,-0.349676,0.813511,-0.242808,1.121257,-0.495093,0.765873,-0.388225,1.114483
127,-0.195430,0.824950,-0.178626,0.833566,0.007118,1.116211,-0.180014,0.800847,0.005729,1.096380,-0.189572,0.784578,0.016108,0.840325,-0.050497,0.697924,0.155183,1.030712,0.039927,0.657275,0.245607,1.022726
128,0.378572,0.820964,0.363231,0.762589,0.000706,1.196713,0.302723,0.785377,-0.059802,1.176953,0.373995,0.784979,-0.021617,0.854245,0.225576,0.751509,-0.170036,1.003634,0.256508,0.709570,-0.139104,1.026626
129,0.310679,0.826699,0.538519,0.680217,0.291639,1.095197,0.561855,0.798521,0.314975,1.160039,0.374684,0.846167,-0.003611,0.887907,0.333458,0.798400,-0.044836,1.058509,0.276625,0.796039,-0.101670,1.084845
130,-0.558325,0.783135,-0.623507,0.756823,-0.055341,1.077124,-0.552347,0.751335,0.015819,1.087287,-0.526048,0.749031,0.021825,0.843650,-0.389892,0.712314,0.157980,1.038970,-0.465928,0.719166,0.081945,1.044531
131,0.426751,0.777589,0.437067,0.776766,0.044388,1.070588,0.595572,0.809555,0.202892,1.093007,0.591358,0.817055,0.128505,0.894827,0.365659,0.917441,-0.097194,1.148369,0.422976,0.893624,-0.039877,1.147283
132,-0.326118,0.996164,-0.827635,1.000617,-0.719633,1.312960,-0.709960,0.959262,-0.601958,1.280904,-0.510053,0.996533,0.047153,0.911433,-0.394659,0.835538,0.162547,1.209473,-0.471271,0.765130,0.085935,1.206781
133,0.180321,0.845302,-0.033325,0.838163,-0.290600,1.141037,-0.078682,0.816291,-0.335957,1.135140,0.080827,0.842906,-0.017958,0.884836,0.103038,0.811159,0.004253,1.103377,-0.042271,0.815555,-0.141056,1.135969
134,-0.044324,0.761543,-0.142647,0.708728,-0.106461,1.044869,-0.152491,0.707991,-0.116304,1.029702,-0.049496,0.733370,0.003444,0.801041,-0.150713,0.649899,-0.097774,0.947999,-0.178583,0.652901,-0.125643,0.977473
135,0.535318,0.807138,0.567482,0.784388,0.046541,1.116341,0.598902,0.813483,0.077961,1.138719,0.561492,0.816810,0.010914,0.865821,0.642625,0.773818,0.092047,1.057946,0.710389,0.780747,0.159812,1.080052
136,-0.905078,0.747191,-1.086443,0.795317,-0.201030,1.040633,-0.929304,0.801572,-0.043891,1.070206,-0.788080,0.738796,0.137828,0.769153,-0.814596,0.673587,0.111311,0.965351,-0.821826,0.671464,0.104082,0.979393
137,-0.220011,0.904961,-0.342711,0.826787,-0.184600,1.205944,-0.279831,0.888414,-0.121720,1.270978,-0.262404,0.887363,0.023164,1.017173,-0.439268,0.986390,-0.153700,1.294787,-0.498109,1.053447,-0.212541,1.349942
138,-0.016111,0.915926,0.139573,0.836349,0.217793,1.220085,0.167044,0.820253,0.245263,1.221205,0.119539,0.847131,0.069852,0.940011,0.006573,0.844849,-0.043114,1.178131,0.068685,0.823911,0.018998,1.203850
139,0.306923,1.031153,0.672694,1.085829,0.508469,1.389215,0.732518,1.053399,0.568294,1.396363,0.529017,1.041608,0.070959,0.957512,0.328641,0.912365,-0.129417,1.268101,0.333066,0.848875,-0.124992,1.305929
140,-0.391475,0.715665,-0.527564,0.666271,-0.184643,0.989109,-0.416437,0.696117,-0.073516,1.014577,-0.334271,0.716289,0.108636,0.760284,-0.306142,0.618965,0.136765,0.880352,-0.268050,0.605744,0.174856,0.894209
141,0.148400,0.751545,0.142645,0.705813,-0.022983,1.037821,0.117792,0.743222,-0.047836,1.025753,0.118354,0.734782,-0.011793,0.823530,0.139291,0.690271,0.009145,0.950245,0.126421,0.692654,-0.003725,0.972585
142,0.346282,0.810360,0.649984,0.698740,0.407438,1.023978,0.562059,0.706301,0.319514,1.045069,0.417262,0.781106,-0.038929,0.824685,0.498107,0.715224,0.041916,1.027647,0.499613,0.715424,0.043422,1.045817
143,-0.121982,0.938951,-0.455680,0.896701,-0.436079,1.265145,-0.267268,0.846526,-0.247668,1.225559,-0.105511,0.895467,0.124928,0.916684,-0.080949,0.772561,0.149490,1.140745,0.018931,0.707977,0.249369,1.149190
144,-0.313006,0.792599,-0.568892,0.680424,-0.318884,1.041347,-0.452458,0.685787,-0.202449,1.063606,-0.308199,0.764586,0.071517,0.745874,-0.248034,0.675512,0.131682,0.921092,-0.168893,0.671005,0.210823,0.967944
145,0.154133,0.789337,0.385380,0.712993,0.300415,1.049086,0.363265,0.751660,0.278301,1.086525,0.250626,0.779088,0.023207,0.843819,0.138718,0.773650,-0.088701,1.032165,0.127057,0.754785,-0.100362,1.048768
146,-0.048199,0.788800,0.078875,0.753171,0.166520,1.057100,0.067925,0.816070,0.155569,1.108417,-0.031936,0.809182,-0.025526,0.841118,-0.012810,0.764165,-0.006400,1.006896,-0.045129,0.740708,-0.038719,1.030108
147,0.530987,0.982967,0.938957,0.944342,0.560921,1.357328,0.747106,0.975547,0.369070,1.384597,0.599078,0.967080,-0.094022,0.930515,0.347872,0.815097,-0.345229,1.204556,0.223826,0.775380,-0.469274,1.232887
148,-0.154916,0.718882,-0.187270,0.750010,-0.060243,1.014048,-0.143940,0.714746,-0.016913,0.996294,-0.157315,0.698545,0.027142,0.820327,-0.115479,0.661793,0.068979,0.949467,-0.055842,0.645200,0.128615,0.959710
149,0.468105,0.783288,0.451644,0.763897,-0.025263,1.041302,0.376968,0.804201,-0.099940,1.086289,0.415119,0.804124,-0.043610,0.870600,0.498135,0.713688,0.039406,0.997457,0.439434,0.707920,-0.019295,1.028355
150,-0.790864,0.824841,-0.786202,0.830297,-0.011940,1.156272,-0.876584,0.826137,-0.102322,1.164625,-0.864958,0.793824,-0.056432,0.895505,-0.893518,0.787681,-0.084993,1.105069,-0.901323,0.801404,-0.092798,1.121442
151,-0.143553,0.720712,-0.224660,0.776086,-0.137522,0.987448,-0.173250,0.782048,-0.086112,0.987677,-0.168227,0.744300,0.035067,0.769498,0.050551,0.833121,0.253845,1.071026,0.111736,0.832888,0.315030,1.083434
152,-0.196293,0.710702,-0.139791,0.707487,0.058749,1.000233,-0.057350,0.741663,0.141190,1.014456,-0.126948,0.739753,0.066977,0.798823,0.024278,0.688170,0.218203,0.943274,0.070326,0.666285,0.264251,0.939358
153,-0.196633,0.862802,-0.324157,0.849998,-0.171724,1.155262,-0.353531,0.806318,-0.201098,1.150644,-0.328751,0.823599,-0.085310,0.897206,-0.543587,0.877618,-0.300146,1.163035,-0.632125,0.877236,-0.388684,1.191436
154,0.307790,0.844104,0.278857,0.872243,-0.021204,1.201738,0.449017,0.866684,0.148956,1.176406,0.408252,0.847053,0.092285,0.896309,0.258384,0.777519,-0.057584,1.072068,0.319156,0.746836,0.003189,1.090301
155,0.075057,0.926927,-0.442633,0.851227,-0.709596,1.219566,-0.314765,0.811145,-0.581729,1.184251,-0.053727,0.880328,0.074531,0.810779,0.070642,0.770711,0.198900,1.112536,0.101190,0.706421,0.229448,1.119235
156,0.079881,0.789686,0.038976,0.795426,-0.059619,1.110740,0.053248,0.825124,-0.045347,1.112276,0.121223,0.835383,0.061159,0.894321,0.223031,0.791390,0.162967,1.078616,0.296367,0.756711,0.236303,1.059289
157,-0.078433,0.779364,-0.154125,0.799469,-0.123310,1.109805,-0.182757,0.801178,-0.151942,1.115250,-0.152806,0.784827,-0.023926,0.852385,-0.134970,0.753879,-0.006090,1.031429,-0.141040,0.757695,-0.012160,1.056964
158,-0.553843,0.885088,-0.551060,0.813556,-0.032673,1.159260,-0.553406,0.825437,-0.035019,1.154781,-0.586199,0.850100,0.005209,0.885535,-0.270923,0.828040,0.320485,1.106189,-0.188620,0.765220,0.402787,1.102030
159,0.311582,0.825162,0.229814,0.805548,-0.089840,1.090384,0.243574,0.787875,-0.076080,1.094874,0.313771,0.818700,0.010759,0.896773,0.194953,0.824993,-0.108060,1.100817,0.201916,0.799610,-0.101097,1.109334
160,0.184446,0.851905,0.102040,0.793934,-0.066780,1.144608,0.054666,0.746184,-0.114155,1.107498,0.166450,0.836109,-0.034554,0.867800,0.083423,0.701781,-0.117582,1.002460,0.014001,0.689708,-0.187004,1.029730
161,-0.220228,0.729657,-0.117854,0.709207,0.151828,1.018925,-0.190224,0.720943,0.079458,1.027666,-0.158269,0.703149,0.009580,0.808822,-0.137374,0.700871,0.030475,0.987725,-0.184978,0.680234,-0.017129,0.976933
162,0.088461,1.016734,0.446025,0.971257,0.477572,1.269053,0.454513,0.993729,0.486060,1.316287,0.215275,1.016799,-0.000337,0.955242,0.103198,0.907273,-0.112415,1.257125,0.077963,0.866069,-0.137650,1.290052
163,0.176929,0.728285,0.280550,0.681353,0.100875,0.989809,0.309997,0.700053,0.130322,1.014524,0.213979,0.720428,0.039958,0.805063,0.330354,0.804143,0.156332,1.025338,0.319341,0.795697,0.145319,1.045823
164,-0.585613,0.889376,-0.882843,0.809851,-0.416616,1.214500,-0.945775,0.831981,-0.479548,1.224075,-0.771121,0.893415,-0.059092,0.862822,-0.602873,0.795962,0.109157,1.081389,-0.625073,0.768775,0.086956,1.130563
165,-0.006062,0.705634,0.079680,0.704800,0.102879,0.996827,0.043086,0.672059,0.066285,0.981550,0.015405,0.674017,0.003311,0.767699,-0.153694,0.641387,-0.165788,0.912420,-0.138557,0.641497,-0.150651,0.931968
166,0.509880,1.004711,0.082948,0.913201,-0.589939,1.325510,0.142181,0.841096,-0.530706,1.293513,0.319783,0.920411,-0.017361,0.959849,0.159022,0.822889,-0.178122,1.194662,0.106461,0.802244,-0.230684,1.244365
167,-0.012434,0.726176,-0.080841,0.732967,-0.082894,1.033838,-0.102357,0.767343,-0.104410,1.050089,0.005421,0.769389,0.033203,0.837431,0.011679,0.667157,0.039460,0.983548,0.069799,0.664950,0.097580,0.983129
168,0.463535,0.938288,0.768359,0.917978,0.424863,1.298705,0.626421,0.932102,0.282925,1.325175,0.514931,0.935977,-0.075765,0.918217,0.277378,0.857043,-0.313318,1.193781,0.168077,0.844641,-0.422620,1.221579
169,-0.842529,0.808293,-0.748025,0.833609,0.081935,1.136622,-0.775429,0.837359,0.054531,1.132514,-0.823273,0.802183,0.032683,0.870079,-0.934057,0.761555,-0.078100,1.059000,-0.899991,0.762334,-0.044034,1.084303
170,0.145963,0.857415,0.318724,0.942025,0.266586,1.169337,0.298180,0.920034,0.246043,1.164461,0.198315,0.854952,-0.047045,0.843846,0.102340,0.748363,-0.143019,1.049556,0.013166,0.701669,-0.232194,1.074587
171,0.321170,0.769787,0.424753,0.813920,0.149246,1.020377,0.444798,0.825194,0.169292,1.032151,0.393584,0.786607,0.024067,0.802570,0.210639,0.743626,-0.158878,1.034751,0.205804,0.707578,-0.163714,1.027048
172,-0.391116,0.763672,-0.220070,0.714886,0.213729,1.010067,-0.343725,0.688376,0.090075,1.016099,-0.438524,0.744244,-0.092620,0.783847,-0.484204,0.693851,-0.138300,0.954975,-0.485794,0.653288,-0.139889,0.974680
173,-0.132683,0.724005,0.006969,0.754037,0.163879,1.007555,0.018817,0.745133,0.175726,1.010418,-0.037054,0.717864,0.069955,0.788943,0.113126,0.651863,0.220135,0.928184,0.202744,0.620946,0.309753,0.951427
174,0.345723,1.057551,0.677982,1.089984,0.472289,1.513634,0.569534,1.155221,0.363842,1.529420,0.392446,1.128411,-0.101633,1.000695,-0.006234,0.946988,-0.500314,1.317577,-0.154373,0.864696,-0.648453,1.321540
175,-0.058911,0.806534,-0.038592,0.777560,0.037921,1.109653,-0.015278,0.794078,0.061235,1.100827,-0.026064,0.788090,0.014192,0.839527,-0.024645,0.704416,0.015611,0.996161,0.057181,0.699045,0.097437,1.024412
176,-0.334166,0.958025,-0.630412,0.854835,-0.397035,1.323551,-0.638862,0.841904,-0.405485,1.295521,-0.438093,0.913386,0.002819,0.884775,-0.502091,0.769141,-0.061178,1.123759,-0.548457,0.728581,-0.107544,1.152224
177,-0.699594,0.935280,-1.073447,0.856155,-0.483194,1.286114,-0.977304,0.913913,-0.387051,1.308283,-0.711878,0.973078,0.103577,0.867412,-0.500800,0.743508,0.314655,1.092734,-0.422725,0.686510,0.392730,1.111558
178,0.494102,0.814319,0.474155,0.796228,-0.034612,1.163137,0.398316,0.831501,-0.110452,1.161967,0.399292,0.838620,-0.079227,0.884650,0.423517,0.828801,-0.055002,1.077312,0.330096,0.783287,-0.148423,1.095442
179,0.032635,0.933730,-0.088419,0.896920,-0.130559,1.310373,-0.014208,0.855465,-0.056347,1.263977,0.005290,0.849096,-0.017273,0.988199,-0.052566,0.888627,-0.075129,1.234824,-0.053799,0.841967,-0.076361,1.217866
180,-0.176470,0.917038,-0.558732,0.838720,-0.517896,1.253237,-0.417102,0.859143,-0.376266,1.272755,-0.249401,0.890612,0.070763,0.923770,-0.014580,0.769537,0.305584,1.122744,0.014858,0.724733,0.335022,1.121335
181,-0.584562,0.894955,-0.300533,0.947650,0.385713,1.180357,-0.424886,0.910246,0.261359,1.191886,-0.544912,0.914387,-0.068091,0.882169,-0.665123,0.821804,-0.188302,1.152678,-0.743135,0.868056,-0.266314,1.215142
182,-0.390599,0.775861,-0.547900,0.750714,-0.233928,1.042237,-0.454485,0.734917,-0.140513,1.040481,-0.388307,0.741338,0.083456,0.806321,-0.179876,0.723006,0.291886,1.006397,-0.145639,0.673325,0.326123,1.006881
183,-0.160914,0.726730,-0.199487,0.731400,-0.023662,0.990104,-0.181906,0.743873,-0.006080,1.004852,-0.128518,0.721322,0.016599,0.816470,-0.047745,0.698121,0.097372,0.959901,0.073253,0.687792,0.218370,0.979005
184,0.348957,0.712957,0.398270,0.666116,0.079681,0.955827,0.412494,0.674670,0.093905,0.959999,0.399519,0.711009,0.018355,0.790082,0.393858,0.647062,0.012694,0.899042,0.403145,0.676436,0.021981,0.943937
185,-0.302814,0.721992,-0.063505,0.680648,0.279035,0.928775,-0.256253,0.664048,0.086287,0.926290,-0.360457,0.702533,-0.099756,0.753844,-0.343838,0.678679,-0.083136,0.932932,-0.374829,0.664965,-0.114128,0.945216
186,-0.199213,0.863423,-0.032280,0.753581,0.204474,1.148799,-0.071414,0.855577,0.165339,1.214626,-0.233787,0.892452,-0.074372,0.947511,-0.384054,0.864211,-0.224639,1.132146,-0.528630,0.896256,-0.369215,1.193230
187,-0.042582,0.798963,0.178019,0.752267,0.247257,1.049953,0.118609,0.711691,0.187847,1.036301,-0.028780,0.773171,-0.014443,0.802255,0.009742,0.634961,0.024080,0.957110,-0.008150,0.627536,0.006188,0.986713
188,-0.093432,0.710317,-0.067862,0.668506,0.020403,0.896920,-0.069584,0.714406,0.018681,0.950863,-0.100359,0.728791,-0.001445,0.814925,-0.189466,0.738996,-0.090552,0.982646,-0.307074,0.722363,-0.208160,0.984898
189,-0.179754,0.970477,0.162562,0.852658,0.461408,1.329865,0.021619,0.939475,0.320465,1.365115,-0.140078,0.951320,-0.086507,0.973913,-0.432516,0.892942,-0.378945,1.237513,-0.620383,0.904804,-0.566812,1.267912
190,-0.176195,0.854906,-0.312497,0.834845,-0.200497,1.206821,-0.285922,0.844423,-0.173923,1.214073,-0.249215,0.862154,-0.004960,0.904237,-0.535583,0.862582,-0.291328,1.148605,-0.578811,0.844427,-0.334556,1.169411
191,0.250547,0.876737,0.433572,0.815017,0.241597,1.186945,0.412640,0.780232,0.220665,1.175378,0.339155,0.789681,0.026565,0.895463,0.331624,0.763522,0.019034,1.079343,0.302420,0.774696,-0.010170,1.104735
192,-0.074223,0.922050,-0.041954,0.925147,0.075226,1.238125,-0.014038,0.955094,0.103141,1.268417,0.014648,0.947861,0.043364,1.040354,-0.319759,0.973736,-0.291043,1.280891,-0.293180,0.938601,-0.264464,1.291509
193,0.125837,0.816767,0.467540,0.715785,0.455929,1.076355,0.434931,0.740088,0.423319,1.106018,0.282473,0.802440,0.035626,0.819070,0.222901,0.739168,-0.023946,1.025992,0.249651,0.710793,0.002804,1.053470
194,-0.116986,0.793686,-0.116504,0.832199,0.005814,1.118142,-0.117145,0.820364,0.005173,1.113173,-0.145172,0.778284,-0.033835,0.813050,-0.241715,0.740399,-0.130379,0.998230,-0.232062,0.713386,-0.120725,1.025257
195,-0.065326,0.822350,-0.062345,0.739423,0.046437,1.080169,-0.039141,0.796770,0.069640,1.128985,-0.028750,0.795695,-0.009459,0.862984,0.008436,0.816652,0.027728,1.082765,-0.018255,0.808796,0.001037,1.096826
196,0.342117,0.831989,0.472015,0.748457,0.189275,1.117518,0.501357,0.780581,0.218618,1.122338,0.376986,0.790082,-0.028044,0.850352,0.320597,0.778755,-0.084432,1.058942,0.388682,0.759232,-0.016348,1.076340
197,-0.306661,0.767591,-0.151927,0.820063,0.218190,1.176155,-0.185718,0.775291,0.184399,1.115921,-0.250687,0.771740,-0.011247,0.805925,-0.355696,0.699144,-0.116257,0.991442,-0.403826,0.747472,-0.164387,1.056036
198,0.268441,0.845073,0.584410,0.801797,0.433952,1.114239,0.501195,0.801378,0.350736,1.126396,0.331517,0.823011,-0.061945,0.848901,0.411058,0.759150,0.017596,1.078327,0.412175,0.738737,0.018714,1.095059
199,0.079782,0.878233,-0.141972,0.901750,-0.311619,1.086480,-0.171769,0.803319,-0.341416,1.094745,-0.086165,0.794758,-0.070733,0.889605,-0.062250,0.803025,-0.046819,1.129833,-0.107045,0.767595,-0.091614,1.134093
200,-0.576815,0.698523,-0.586673,0.588011,-0.002065,0.900436,-0.685147,0.677496,-0.100539,0.946307,-0.642736,0.695405,-0.074141,0.753832,-0.886947,0.749016,-0.318353,0.962256,-0.891677,0.708464,-0.323083,0.967117
201,-0.066688,0.933441,0.047517,0.902273,0.119657,1.214388,-0.022911,0.880648,0.049229,1.225138,-0.108034,0.916017,-0.047124,1.004213,0.047117,0.895576,0.108027,1.244310,0.044081,0.831373,0.104991,1.210162
202,-0.104921,0.804842,-0.343365,0.791534,-0.319757,1.160344,-0.262895,0.733127,-0.239287,1.106090,-0.110649,0.751979,0.080415,0.826611,0.011371,0.697468,0.202435,1.016190,0.051539,0.648532,0.242603,1.000637
203,0.180098,0.748634,0.345401,0.716085,0.212912,1.040401,0.363552,0.721824,0.231062,1.039779,0.295309,0.747736,0.064770,0.807310,0.405874,0.684718,0.175335,0.950787,0.513149,0.671843,0.282610,0.983950
204,0.390025,0.918391,0.580023,0.784920,0.207169,1.131399,0.493812,0.746269,0.120958,1.161065,0.369337,0.824857,-0.038885,0.893441,0.573887,0.856497,0.165665,1.160285,0.504023,0.823295,0.095801,1.165107
205,-0.329852,0.951099,-0.631039,0.997901,-0.385137,1.384198,-0.545451,0.968789,-0.299549,1.380256,-0.351880,0.950415,0.066896,0.946279,-0.171998,0.797650,0.246778,1.183333,0.006419,0.754726,0.425196,1.200227
206,-0.301818,0.828089,-0.698085,0.742137,-0.545106,1.121846,-0.445062,0.797677,-0.292083,1.136014,-0.269995,0.804861,0.189493,0.821586,-0.150532,0.663642,0.308956,0.992948,-0.060581,0.580154,0.398906,0.967145
207,0.162257,0.762134,0.259750,0.724259,0.132402,1.009540,0.291047,0.680229,0.163700,0.992270,0.215344,0.677378,0.016095,0.763880,0.219493,0.614810,0.020244,0.908952,0.245684,0.601073,0.046435,0.925205
208,-0.259741,1.021164,-0.399503,0.938053,-0.193883,1.364372,-0.473397,0.906806,-0.267777,1.390125,-0.451223,0.939825,-0.134127,1.089367,-0.475499,1.033439,-0.158403,1.374357,-0.546103,0.988840,-0.229007,1.362048
209,-0.217149,0.802124,0.020318,0.781458,0.315185,1.079055,-0.073898,0.790515,0.220968,1.085221,-0.143842,0.774981,-0.009057,0.856357,-0.244141,0.726503,-0.109356,1.041059,-0.300801,0.709171,-0.166016,1.049187
210,-0.208834,0.864365,-0.476490,1.003276,-0.411610,1.146139,-0.337477,0.971739,-0.272598,1.129084,-0.238296,0.923095,0.123047,0.801105,0.237823,0.813791,0.599166,1.129839,0.293180,0.757177,0.654523,1.134072
211,0.190190,0.910401,0.461745,0.817014,0.360971,1.230427,0.492425,0.857033,0.391650,1.261135,0.344490,0.873435,0.059569,0.913655,0.276182,0.827526,-0.008739,1.176705,0.262291,0.790005,-0.022630,1.166935
212,-0.015178,0.769115,0.046794,0.725819,0.090197,1.062556,0.080699,0.756096,0.124101,1.097040,0.044681,0.761482,0.029957,0.878571,0.093742,0.792040,0.079018,1.050432,0.183771,0.771730,0.169047,1.064533
213,0.636771,0.729769,0.776967,0.613293,0.150367,0.992986,0.703296,0.666849,0.076696,1.026010,0.554865,0.741809,-0.092711,0.768710,0.324616,0.696628,-0.322960,0.939552,0.155024,0.684193,-0.492552,0.948889
214,0.040481,1.346004,-0.564597,1.404360,-0.840605,1.986346,-0.362017,1.279643,-0.638025,1.850549,-0.037122,1.304363,0.171927,1.058378,0.213946,0.945515,0.422995,1.532114,0.282120,0.812305,0.491169,1.563117
215,0.232886,0.760374,0.061855,0.771535,-0.217619,1.080790,0.166233,0.779223,-0.113240,1.086664,0.236301,0.761556,0.052811,0.803506,0.264747,0.745124,0.081257,1.010746,0.319038,0.771807,0.135549,1.045212
216,0.230689,0.817762,0.135822,0.782142,-0.147237,1.103736,0.087272,0.775356,-0.195787,1.087979,0.157817,0.787823,-0.017391,0.833983,0.270551,0.692375,0.095343,0.986702,0.259397,0.661934,0.084189,0.997232
217,-0.181499,0.781732,-0.027932,0.814841,0.176099,1.072032,-0.125296,0.803429,0.078736,1.070473,-0.203874,0.762960,-0.046239,0.839468,-0.093689,0.750403,0.063946,1.051709,-0.087326,0.740640,0.070310,1.063066
218,-0.344217,0.835371,-0.542374,0.849808,-0.306646,1.171904,-0.597981,0.791744,-0.362253,1.118904,-0.519749,0.805831,-0.060607,0.826561,-0.504538,0.779047,-0.045396,1.083568,-0.619221,0.745897,-0.160079,1.085391
219,-0.441901,0.926143,-0.610922,0.855474,-0.213563,1.292959,-0.716856,0.830489,-0.319497,1.287300,-0.572778,0.891372,-0.083707,0.977030,-0.644614,0.859812,-0.155542,1.200361,-0.544820,0.802058,-0.055749,1.179981
220,-0.145861,1.011228,0.153077,1.091222,0.439347,1.334126,0.001808,1.111553,0.288078,1.313225,-0.149176,1.074154,-0.152070,0.976762,-0.436290,0.894871,-0.439184,1.275663,-0.631540,0.825359,-0.634434,1.289214
221,0.065343,0.844332,0.151552,0.836285,0.168075,1.152011,0.125093,0.876514,0.141615,1.167610,0.133360,0.839722,-0.018707,0.890403,-0.035789,0.903152,-0.187856,1.180376,-0.151703,0.960259,-0.303770,1.250390
222,0.205701,0.817068,0.293439,0.794129,0.163083,1.083122,0.364649,0.829787,0.234293,1.113862,0.339511,0.813365,0.053998,0.834062,0.273842,0.733968,-0.011671,0.972701,0.341951,0.714179,0.056437,1.018356
223,0.248284,0.884195,-0.125293,0.783177,-0.500726,1.164356,-0.021446,0.813565,-0.396879,1.164363,0.169132,0.855672,0.055564,0.818814,0.052169,0.718901,-0.061399,1.039369,0.059733,0.691594,-0.053835,1.072798
224,0.195365,0.787984,0.269679,0.854930,0.101561,1.179845,0.254748,0.845957,0.086631,1.136850,0.212786,0.795802,-0.011445,0.885047,0.452389,0.760532,0.228159,1.080945,0.599542,0.747446,0.375311,1.080779
225,-0.003169,0.793139,0.148548,0.749634,0.217032,1.084781,0.200828,0.813863,0.269312,1.116345,0.118425,0.807939,0.052396,0.833799,0.152329,0.795566,0.086300,1.060945,0.071237,0.776911,0.005208,1.070073
226,-0.357452,0.794326,-0.467714,0.835409,-0.187913,1.088275,-0.319180,0.846470,-0.039380,1.076818,-0.323723,0.833346,0.115992,0.845972,-0.163916,0.860830,0.275799,1.120476,-0.039152,0.867129,0.400563,1.137352
227,0.125611,0.806088,0.000192,0.771821,-0.151619,1.037268,0.013221,0.712730,-0.138589,1.025074,0.073179,0.751158,-0.024664,0.869078,0.206814,0.713809,0.108971,1.033854,0.184555,0.661804,0.086711,1.017278
228,0.372898,0.812000,0.100008,0.841528,-0.362237,1.160712,0.225911,0.802157,-0.236333,1.121845,0.327639,0.802092,0.049404,0.872782,0.516246,0.744912,0.238011,1.076555,0.504120,0.735162,0.225885,1.078960
229,0.070135,0.815351,0.248277,0.741352,0.195628,1.081696,0.169301,0.743853,0.116653,1.095169,0.060972,0.780609,-0.027684,0.843027,0.236430,0.762911,0.147774,1.036793,0.124082,0.756270,0.035426,1.070149
230,-0.571648,0.741178,-0.735697,0.756752,-0.225451,1.001999,-0.669189,0.752469,-0.158942,1.030326,-0.598918,0.726949,0.037768,0.810570,-0.593855,0.634030,0.042830,0.948107,-0.649295,0.663542,-0.012610,0.974313
231,0.036058,0.707533,-0.014876,0.692687,-0.080630,0.930075,0.041522,0.723555,-0.024232,0.960270,0.009837,0.714207,0.005237,0.783468,0.042674,0.662315,0.038074,0.928392,0.027067,0.650932,0.022467,0.927699
232,0.163828,0.864251,0.161519,0.799945,0.020909,1.137056,0.065979,0.783816,-0.074632,1.143695,0.121924,0.823440,-0.066516,0.863375,0.037061,0.672316,-0.151379,1.023671,0.003734,0.647371,-0.184706,1.041372
233,-0.138487,0.799413,-0.126381,0.814646,-0.005276,1.104060,-0.055332,0.779316,0.065773,1.085446,-0.125649,0.785485,0.031256,0.876411,-0.188845,0.698721,-0.031940,1.013461,-0.176151,0.666081,-0.019246,1.007248
234,0.009734,0.799074,-0.261630,0.747315,-0.341892,1.084482,-0.137842,0.736523,-0.218103,1.072768,0.060566,0.798474,0.125553,0.852327,0.257441,0.729521,0.322428,1.020594,0.315434,0.707353,0.380421,1.041920
235,0.138188,0.704259,0.082353,0.744822,-0.107150,1.009771,0.077302,0.724660,-0.112201,0.986544,0.092875,0.702269,0.009054,0.773637,0.167173,0.639855,0.083352,0.918477,0.112254,0.619179,0.028432,0.923987
236,-0.566548,0.884964,-0.472749,0.910350,0.147613,1.161938,-0.487542,0.894899,0.132820,1.185443,-0.510467,0.860095,-0.000948,0.891621,-0.813953,0.888795,-0.304434,1.157386,-0.785020,0.872856,-0.275501,1.201191
237,0.175051,0.840994,0.138283,0.882717,-0.103034,1.056301,0.112154,0.843980,-0.129163,1.065309,0.071474,0.803810,-0.033363,0.792678,0.137819,0.702423,0.032982,0.984352,0.116143,0.675746,0.011306,1.014926
238,0.028210,0.820056,-0.242365,0.693756,-0.366207,1.111458,-0.218765,0.752677,-0.342606,1.125601,-0.072585,0.784904,0.000520,0.818001,-0.159471,0.699194,-0.086366,1.005810,-0.034860,0.706979,0.038244,1.024766
239,0.373862,1.000613,0.913362,0.822239,0.720792,1.295709,0.789014,0.832193,0.596445,1.312657,0.509414,0.929501,-0.056524,0.893694,0.386617,0.818340,-0.179321,1.158505,0.343826,0.752194,-0.222113,1.182574
240,0.152361,0.878728,0.082464,0.776345,-0.048569,1.122042,0.115803,0.781008,-0.015230,1.113285,0.160222,0.790259,-0.014732,0.868450,0.027262,0.719884,-0.147692,1.066135,-0.036142,0.725067,-0.211096,1.077587
241,-0.151554,0.851001,-0.514868,0.864953,-0.491762,1.193818,-0.332103,0.869752,-0.308996,1.162305,-0.178981,0.877198,0.108684,0.875095,0.186410,0.801982,0.474076,1.098849,0.243738,0.770263,0.531404,1.122193
242,0.355680,1.164376,0.838210,0.976199,0.615750,1.545647,0.741709,0.955775,0.519248,1.565658,0.454887,1.067647,-0.041928,0.996688,0.791553,0.972276,0.294739,1.347597,0.787823,0.939243,0.291009,1.411963
243,0.144185,0.741178,0.112563,0.672548,-0.045230,1.013312,0.213865,0.739109,0.056072,1.054014,0.214893,0.723159,0.085109,0.809597,0.318654,0.688742,0.188870,0.950492,0.260054,0.678752,0.130271,0.965096
244,0.321519,0.833045,0.446696,0.807872,0.137414,1.138134,0.514264,0.796667,0.204983,1.131223,0.439626,0.810723,0.105161,0.831222,0.654830,0.808548,0.320365,1.083917,0.763386,0.852606,0.428921,1.157545
245,-0.135013,0.829888,-0.285716,0.874226,-0.191003,1.148369,-0.092258,0.871158,0.002455,1.157149,-0.038412,0.868459,0.139297,0.939775,0.162623,0.826830,0.340332,1.150876,0.424024,0.838610,0.601733,1.177913
246,0.073222,0.713368,0.113831,0.779623,0.063247,1.075141,0.097118,0.770909,0.046535,1.018316,0.068653,0.735512,-0.028562,0.813323,-0.277893,0.777797,-0.375108,1.043470,-0.332604,0.772699,-0.429820,1.055439
247,-0.198995,0.780725,-0.103511,0.738650,0.123992,1.041164,-0.008138,0.807688,0.219366,1.085319,-0.063984,0.812223,0.104804,0.873545,0.021472,0.842230,0.190259,1.080289,0.104917,0.838513,0.273704,1.105960
248,-0.130914,0.751560,0.080828,0.740769,0.311381,1.025403,-0.096891,0.764405,0.133662,1.048954,-0.146778,0.775933,-0.121415,0.801474,-0.297822,0.816977,-0.272458,1.029665,-0.339607,0.846645,-0.314243,1.104092
249,-0.012399,0.771446,-0.109999,0.755633,-0.142763,1.035830,-0.073856,0.757632,-0.106620,1.056037,-0.087680,0.733445,-0.027432,0.808142,-0.234088,0.763225,-0.173840,1.022907,-0.201939,0.781133,-0.141691,1.064551
250,-0.059135,0.843761,-0.116224,0.766739,-0.072689,1.108318,-0.018448,0.813003,0.025086,1.121629,0.027445,0.836168,0.103086,0.910723,0.193720,0.820394,0.269361,1.111334,0.321140,0.825548,0.396781,1.127010
251,0.784948,0.796784,0.777708,0.756834,0.006676,1.047869,0.691485,0.797319,-0.079547,1.084037,0.781138,0.794842,-0.018610,0.845941,0.634492,0.735560,-0.165256,1.018905,0.643450,0.739600,-0.156298,1.045251
252,-0.140059,0.800818,-0.080582,0.765399,0.097267,1.099554,-0.087902,0.780516,0.089947,1.110599,-0.116732,0.756011,-0.016690,0.847140,-0.162292,0.718580,-0.062249,1.008837,-0.177862,0.678404,-0.077820,1.007650
253,-0.454388,0.812203,-0.609097,0.802560,-0.232580,1.125394,-0.621093,0.773420,-0.244577,1.092104,-0.565246,0.790426,-0.028341,0.867943,-0.590038,0.711015,-0.053134,1.025634,-0.627226,0.693026,-0.090322,1.034356
254,0.164916,0.774653,0.317629,0.771243,0.220175,1.077035,0.346866,0.765114,0.249413,1.079752,0.288812,0.751657,0.052400,0.827590,0.314262,0.666396,0.077850,0.969403,0.427185,0.646430,0.190773,0.981661
255,0.110280,1.015178,-0.214570,1.066354,-0.503740,1.355771,-0.168251,1.076036,-0.457421,1.353995,-0.038923,1.008233,0.040314,0.835677,0.331560,0.829163,0.410797,1.214539,0.395585,0.726524,0.474821,1.198184
256,0.130833,0.675397,0.240222,0.634805,0.113164,0.904656,0.263439,0.618829,0.136381,0.900026,0.155614,0.640282,0.020778,0.736785,0.016812,0.597586,-0.118024,0.860040,-0.005008,0.612793,-0.139844,0.882905
257,-0.172954,0.753124,0.002419,0.692672,0.229530,1.031172,0.021465,0.684451,0.248577,1.036314,-0.073600,0.719512,0.041982,0.802570,-0.007760,0.701152,0.107822,0.970088,-0.020052,0.671339,0.095530,0.967919
258,0.244465,0.924828,0.475635,0.934508,0.336288,1.249214,0.340398,0.965141,0.201052,1.286693,0.249183,0.945981,-0.106644,0.994113,0.150474,0.837924,-0.205353,1.207174,0.029957,0.809338,-0.325870,1.197897
259,0.404118,0.797381,0.492722,0.733292,0.077067,1.045112,0.523054,0.782149,0.107399,1.070845,0.456470,0.795069,0.064630,0.868352,0.628200,0.918558,0.236360,1.158660,0.730810,0.926259,0.338970,1.180078
260,-0.692436,0.738347,-0.741001,0.724496,-0.070149,1.060624,-0.683624,0.745776,-0.012771,1.070417,-0.690237,0.728287,0.025090,0.789344,-0.610804,0.691537,0.104523,0.954080,-0.575372,0.654547,0.139955,0.950872
261,0.002269,0.813263,0.162148,0.749385,0.220737,1.130155,0.147393,0.733645,0.205982,1.116080,0.063308,0.768275,-0.003440,0.857272,-0.019215,0.754633,-0.085964,1.049770,0.012629,0.759781,-0.054119,1.072755
262,-0.453016,0.727169,-0.523785,0.724035,-0.095669,0.984647,-0.436538,0.747627,-0.008422,1.021668,-0.421845,0.732154,0.057575,0.812916,-0.424330,0.701515,0.055091,0.965748,-0.398318,0.730828,0.081103,1.010532
263,0.703020,0.846864,0.473282,0.606292,-0.265177,1.021151,0.458053,0.704186,-0.280406,1.084005,0.606055,0.823163,-0.059422,0.850600,0.362593,0.746909,-0.302884,1.018723,0.359864,0.681246,-0.305613,1.024257
264,0.022142,0.950936,0.164038,0.965989,0.218297,1.188022,0.098684,0.890460,0.152943,1.150753,0.036759,0.923664,-0.066327,0.923188,-0.385768,0.855333,-0.488854,1.174335,-0.457894,0.794929,-0.560980,1.201510
265,0.517957,0.729872,0.408524,0.658169,-0.156888,0.958213,0.391671,0.704536,-0.173741,0.997614,0.454763,0.712826,-0.012917,0.769562,0.528122,0.671440,0.060442,0.937327,0.488819,0.667002,0.021139,0.963172
266,-0.685315,0.845417,-0.492630,0.805867,0.269981,1.176400,-0.619180,0.801452,0.143431,1.173558,-0.719369,0.790679,-0.115931,0.836488,-0.813105,0.741047,-0.209666,1.035041,-0.714838,0.718678,-0.111400,1.068197
267,0.250818,0.792262,0.395696,0.738393,0.185655,1.091243,0.347234,0.756619,0.137193,1.113919,0.253348,0.778086,-0.040657,0.826969,0.285494,0.713001,-0.008511,1.000881,0.275634,0.712516,-0.018372,1.031477
268,-0.176728,0.728091,-0.117363,0.756248,0.062552,1.021137,-0.040472,0.738279,0.139443,1.023361,-0.106265,0.706033,0.067088,0.792482,-0.229278,0.679381,-0.055925,0.935375,-0.197148,0.653831,-0.023795,0.959914
269,0.256698,0.801335,0.425224,0.678829,0.192522,1.061080,0.485644,0.728969,0.252942,1.066308,0.348875,0.787989,0.066756,0.800838,0.476448,0.714781,0.194329,1.002165,0.516733,0.704158,0.234614,1.018275
270,0.748020,0.709141,0.934035,0.735383,0.207048,1.003701,0.782131,0.734181,0.055144,0.991907,0.678194,0.726683,-0.091980,0.832457,0.752301,0.784364,-0.017873,1.031450,0.697744,0.775719,-0.072429,1.034618
271,0.187497,0.685596,0.179526,0.678633,0.002431,0.952641,0.257735,0.687630,0.080640,0.959630,0.292251,0.685221,0.093750,0.779590,0.143654,0.680027,-0.054847,0.926834,0.273266,0.638627,0.074765,0.917696
272,-0.670598,0.845220,-0.867438,0.746866,-0.280701,1.174106,-0.840717,0.758497,-0.253980,1.154933,-0.757776,0.793507,0.001687,0.867949,-0.513473,0.853085,0.245990,1.128398,-0.431261,0.854096,0.328202,1.140164
273,0.224438,0.921350,0.109790,1.035741,-0.133343,1.338809,0.100852,0.947466,-0.142281,1.271954,0.242957,0.909889,0.038318,0.907106,0.223482,0.835927,0.018843,1.163635,0.270451,0.788675,0.065811,1.180216
274,0.032701,0.824228,0.025104,0.794968,-0.036865,1.134647,0.030994,0.817536,-0.030975,1.149262,0.017151,0.820887,0.015457,0.897072,0.279566,0.759963,0.277872,1.049851,0.377386,0.723881,0.375692,1.046800
275,-0.062785,0.844776,0.002509,0.866731,0.055866,1.191211,-0.044761,0.860304,0.008595,1.193184,-0.095110,0.842062,-0.022335,0.932102,-0.211444,0.871305,-0.138670,1.146149,-0.158768,0.858849,-0.085994,1.169362
276,0.122913,0.687207,0.117347,0.706450,-0.009307,0.962880,0.157008,0.666602,0.030354,0.932684,0.142300,0.683256,0.023347,0.766527,0.146751,0.662814,0.027798,0.933851,0.184504,0.630845,0.065551,0.911909
277,0.038842,0.776568,0.083516,0.752891,0.048544,1.059747,0.181858,0.802694,0.146885,1.119396,0.133079,0.795620,0.090138,0.878504,0.400526,0.754927,0.357585,1.059586,0.540129,0.697101,0.497189,1.035072
278,0.351768,0.783099,0.566466,0.779664,0.281173,1.059857,0.516495,0.778634,0.231203,1.058591,0.408592,0.785281,-0.013611,0.839494,0.445836,0.803531,0.023633,1.076396,0.445194,0.790028,0.022991,1.085436
279,0.270129,0.760843,0.209759,0.693889,-0.127295,0.983971,0.256431,0.713467,-0.080624,1.016791,0.223710,0.700099,0.024477,0.754314,0.242011,0.669410,0.042778,0.929101,0.222913,0.616948,0.023680,0.918723
280,-0.204418,0.817946,-0.027199,0.699846,0.232755,1.091602,-0.008413,0.742520,0.251540,1.102585,-0.108903,0.779221,0.036679,0.828852,-0.031977,0.762631,0.113605,1.036820,0.038864,0.736741,0.184446,1.048752
281,-0.412011,0.754526,-0.392283,0.757398,0.024246,1.068823,-0.341439,0.725610,0.075090,1.034036,-0.377986,0.720812,0.029197,0.810258,-0.209509,0.701382,0.197674,0.998546,-0.109807,0.730880,0.297376,1.037626
282,0.241916,0.845315,0.262713,0.808312,0.091345,1.033977,0.219102,0.754863,0.047734,1.049128,0.248894,0.763558,-0.067732,0.771454,0.185033,0.641490,-0.131593,0.950187,0.159882,0.617137,-0.156744,0.981511
283,0.160598,0.951031,0.223950,0.952573,0.099831,1.221812,0.245051,0.998002,0.120933,1.273175,0.159310,1.003168,-0.039942,1.007765,-0.076883,0.944401,-0.276135,1.259047,-0.068772,0.878993,-0.268024,1.255493
284,-0.059149,0.877429,-0.408918,0.887995,-0.504367,1.119099,-0.219225,0.907598,-0.314674,1.165122,-0.106224,0.886977,0.116715,0.855906,0.080670,0.751773,0.303609,1.073011,0.079934,0.733741,0.302873,1.089134
285,-0.989554,0.798019,-1.086390,0.853783,-0.147842,1.049684,-0.994904,0.811679,-0.056355,1.034262,-0.952473,0.785425,0.091175,0.824094,-0.776391,0.715230,0.267256,1.017390,-0.747190,0.678206,0.296458,1.026538
286,-0.128693,0.987947,0.087379,1.026609,0.367169,1.259814,0.077131,1.092870,0.356920,1.312305,-0.011231,1.048576,-0.042631,0.908248,-0.431188,0.899074,-0.462588,1.214500,-0.637957,0.854591,-0.669357,1.245690
287,0.233651,0.920613,0.267566,0.840863,0.084703,1.216318,0.081643,0.901251,-0.101220,1.231402,0.104147,0.943111,-0.183277,0.974772,-0.180044,0.836701,-0.467468,1.166152,-0.334532,0.807413,-0.621956,1.165412
288,0.188111,1.201427,-0.409507,1.293560,-0.834844,1.635188,-0.201749,1.197156,-0.627087,1.538231,0.088426,1.199535,0.151643,1.015592,0.393132,0.882025,0.456349,1.361333,0.411658,0.836167,0.474875,1.420685
289,-0.348996,0.808271,-0.487233,0.686567,-0.160576,1.060938,-0.560203,0.728724,-0.233546,1.107787,-0.445034,0.793230,-0.072354,0.817800,-0.315900,0.763759,0.056780,1.033959,-0.284662,0.757860,0.088018,1.039742
290,-0.282725,0.666646,-0.307676,0.618876,-0.040445,0.890526,-0.338418,0.647502,-0.071186,0.924907,-0.273985,0.686344,0.025139,0.718636,-0.098526,0.632434,0.200598,0.883369,0.006501,0.604320,0.305625,0.869578
291,0.412354,0.868480,0.347449,0.924066,-0.128049,1.247295,0.408878,0.959908,-0.066620,1.282834,0.421404,0.928609,0.075954,0.991550,0.696012,0.970965,0.350563,1.246577,0.828180,1.017543,0.482730,1.304895
292,0.027244,0.693478,0.152335,0.679937,0.166515,0.934116,0.028452,0.653435,0.042632,0.931324,-0.013542,0.673020,-0.084674,0.743034,-0.122277,0.646933,-0.193409,0.898585,-0.042204,0.614615,-0.113336,0.903419
293,-0.087084,1.017471,-0.450575,0.960345,-0.526965,1.403664,-0.454195,0.948709,-0.530585,1.388383,-0.274254,0.974282,-0.013979,0.912417,-0.315477,0.854842,-0.055202,1.225631,-0.400325,0.870438,-0.140050,1.274273
294,-0.376823,0.764014,-0.212462,0.748796,0.244820,1.043990,-0.405277,0.761114,0.052005,1.089099,-0.440863,0.743655,-0.149350,0.828738,-0.598773,0.712145,-0.307260,1.005242,-0.700527,0.659005,-0.409014,0.972754
295,-0.712578,0.764516,-0.828293,0.741022,-0.156049,1.045093,-0.766621,0.747359,-0.094377,1.064957,-0.692356,0.782752,0.062926,0.853936,-0.612892,0.786248,0.142390,1.069102,-0.451361,0.836393,0.303921,1.114325
296,0.301767,0.754973,0.252366,0.684532,-0.057339,1.028172,0.190682,0.650811,-0.119024,1.003557,0.229528,0.688931,-0.063869,0.782472,0.374255,0.629726,0.080858,0.910658,0.366379,0.629203,0.072982,0.937434
297,-0.158410,0.792908,-0.215941,0.738708,-0.031252,1.029130,-0.277077,0.786634,-0.092388,1.069896,-0.169689,0.809047,-0.039103,0.845333,-0.365729,0.835374,-0.235143,1.078461,-0.351744,0.808240,-0.221158,1.079307
298,0.305902,0.751542,0.432286,0.754412,0.142208,1.026317,0.330531,0.785101,0.040453,1.061697,0.234297,0.759715,-0.088345,0.846557,0.058975,0.870734,-0.263667,1.097628,0.015527,0.908268,-0.307115,1.159416
299,0.026869,0.829931,-0.202616,0.791972,-0.288083,1.098775,-0.232654,0.858306,-0.318121,1.120255,-0.120232,0.858925,-0.085019,0.877901,-0.385492,0.840099,-0.350278,1.116836,-0.586200,0.860462,-0.550986,1.160176
300,-0.080202,0.868682,-0.230364,0.872671,-0.189340,1.232460,-0.230850,0.837871,-0.189826,1.205278,-0.165570,0.824329,-0.043866,0.913908,-0.018029,0.742347,0.103675,1.111021,0.051338,0.731947,0.173042,1.114857
301,-0.399779,0.760983,-0.475125,0.741333,-0.087675,1.020255,-0.381432,0.729712,0.006018,1.037290,-0.367684,0.752837,0.045207,0.855960,-0.278294,0.718909,0.134597,0.993649,-0.246428,0.708635,0.166463,0.999477
302,0.323930,0.772077,0.213348,0.761428,-0.142033,1.140229,0.299355,0.741661,-0.056026,1.108456,0.354721,0.766331,0.064122,0.831566,0.439391,0.739773,0.148792,1.003552,0.364240,0.731886,0.073641,1.015372
303,-0.434321,0.881425,-0.205671,0.784157,0.288122,1.120625,-0.348182,0.784887,0.145611,1.161735,-0.485204,0.823003,-0.113878,0.909902,-0.633122,0.765597,-0.261796,1.075676,-0.652997,0.737298,-0.281671,1.095395
304,0.069462,0.696729,0.153496,0.736251,0.108100,0.970264,0.096705,0.692998,0.051308,0.953173,0.063676,0.711773,-0.031288,0.787806,0.086329,0.701802,-0.008635,0.970950,0.059744,0.702390,-0.035220,0.994240
305,0.176029,0.909633,-0.220511,0.801013,-0.531107,1.239846,-0.204016,0.804839,-0.514611,1.243165,0.035367,0.907261,0.001887,0.848213,-0.016712,0.774367,-0.050192,1.094711,0.000926,0.735153,-0.032553,1.124105
306,0.167999,0.765116,0.144163,0.740577,0.008963,1.042240,0.104035,0.779422,-0.031165,1.083169,0.108756,0.797136,-0.094010,0.869842,0.067723,0.844932,-0.135043,1.105761,0.004246,0.840741,-0.198520,1.104832
307,0.261133,0.889588,0.526377,0.758701,0.332881,1.201132,0.493157,0.793487,0.299662,1.213358,0.347992,0.858013,0.015205,0.882634,0.270912,0.784301,-0.061875,1.113700,0.292423,0.773160,-0.040364,1.128710
308,-0.116734,0.819605,-0.023464,0.901462,0.134765,1.107837,-0.003185,0.853188,0.155043,1.097417,-0.039850,0.819097,0.032925,0.828912,-0.161045,0.725773,-0.088270,1.038143,-0.230739,0.758161,-0.157964,1.100031
309,-0.443600,0.879692,-0.531712,0.829192,-0.063019,1.100370,-0.567955,0.854136,-0.099262,1.123179,-0.469240,0.897096,-0.052285,0.918057,-0.687323,0.847371,-0.270368,1.129730,-0.681014,0.826803,-0.264059,1.160986
310,-0.547669,0.815505,-0.574286,0.838035,-0.014148,1.130324,-0.521453,0.821613,0.038684,1.098195,-0.545141,0.828438,-0.010710,0.896649,-0.631244,0.751847,-0.096813,1.051425,-0.646965,0.741323,-0.112534,1.060625
311,-0.053027,0.768768,-0.069388,0.700010,0.014830,0.942599,-0.020983,0.754596,0.063235,1.002071,0.011220,0.761906,0.031205,0.781603,-0.344653,0.748188,-0.324668,0.974337,-0.309157,0.719559,-0.289172,0.998536
312,0.261245,0.812283,0.358811,0.891761,0.130540,1.179328,0.305246,0.883984,0.076975,1.140733,0.251170,0.809915,-0.044962,0.891625,0.335000,0.812833,0.038868,1.128167,0.357505,0.873559,0.061373,1.198922
313,-0.464891,0.895226,-0.651769,0.983244,-0.314511,1.299610,-0.557289,0.974190,-0.220031,1.278849,-0.466325,0.934248,0.133767,0.864488,-0.317499,0.738639,0.282593,1.063656,-0.225986,0.681313,0.374106,1.081996
314,-0.649095,0.863293,-0.394473,0.905405,0.369290,1.165431,-0.416147,0.895611,0.347616,1.155134,-0.547845,0.847015,-0.020176,0.781365,-0.649633,0.744838,-0.121964,1.036261,-0.693724,0.698114,-0.166055,1.061455
315,-0.151926,0.799931,-0.382172,0.744059,-0.323577,1.061845,-0.270222,0.774640,-0.211628,1.079106,-0.164188,0.806731,0.086639,0.824259,0.037400,0.700856,0.288228,1.006669,0.091427,0.662524,0.342255,1.003375
316,-0.114587,0.806566,-0.440437,0.744747,-0.438050,1.079223,-0.551928,0.737291,-0.549541,1.112919,-0.390526,0.836184,-0.157068,0.886266,-0.514038,0.755538,-0.280579,1.059148,-0.589440,0.726197,-0.355981,1.050217
317,0.036993,0.869150,0.073514,0.853878,0.017960,1.216226,0.161579,0.809392,0.106024,1.175588,0.079668,0.820548,0.062342,0.923792,0.281032,0.868516,0.263706,1.149877,0.452651,0.864321,0.435326,1.184089
318,-0.082981,0.914356,-0.252150,1.038602,-0.293657,1.242154,-0.085572,0.996329,-0.127079,1.192521,-0.095680,0.944940,0.119192,0.925799,0.299525,0.843646,0.514398,1.189731,0.298618,0.815199,0.513491,1.215493
319,0.383155,1.003358,0.862616,1.116030,0.665760,1.432570,0.716571,1.082446,0.519715,1.387747,0.516762,1.065034,-0.063755,0.942943,0.167841,0.824867,-0.412676,1.222887,0.053820,0.740428,-0.526697,1.242449
320,-0.168098,0.913280,-0.276261,0.779966,-0.143352,1.219000,-0.312452,0.771517,-0.179543,1.226688,-0.201328,0.853837,0.004052,0.881595,-0.428183,0.799046,-0.222803,1.103126,-0.358653,0.773755,-0.153274,1.137835
321,0.112534,0.803964,0.330421,0.774438,0.259352,1.092368,0.255259,0.806299,0.184190,1.093816,0.138868,0.792591,-0.017602,0.826511,0.222115,0.742597,0.065645,1.035481,0.188762,0.686302,0.032292,1.016637
322,0.107065,0.788588,-0.080687,0.729842,-0.242523,1.077532,0.058287,0.778940,-0.103549,1.114528,0.124547,0.794567,0.075507,0.872197,0.273536,0.782058,0.224495,1.068539,0.272824,0.720628,0.223783,1.044600
323,0.250133,0.833623,0.584770,0.897993,0.429243,1.251919,0.496706,0.904825,0.341179,1.235297,0.273210,0.885581,-0.077185,0.840287,0.186042,0.786509,-0.164354,1.080616,0.090078,0.759099,-0.260317,1.116543
324,-0.351771,1.015035,-0.664078,0.872262,-0.379907,1.371067,-0.564578,0.846837,-0.280407,1.337538,-0.384872,0.923618,0.038566,1.001924,-0.396526,0.819730,0.026912,1.205445,-0.342411,0.797439,0.081027,1.226775
325,-0.140485,0.745795,-0.346918,0.742378,-0.284853,1.044040,-0.227750,0.805033,-0.165684,1.085220,-0.142015,0.786518,0.081551,0.840803,-0.114000,0.746120,0.109566,1.017037,-0.047068,0.746733,0.176498,1.044773
326,-0.431900,0.774041,-0.435084,0.761212,0.006711,1.084804,-0.319144,0.773903,0.122650,1.114836,-0.328540,0.772297,0.092859,0.874917,-0.441906,0.806370,-0.020506,1.063935,-0.327407,0.807060,0.093992,1.083015
327,0.031232,0.742451,0.009119,0.792939,-0.054251,1.084884,0.008646,0.803162,-0.054724,1.066584,0.015722,0.778991,0.018537,0.834092,0.203023,0.863441,0.205839,1.093084,0.168267,0.879216,0.171082,1.116888
328,0.455280,0.780312,0.287507,0.665808,-0.200013,0.957836,0.276323,0.686911,-0.211197,1.009647,0.436304,0.746125,0.015197,0.770741,0.410612,0.723403,-0.010495,0.976088,0.394335,0.721179,-0.026772,1.021235
329,-0.010535,0.793137,0.189656,0.789138,0.262054,1.085419,0.062065,0.783602,0.134463,1.087050,-0.013602,0.794506,-0.068606,0.822976,-0.035222,0.728973,-0.090226,1.015078,-0.127708,0.715066,-0.182712,1.030181
330,0.532092,0.709331,0.554394,0.735358,0.030286,0.978502,0.460003,0.702446,-0.064105,0.954828,0.484648,0.724534,-0.055861,0.775911,0.481319,0.660309,-0.059189,0.926072,0.318555,0.633059,-0.221953,0.932023
331,-0.348872,0.618764,-0.349762,0.623375,0.006586,0.891071,-0.412407,0.624302,-0.056059,0.884626,-0.410113,0.625543,-0.069178,0.724915,-0.428778,0.624144,-0.087843,0.838938,-0.343916,0.587836,-0.002981,0.836041
332,-0.378124,0.729834,-0.217111,0.747889,0.251040,1.010488,-0.313951,0.775470,0.154200,1.014911,-0.366184,0.772975,-0.083438,0.765934,-0.481978,0.722216,-0.199233,0.954724,-0.552612,0.706586,-0.269867,0.978130
333,-0.202687,0.859850,-0.110703,0.822298,0.157465,1.156467,-0.067944,0.847100,0.200224,1.188161,-0.118266,0.850376,0.015044,0.885058,-0.210494,0.726323,-0.077184,1.065881,-0.242854,0.688185,-0.109544,1.064175
334,0.870244,0.841490,0.951004,0.863613,0.092617,1.238932,0.898453,0.909606,0.040066,1.269678,0.800310,0.890355,-0.082484,0.905400,0.724504,0.874351,-0.158290,1.155383,0.623338,0.829705,-0.259456,1.153970
335,0.308294,0.805293,0.310629,0.776909,0.005901,1.088924,0.356773,0.808605,0.052046,1.123302,0.358326,0.800916,0.046302,0.897029,0.262145,0.747579,-0.049879,1.040042,0.340636,0.714328,0.028612,1.032153
336,-0.795754,0.602488,-0.854614,0.575885,-0.070625,0.855020,-0.734677,0.619324,0.049313,0.879526,-0.746577,0.608559,0.061603,0.671386,-0.710658,0.594873,0.097522,0.805291,-0.671003,0.600855,0.137178,0.827048
337,0.357327,0.845419,0.445341,0.893561,0.084690,1.190665,0.454456,0.845911,0.093804,1.136279,0.389532,0.827541,0.035750,0.888427,0.669993,0.800930,0.316211,1.105423,0.723849,0.754159,0.370067,1.114344
338,0.177701,0.871910,0.025410,0.769834,-0.154255,1.019833,-0.017207,0.778635,-0.196873,1.072880,0.116239,0.827546,-0.059402,0.821256,-0.102958,0.758447,-0.278598,1.045736,-0.082548,0.683859,-0.258188,1.036673
339,-0.304462,0.955963,-0.588439,0.969282,-0.380305,1.325401,-0.381361,0.962888,-0.173227,1.313198,-0.270818,0.949156,0.135671,0.936591,-0.240443,0.768405,0.166046,1.175508,-0.132828,0.708918,0.273661,1.163530
340,-0.260680,0.906141,-0.547890,0.826033,-0.415342,1.214552,-0.451169,0.851976,-0.318622,1.222877,-0.374554,0.833311,0.021887,0.904553,-0.329395,0.853605,0.067045,1.190108,-0.360909,0.838276,0.035532,1.186809
341,0.001822,0.652421,0.073065,0.646719,0.080629,0.916815,0.130703,0.644736,0.138266,0.910235,0.012402,0.660978,0.000637,0.740254,0.121337,0.759922,0.109573,0.962126,0.155734,0.762931,0.143970,0.983963
342,-0.268477,1.031145,-0.648774,1.000405,-0.533478,1.491555,-0.489554,1.090616,-0.374258,1.544125,-0.293671,1.040148,0.137092,1.016939,-0.063262,0.917102,0.367501,1.298298,0.058489,0.853391,0.489253,1.287052
343,0.307605,0.953451,-0.071615,0.916345,-0.505736,1.318150,-0.077643,0.898854,-0.511764,1.311131,0.123585,0.923314,-0.050019,0.954011,0.225186,0.884470,0.051582,1.227745,0.176108,0.851000,0.002504,1.248476
344,0.304090,0.710365,0.398840,0.635675,0.120709,0.966538,0.256729,0.675643,-0.021403,0.971949,0.239491,0.707525,-0.092100,0.769330,0.169800,0.751285,-0.161790,0.985796,0.074181,0.777237,-0.257410,1.017009
345,-0.260550,0.859957,-0.509305,0.809132,-0.320816,1.197783,-0.580916,0.817122,-0.392427,1.204477,-0.382514,0.826446,-0.045621,0.867689,-0.290849,0.760374,0.046044,1.063177,-0.264242,0.727558,0.072651,1.084386
346,-0.257260,0.839728,-0.091443,0.792746,0.242784,1.128049,-0.175592,0.866207,0.158635,1.165864,-0.259140,0.868624,-0.083416,0.884016,-0.532145,0.825077,-0.356421,1.078719,-0.641087,0.834238,-0.465363,1.132496
347,0.982144,0.731793,1.045193,0.679637,0.086596,1.013098,1.024365,0.774751,0.065768,1.050820,0.963099,0.764266,-0.043968,0.857821,0.960161,0.801117,-0.046906,1.056785,0.917777,0.820550,-0.089290,1.074489
348,0.074478,0.798761,0.233401,0.717247,0.201135,1.066338,0.193370,0.774457,0.161105,1.104524,0.110608,0.805987,-0.008591,0.890698,0.161145,0.816702,0.041946,1.084980,0.129298,0.783136,0.010099,1.071186
349,0.011390,0.950549,-0.069941,0.891000,-0.157643,1.160554,-0.032249,0.961293,-0.119951,1.223278,-0.068493,0.941468,0.000963,0.866359,0.319089,0.904577,0.388544,1.163981,0.363673,0.834735,0.433129,1.175142
350,-0.152749,0.821384,-0.225555,0.745542,-0.063223,1.094257,-0.184203,0.798294,-0.021871,1.165744,-0.126533,0.822812,0.016065,0.903219,0.155243,0.823208,0.297841,1.115347,0.214237,0.855445,0.356835,1.153283
351,0.362091,0.710678,0.406981,0.718370,0.074996,0.997166,0.366459,0.653036,0.034474,0.963127,0.352762,0.670291,-0.041229,0.776794,0.306096,0.638212,-0.087895,0.915752,0.311361,0.657048,-0.082630,0.938906
352,0.222099,0.755591,0.433295,0.725943,0.273584,1.047423,0.404336,0.735598,0.244625,1.070858,0.286519,0.733124,-0.001689,0.815440,0.267717,0.721841,-0.020490,0.991366,0.207182,0.688828,-0.081026,0.997168
353,-0.711759,0.958246,-0.360321,0.997992,0.526685,1.269271,-0.379197,0.886878,0.507809,1.195179,-0.517476,0.906815,0.008547,0.919830,-0.571231,0.798760,-0.045208,1.159383,-0.470535,0.712334,0.055488,1.157236
354,0.091967,0.745607,0.193552,0.684810,0.143101,1.004456,0.138491,0.701771,0.088039,1.026084,0.132465,0.713120,-0.003490,0.810854,0.069049,0.736839,-0.066905,1.004373,0.093575,0.739767,-0.042380,1.021042
355,-0.142436,0.969854,-0.298601,1.031667,-0.246634,1.221019,-0.235596,0.997650,-0.183629,1.214910,-0.157795,0.962608,0.080498,0.889358,0.076462,0.838549,0.314755,1.192206,0.190370,0.787061,0.428663,1.209091
356,0.406397,0.813101,0.343124,0.759892,-0.043674,1.101305,0.210699,0.745663,-0.176098,1.100394,0.332052,0.765902,-0.095116,0.859941,0.222558,0.713723,-0.204610,1.029217,0.283723,0.706825,-0.143445,1.043943
357,0.402174,0.852301,0.549256,0.832845,0.195184,1.196211,0.592195,0.840978,0.238122,1.198682,0.473451,0.828451,0.020278,0.850969,0.357914,0.718609,-0.095258,1.019576,0.302290,0.701035,-0.150883,1.046049
358,0.515090,0.790006,0.479865,0.718164,-0.025891,1.089349,0.498679,0.712272,-0.007076,1.075867,0.556699,0.743559,0.031643,0.811079,0.635073,0.690754,0.110017,1.000921,0.706856,0.699645,0.181800,1.020252
359,0.200035,1.073132,0.806702,0.995220,0.790929,1.457242,0.659711,0.921468,0.643937,1.392686,0.320158,1.022517,-0.075095,0.902967,0.278195,0.802901,-0.117057,1.214376,0.247714,0.732453,-0.147539,1.243542
360,0.526297,0.823645,0.435055,0.873384,-0.088877,1.118114,0.389906,0.883332,-0.134026,1.123960,0.461580,0.863505,-0.067298,0.888497,0.124263,0.935770,-0.404615,1.165578,0.048966,0.942986,-0.479911,1.235494
361,0.592484,0.848279,0.568910,0.799933,-0.043174,1.150612,0.586211,0.799452,-0.025874,1.147962,0.598861,0.830264,0.027091,0.886725,0.696966,0.788194,0.125196,1.085547,0.736965,0.782355,0.165196,1.106971
362,0.067235,0.668677,0.021885,0.676867,-0.062556,0.935430,0.098392,0.698646,0.013951,0.948840,0.098328,0.684348,0.049329,0.749266,0.049678,0.685208,0.000679,0.897332,0.004298,0.672848,-0.044700,0.921542
363,0.432475,0.910495,0.878526,0.720396,0.613523,1.189562,0.817109,0.799332,0.552107,1.224335,0.622570,0.858660,0.012659,0.873793,0.447214,0.740618,-0.162697,1.080173,0.487348,0.697302,-0.122563,1.092201
364,0.463475,0.846759,0.248654,0.776781,-0.283718,1.157201,0.327899,0.829509,-0.204474,1.204094,0.435780,0.838757,0.045308,0.942848,0.529719,0.784367,0.139247,1.106302,0.450636,0.779028,0.060164,1.132516
365,0.174287,0.823420,-0.005368,0.764188,-0.272600,1.082832,0.101807,0.739621,-0.165426,1.057056,0.142225,0.775873,0.066402,0.879085,0.064458,0.790235,-0.011365,1.063228,0.104219,0.783747,0.028396,1.092141
366,-0.068990,0.728065,0.077294,0.653527,0.185755,0.931302,-0.006698,0.734539,0.101763,0.998577,-0.032435,0.736500,-0.005257,0.804455,-0.011894,0.664443,0.015285,0.947900,0.042714,0.673876,0.069892,0.966718
367,-0.016827,0.720048,0.006022,0.643376,0.023955,0.958597,-0.064701,0.733708,-0.046768,1.015898,-0.045239,0.747284,-0.029584,0.798106,0.034355,0.719183,0.050010,0.964860,0.054991,0.729719,0.070646,0.983777
368,-0.147285,1.077108,0.354505,1.126212,0.699731,1.529597,0.227316,1.097905,0.572542,1.489532,-0.016078,1.101143,-0.078512,0.902727,-0.342404,0.855072,-0.404838,1.264081,-0.355307,0.768027,-0.417742,1.296594
369,0.312649,0.827279,0.208550,0.800252,-0.143566,1.140865,0.208016,0.758427,-0.144100,1.118281,0.303313,0.773703,0.032446,0.825542,0.440544,0.737056,0.169676,1.057964,0.433643,0.685045,0.162775,1.028720
370,-0.808777,0.773277,-0.654154,0.698131,0.155166,1.036551,-0.749571,0.727300,0.059749,1.016005,-0.851025,0.763295,-0.042844,0.804210,-0.771352,0.716456,0.036829,0.973971,-0.751551,0.708870,0.056630,0.999224
371,0.363121,1.052774,-0.024475,1.127473,-0.572025,1.350117,0.070727,1.129545,-0.476823,1.381083,0.249975,1.089693,0.082208,0.929141,0.658550,0.883928,0.490784,1.238618,0.662159,0.792778,0.494393,1.269832
372,-0.165283,0.917321,0.060356,0.919816,0.339678,1.239206,0.012635,0.902879,0.291958,1.210325,-0.036729,0.898187,0.007722,0.931769,-0.268280,0.822494,-0.223830,1.175531,-0.217516,0.744038,-0.173065,1.157852
373,0.145442,0.906940,0.426653,0.852311,0.413443,1.114396,0.336907,0.852734,0.323697,1.101806,0.209605,0.878930,-0.075927,0.830454,-0.039960,0.785890,-0.325492,1.055720,-0.167518,0.748402,-0.453050,1.089076
374,0.204300,0.784993,0.315212,0.697783,0.137188,1.009770,0.317620,0.698042,0.139596,1.044984,0.233604,0.738302,0.001505,0.771663,0.277210,0.640717,0.045111,0.952282,0.237417,0.620621,0.005318,0.970739
375,0.599741,0.816774,0.498174,0.765671,-0.122347,1.085331,0.527008,0.745430,-0.093513,1.084144,0.589091,0.756585,0.011343,0.846802,0.527260,0.714215,-0.050489,1.024016,0.483496,0.714984,-0.094253,1.036348
376,0.118243,0.730457,0.211519,0.672591,0.119100,0.978633,0.254020,0.737246,0.161600,1.041753,0.183127,0.740017,0.037525,0.820543,0.191300,0.702430,0.045698,0.959153,0.252192,0.688635,0.106590,0.979817
377,-0.309401,0.754753,-0.423695,0.762770,-0.151610,1.047040,-0.290271,0.795753,-0.018187,1.066289,-0.275668,0.746237,0.073296,0.833619,-0.279654,0.702920,0.069311,0.984265,-0.159746,0.657955,0.189219,0.979769
378,-0.409121,0.734141,-0.401929,0.715163,0.013828,1.057865,-0.351986,0.705822,0.063771,1.039350,-0.363049,0.710815,0.039047,0.814798,-0.480195,0.687618,-0.078100,0.961240,-0.489201,0.695770,-0.087106,0.983849
379,0.448759,0.908352,0.204379,0.855123,-0.340504,1.212440,0.268265,0.849416,-0.276619,1.223499,0.396105,0.870726,0.049174,0.866000,0.360864,0.764981,0.013933,1.092536,0.308374,0.730406,-0.038558,1.110669
380,-0.188415,0.831467,-0.150056,0.730545,0.048907,1.106775,-0.102716,0.769266,0.096247,1.130720,-0.175929,0.788227,0.001320,0.850772,-0.102770,0.763201,0.074478,1.042430,-0.105145,0.723866,0.072104,1.050466
381,0.093945,0.787684,0.170475,0.771139,0.109499,1.130486,0.262578,0.751038,0.201602,1.103306,0.173125,0.781363,0.044256,0.802104,0.404422,0.675930,0.275552,0.982466,0.457639,0.650529,0.328769,0.994881
382,-0.111725,0.939161,0.171039,0.973485,0.423773,1.239348,0.260739,0.932202,0.513472,1.214861,0.110698,0.898621,0.073024,0.896887,0.086180,0.809661,0.048506,1.173988,0.101890,0.798354,0.064217,1.202753
383,-0.099309,0.841615,0.077267,0.877546,0.232854,1.187090,0.103379,0.884704,0.258967,1.205416,-0.018374,0.875094,0.021307,0.916150,-0.293768,0.811503,-0.254087,1.105236,-0.318354,0.753241,-0.278673,1.115239
384,0.244847,0.737205,0.164943,0.736912,-0.095441,1.034887,0.237838,0.740233,-0.022546,1.043455,0.270207,0.729205,0.041829,0.824373,0.250104,0.693900,0.021725,0.965843,0.272602,0.693284,0.044224,0.980110
385,-0.170657,0.699922,-0.256779,0.665899,-0.102792,0.950207,-0.265906,0.693822,-0.111919,0.990885,-0.192872,0.705962,-0.004556,0.769226,-0.358730,0.800847,-0.170414,1.008128,-0.307954,0.819468,-0.119638,1.058905
386,-0.164179,0.719874,-0.281824,0.686392,-0.130735,0.940337,-0.232774,0.739097,-0.081684,0.970172,-0.172363,0.738870,0.005680,0.770747,-0.362885,0.723943,-0.184842,0.976169,-0.370826,0.689286,-0.192783,0.968695
387,-0.173763,0.942509,-0.137305,1.011954,0.096186,1.337591,-0.066708,0.970734,0.166784,1.302189,-0.110721,0.923270,-0.000232,1.024961,-0.200600,1.020621,-0.090111,1.369787,-0.265829,0.998273,-0.155340,1.344409
388,0.006598,0.935902,-0.335113,1.013675,-0.510784,1.193982,-0.244425,0.943798,-0.420095,1.160376,-0.096349,0.914385,0.076178,0.831492,-0.059010,0.733126,0.113517,1.104942,-0.046850,0.700961,0.125677,1.146482
389,-0.333154,0.771237,-0.145260,0.752464,0.281489,0.998984,-0.112042,0.730329,0.314707,0.984363,-0.178732,0.734783,0.055283,0.788035,-0.027615,0.694846,0.206400,0.952353,0.013886,0.673255,0.247902,0.981522
390,-0.184635,0.837746,-0.042854,0.769684,0.189351,1.154112,-0.010407,0.748052,0.221797,1.130396,-0.071618,0.794861,0.062629,0.874081,-0.001079,0.758170,0.133167,1.066872,-0.036747,0.723527,0.097500,1.068899
391,0.172890,0.685871,0.259026,0.685905,0.134817,0.994942,0.267969,0.654236,0.143760,0.967860,0.197606,0.665488,-0.026851,0.715754,0.146279,0.627451,-0.078178,0.881087,0.134367,0.614843,-0.090090,0.898929
392,-0.080899,0.777637,-0.024109,0.770353,0.080778,1.055877,-0.067579,0.708781,0.037308,1.030224,-0.083786,0.721922,-0.028302,0.789857,-0.197972,0.682454,-0.142489,0.980253,-0.232790,0.658250,-0.177307,0.966195
393,-0.130585,0.808294,-0.055211,0.799306,0.139245,1.045660,-0.115158,0.772368,0.079298,1.037293,-0.104504,0.789674,-0.041596,0.830363,-0.267887,0.689886,-0.204979,0.984835,-0.274959,0.670837,-0.212051,0.998316
394,-0.136317,0.953728,-0.471003,0.956873,-0.477902,1.326806,-0.363433,0.924115,-0.370331,1.311167,-0.220088,0.925157,0.067957,0.937074,-0.095103,0.837813,0.192942,1.198318,-0.137506,0.817704,0.150539,1.235594
395,0.390634,0.827798,0.603799,0.819124,0.312615,1.164688,0.504991,0.792643,0.213807,1.131298,0.409852,0.784602,-0.086100,0.830671,0.205368,0.724799,-0.290583,1.018514,0.256552,0.664709,-0.239400,1.031669
396,-0.179131,0.868216,-0.444615,0.707604,-0.386962,1.137020,-0.444487,0.738034,-0.386834,1.159460,-0.345261,0.780208,-0.037446,0.843954,-0.524246,0.788207,-0.216431,1.113866,-0.565137,0.762283,-0.257322,1.102057
397,-0.531301,0.791417,-0.360371,0.672222,0.211646,1.053877,-0.453692,0.705804,0.118325,1.074333,-0.534822,0.757057,-0.046646,0.822057,-0.607864,0.741961,-0.119687,1.020235,-0.623835,0.746767,-0.135659,1.045275
398,-0.104302,0.765136,0.040743,0.748136,0.182330,1.110650,-0.096957,0.801811,0.044630,1.154159,-0.133277,0.781257,-0.068475,0.856026,-0.342338,0.788201,-0.277535,1.057587,-0.455176,0.783173,-0.390373,1.058959
399,0.195445,0.874848,0.237271,0.815833,0.024456,1.160296,0.291960,0.802358,0.079145,1.136220,0.228072,0.841739,0.051027,0.842341,0.482921,0.788723,0.305875,1.065663,0.522603,0.762920,0.345557,1.089281
400,0.627794,0.798484,0.869690,0.856220,0.351169,1.143571,0.822896,0.891836,0.304376,1.175043,0.717868,0.843285,-0.025682,0.860293,0.764237,0.903303,0.020687,1.183754,0.728251,0.875629,-0.015299,1.186108
401,-0.120618,0.820244,-0.000093,0.778743,0.122429,1.112911,0.036646,0.804084,0.159169,1.124728,-0.048306,0.792295,0.070283,0.846267,0.319449,0.748064,0.438037,1.014977,0.314847,0.719163,0.433436,1.028318
402,-0.123229,0.861231,0.087554,0.922711,0.328862,1.218328,0.053703,0.945497,0.295011,1.232486,-0.059799,0.919331,-0.061671,0.854904,-0.205197,0.839091,-0.207069,1.140471,-0.296490,0.788477,-0.298362,1.153437
403,0.219300,0.766309,0.352841,0.755541,0.159609,1.129200,0.245748,0.769332,0.052516,1.122967,0.206295,0.768347,-0.040632,0.857893,0.274546,0.763364,0.027619,1.013245,0.216926,0.708499,-0.030001,1.012411
404,-0.111132,0.805010,-0.301538,0.747244,-0.261345,1.137920,-0.369326,0.738480,-0.329133,1.104496,-0.231714,0.771273,-0.045432,0.837350,-0.183490,0.697706,0.002793,0.993896,-0.182563,0.672264,0.003719,1.004845
405,0.087660,0.707590,0.024893,0.688037,-0.054179,0.928400,0.041926,0.705445,-0.037146,0.935740,0.097067,0.697056,0.000300,0.744361,-0.012567,0.646389,-0.109334,0.897866,-0.094164,0.641933,-0.190931,0.916211
406,-0.228591,0.769024,-0.178514,0.778039,0.084004,1.037570,-0.096370,0.810973,0.166149,1.092717,-0.158075,0.791436,0.034570,0.831843,-0.108456,0.668505,0.084189,0.968824,-0.044287,0.674748,0.148358,1.002742
407,-0.061176,0.851474,-0.275809,0.756964,-0.255700,1.180210,-0.157974,0.784378,-0.137864,1.193886,-0.004294,0.820606,0.100391,0.872871,-0.173898,0.757732,-0.069212,1.079003,-0.169110,0.744814,-0.064424,1.091673
408,0.088434,0.958363,-0.257680,0.914861,-0.467462,1.353897,-0.263639,0.987254,-0.473420,1.396372,-0.029972,1.003734,0.010154,0.884921,0.132663,0.884640,0.172788,1.177790,0.107303,0.828476,0.147428,1.210374
409,-0.305661,1.012865,-0.704477,1.162360,-0.561188,1.430170,-0.638334,1.052382,-0.495045,1.368575,-0.443136,1.003210,0.034520,0.948932,-0.381177,0.894761,0.096480,1.282764,-0.411524,0.891723,0.066132,1.353651
410,-0.160060,0.718086,-0.275360,0.684038,-0.141131,0.975741,-0.261076,0.709034,-0.126847,0.994798,-0.182503,0.734646,0.004901,0.805451,-0.129109,0.737478,0.058294,0.983262,-0.052118,0.770319,0.135286,1.034803
411,0.517243,0.914896,0.771604,0.881151,0.388851,1.169289,0.701826,0.845791,0.319073,1.157059,0.579937,0.851183,-0.079722,0.845163,0.358325,0.696663,-0.301334,1.047605,0.344189,0.632511,-0.315470,1.064537
412,0.383514,0.774516,0.584954,0.752570,0.249092,1.077838,0.617107,0.757334,0.281244,1.082181,0.473431,0.745173,0.039391,0.856266,0.395463,0.714028,-0.038577,0.998006,0.451502,0.713407,0.017462,1.029273
413,-0.604932,0.797261,-0.649392,0.736777,-0.052882,1.053429,-0.644048,0.750113,-0.047538,1.075794,-0.562386,0.765859,0.051393,0.854943,-0.457333,0.745560,0.156447,1.045614,-0.459295,0.770400,0.154484,1.065835
414,0.189454,0.914918,-0.148926,0.831286,-0.406624,1.275832,-0.074877,0.790602,-0.332574,1.228214,0.151046,0.882386,0.033891,0.872491,0.101481,0.790713,-0.015675,1.088690,0.156749,0.754510,0.039593,1.119040
415,0.091599,1.086052,0.477452,1.170555,0.605894,1.504252,0.368383,1.073231,0.496825,1.419442,0.228299,1.024902,-0.096419,0.921488,0.193375,0.850524,-0.131344,1.263286,0.135476,0.788583,-0.189243,1.285341
416,-0.138613,0.841099,-0.445940,0.878825,-0.401511,1.210343,-0.331491,0.799030,-0.287061,1.144588,-0.154003,0.806603,0.084408,0.852144,0.055375,0.716407,0.293786,1.074450,0.033162,0.690872,0.271573,1.079695
417,-0.002408,0.853078,0.079103,0.922892,0.116777,1.167440,0.057910,0.861231,0.095584,1.136850,0.006325,0.834743,-0.028628,0.903543,-0.291585,0.930334,-0.326539,1.196710,-0.381786,0.874659,-0.416740,1.193597
418,-0.005640,0.831757,-0.262089,0.776914,-0.336876,1.079364,-0.350887,0.824486,-0.425674,1.134429,-0.178392,0.839250,-0.087543,0.825883,-0.130028,0.727421,-0.039180,1.013003,-0.153788,0.698122,-0.062939,1.045164
419,0.267812,0.782673,0.344851,0.813353,0.099622,1.140888,0.241520,0.766017,-0.003708,1.094765,0.254280,0.765173,-0.037438,0.878010,0.254620,0.798198,-0.037098,1.085442,0.160261,0.788735,-0.131457,1.104237
420,-0.824956,0.768891,-0.964714,0.707223,-0.195314,1.036135,-0.883280,0.766688,-0.113880,1.075165,-0.806544,0.755417,0.077312,0.811873,-0.640805,0.767192,0.243052,1.035298,-0.557275,0.749461,0.326581,1.029680
421,0.143747,0.851522,0.529901,0.728489,0.508206,1.135312,0.444261,0.829028,0.422566,1.181272,0.258079,0.836730,-0.014950,0.878519,0.298187,0.789367,0.025158,1.087054,0.334671,0.733610,0.061641,1.079350
422,-0.696004,0.845014,-0.914424,0.914932,-0.321150,1.168650,-0.799353,0.911315,-0.206080,1.186446,-0.747156,0.861006,0.057682,0.852793,-0.638260,0.740206,0.166578,1.061439,-0.630359,0.715930,0.174479,1.098621
423,0.076639,0.737010,-0.055024,0.688852,-0.164757,0.989679,-0.032402,0.739290,-0.142135,1.013172,0.067404,0.718785,0.025839,0.779380,-0.006098,0.684961,-0.047664,0.939217,-0.100629,0.673085,-0.142194,0.954595
424,-0.481985,0.861970,-0.752074,0.783934,-0.372058,1.149563,-0.667860,0.804126,-0.287843,1.183460,-0.531517,0.807072,0.058540,0.861582,-0.487063,0.740220,0.102995,1.042047,-0.437634,0.745426,0.152423,1.069665
425,-0.015791,0.916887,-0.113265,0.861000,-0.134836,1.174350,-0.062103,0.854556,-0.083673,1.181655,-0.035395,0.875153,0.019979,0.977458,-0.191135,0.868475,-0.135761,1.191200,-0.137389,0.836600,-0.082015,1.210534
426,0.388722,0.726116,0.295195,0.683981,-0.117565,0.991468,0.367875,0.730070,-0.044884,1.037983,0.370973,0.730565,0.007739,0.828641,0.314669,0.721751,-0.048566,1.000525,0.264763,0.745560,-0.098471,1.012120
427,0.227983,0.847154,0.139079,0.978814,-0.121415,1.192542,0.134538,0.895457,-0.125956,1.130492,0.161263,0.836921,-0.032268,0.881517,0.284677,0.724518,0.091146,1.093338,0.317042,0.718329,0.123512,1.121109
428,-0.457871,0.761242,-0.543315,0.741239,-0.124443,1.024959,-0.444200,0.792768,-0.025328,1.032282,-0.403354,0.779738,0.095878,0.783902,-0.134497,0.696628,0.364736,0.946876,-0.079250,0.649749,0.419983,0.943762
429,-0.383212,0.785983,-0.554656,0.757131,-0.223752,1.043823,-0.452437,0.777779,-0.121534,1.075770,-0.380205,0.755653,0.058410,0.796522,-0.241232,0.709791,0.197382,1.016357,-0.085932,0.691570,0.352683,1.025301
430,-0.346834,0.774379,-0.367694,0.816368,-0.007119,1.080394,-0.313502,0.766395,0.047073,1.060042,-0.304208,0.750674,0.028035,0.862523,-0.426383,0.707853,-0.094139,0.996280,-0.365716,0.683114,-0.033473,1.017045
431,0.656930,1.034416,1.113204,0.800996,0.601989,1.323598,1.021644,0.818492,0.510430,1.381207,0.753393,0.930025,-0.057863,0.900687,0.841958,0.799298,0.030701,1.182683,0.846793,0.770707,0.035537,1.222625
432,-0.025334,0.956806,-0.501857,0.987686,-0.653448,1.261940,-0.406467,0.912817,-0.558059,1.219828,-0.199043,0.926633,0.013738,0.911392,-0.064619,0.820060,0.148163,1.207864,-0.098159,0.767009,0.114622,1.212332
433,0.267095,0.828176,0.636479,0.775997,0.516529,1.116016,0.516713,0.814705,0.396763,1.138854,0.314432,0.837723,-0.108574,0.781057,0.281506,0.688694,-0.141500,1.001630,0.178725,0.677143,-0.244281,1.032777
434,-0.119927,0.850650,0.059664,0.797258,0.277159,1.123904,0.007952,0.826939,0.225447,1.179515,-0.051946,0.808177,-0.035397,0.892158,-0.040538,0.730663,-0.023989,1.036283,-0.127508,0.708589,-0.110959,1.060764
435,0.080860,0.802070,-0.045703,0.757693,-0.205073,1.030293,0.065113,0.787764,-0.094257,1.056273,0.059165,0.773397,0.061473,0.825406,0.098245,0.669931,0.100554,0.982211,0.081437,0.634643,0.083746,0.983701
436,0.022288,0.847288,-0.151513,0.651409,-0.238461,1.060798,-0.129775,0.697157,-0.216724,1.087125,-0.046552,0.769278,-0.000331,0.821881,-0.313947,0.700893,-0.267727,1.015366,-0.237247,0.716790,-0.191026,1.056453
437,0.312159,0.807356,0.485194,0.767501,0.195295,1.107256,0.539363,0.773853,0.249464,1.106008,0.367890,0.793589,0.032127,0.830752,0.335972,0.668730,0.000209,0.989075,0.325632,0.620652,-0.010131,0.974115
438,-0.391564,0.863483,-0.110677,0.843249,0.396265,1.198246,-0.169163,0.814962,0.337779,1.157585,-0.290874,0.819387,-0.021538,0.847694,-0.415575,0.758929,-0.146240,1.094224,-0.379935,0.716839,-0.110599,1.091488
439,-0.060684,0.852101,0.044905,0.764612,0.112715,1.087961,0.048865,0.718617,0.116674,1.087017,-0.030857,0.771774,0.022283,0.856063,0.049832,0.722875,0.102972,1.022634,0.106331,0.711723,0.159470,1.055688
440,0.715258,1.021249,0.808831,0.872293,0.178530,1.268237,0.695869,0.902409,0.065568,1.264861,0.738611,0.965180,-0.066650,0.925819,0.492648,0.918902,-0.312613,1.209479,0.503013,0.898883,-0.302248,1.255271
441,-0.268062,0.893478,-0.042447,0.826195,0.343662,1.132414,-0.062328,0.809443,0.323781,1.145636,-0.172448,0.835029,-0.029445,0.828884,-0.326922,0.741117,-0.183919,1.072202,-0.368538,0.669903,-0.225536,1.075938
442,0.209378,0.725503,0.250665,0.731358,0.027407,1.009088,0.214604,0.735563,-0.008655,1.004844,0.116148,0.734155,-0.078514,0.825552,0.147442,0.774931,-0.047220,1.014485,0.160489,0.757808,-0.034173,1.026291
443,0.055901,0.792706,0.055749,0.764012,-0.010307,1.064594,0.178739,0.793738,0.112683,1.065590,0.122709,0.796647,0.077566,0.851806,0.224974,0.823913,0.179830,1.100406,0.300520,0.812210,0.255376,1.097484
444,0.112922,0.909010,0.230759,0.804012,0.110646,1.185937,0.232562,0.775148,0.112450,1.174833,0.120312,0.846844,0.015002,0.849620,0.534136,0.810709,0.428826,1.086814,0.501905,0.734291,0.396594,1.084380
445,0.336851,0.776438,0.232595,0.711410,-0.132670,0.997147,0.317929,0.719474,-0.047336,1.036300,0.390361,0.761159,0.083583,0.803878,0.405379,0.684329,0.098601,0.968112,0.413132,0.646258,0.106354,0.979776
446,0.002769,0.819954,-0.306384,0.732749,-0.392706,1.077501,-0.261343,0.768444,-0.347664,1.099489,-0.098141,0.814568,-0.012387,0.817326,-0.024024,0.773681,0.061729,1.047913,-0.035564,0.731048,0.050190,1.064811
447,0.061523,0.904787,0.447012,0.722092,0.524971,1.202589,0.372829,0.824445,0.450788,1.266631,0.155241,0.920850,-0.054045,0.809713,-0.027862,0.835447,-0.237147,1.107728,-0.000641,0.748096,-0.209926,1.109402
448,-0.379654,0.879536,-0.341644,0.956611,0.103128,1.164231,-0.327810,0.914153,0.116962,1.125408,-0.326722,0.879674,-0.016069,0.915746,-0.627869,0.865325,-0.317216,1.145507,-0.595452,0.857945,-0.284799,1.183761
449,-0.084112,0.782265,-0.414161,0.747887,-0.437315,1.047391,-0.332717,0.749259,-0.355871,1.035532,-0.174815,0.789762,0.022943,0.825255,-0.122981,0.716662,0.074777,1.007482,-0.096180,0.720449,0.101577,1.041376
450,0.113925,0.843346,-0.197154,0.776458,-0.412011,1.097340,-0.178877,0.797530,-0.393734,1.128202,0.000753,0.822174,-0.006241,0.833558,0.066225,0.746243,0.059232,1.049426,0.164087,0.675195,0.157093,1.048413
451,-0.165478,0.720555,-0.054099,0.768590,0.130317,1.059628,-0.123004,0.754274,0.061412,1.050845,-0.192887,0.741943,-0.047463,0.803309,-0.271194,0.726662,-0.125771,0.993932,-0.282068,0.706228,-0.136644,0.999471
452,-0.041191,0.829216,-0.320998,0.712761,-0.356086,1.114413,-0.273352,0.760384,-0.308440,1.151014,-0.063217,0.850530,0.058800,0.862132,-0.096253,0.827928,0.025765,1.082161,-0.046021,0.811917,0.075996,1.121271
453,0.249085,0.821354,0.111553,0.847638,-0.132221,1.152766,0.092744,0.818093,-0.151031,1.132326,0.219856,0.796859,-0.034870,0.869399,0.141605,0.710498,-0.113122,1.039845,0.087571,0.691551,-0.167155,1.031579
454,0.344105,0.781175,0.353661,0.691577,0.031302,1.013435,0.393883,0.688611,0.071524,1.034202,0.402778,0.699873,0.035640,0.756665,0.308229,0.686581,-0.058909,0.941170,0.333829,0.678755,-0.033309,0.952731
455,-0.818512,0.886826,-1.017432,0.827200,-0.245506,1.191293,-0.908569,0.843577,-0.136643,1.214211,-0.816765,0.859002,0.051122,0.839587,-0.777558,0.704393,0.090329,1.043490,-0.678751,0.671951,0.189136,1.063640
456,-0.400059,0.924570,0.027354,0.835847,0.554460,1.259914,-0.166486,0.819675,0.360621,1.261047,-0.369424,0.854094,-0.103992,0.847986,-0.320518,0.783455,-0.055086,1.120126,-0.353227,0.746135,-0.087795,1.130880
457,0.363227,0.830934,0.457669,0.852328,0.156325,1.163586,0.409690,0.816957,0.108347,1.145663,0.391567,0.815028,-0.037204,0.847890,0.377102,0.772634,-0.051669,1.066229,0.391596,0.760833,-0.037175,1.101180
458,0.838477,0.790408,0.902443,0.904435,0.130439,1.047298,0.929018,0.837059,0.157014,1.013305,0.928397,0.783650,0.019529,0.828589,1.023379,0.751873,0.114511,1.050384,1.184793,0.808086,0.275925,1.119381
459,0.309017,0.801085,0.247659,0.815647,-0.071191,1.081518,0.265098,0.829077,-0.053752,1.090138,0.325315,0.793728,0.026715,0.846308,0.344783,0.718925,0.046183,1.030479,0.376062,0.703516,0.077462,1.033302
460,0.565030,0.774184,0.731929,0.684253,0.257207,1.001620,0.672961,0.727401,0.198240,1.035742,0.621197,0.734615,-0.039497,0.806132,0.558392,0.681395,-0.102302,0.968362,0.573213,0.709558,-0.087481,1.008758
461,-0.053126,0.801475,-0.052453,0.846753,0.058874,1.104042,-0.111192,0.805986,0.000135,1.085864,-0.059538,0.778785,-0.068071,0.886383,-0.135926,0.716032,-0.144459,1.030981,-0.216910,0.673993,-0.225443,1.037859
462,0.351910,0.905080,0.502637,0.942664,0.258657,1.147536,0.364577,0.920831,0.120596,1.166297,0.325548,0.896307,-0.140736,0.886089,0.199369,0.782704,-0.266914,1.095658,0.137818,0.761740,-0.328466,1.127182
463,0.280889,0.708664,0.368071,0.635885,0.105071,0.926455,0.406693,0.705738,0.143693,0.979164,0.352228,0.695100,0.052391,0.746721,0.456219,0.677334,0.156382,0.927199,0.499504,0.677025,0.199667,0.929589
464,-0.093858,0.841987,0.016698,0.744217,0.150652,1.147282,-0.076189,0.757257,0.057765,1.150238,-0.100889,0.760427,-0.049509,0.878469,-0.130607,0.710782,-0.079228,1.028003,-0.219366,0.717843,-0.167986,1.066703
465,-0.795968,0.688119,-0.729087,0.734511,0.103239,0.931845,-0.779669,0.724108,0.052657,0.944899,-0.791611,0.693328,-0.034055,0.785919,-0.888902,0.667205,-0.131346,0.912001,-0.849509,0.612207,-0.091953,0.892618
466,-0.230603,0.809725,-0.299161,0.753460,-0.064214,1.074738,-0.239175,0.777138,-0.004227,1.080820,-0.187711,0.783188,0.038300,0.851340,-0.369938,0.766322,-0.143927,1.042573,-0.276061,0.771243,-0.050049,1.061090
467,-0.353335,0.763435,-0.386457,0.761555,-0.015070,1.022771,-0.376869,0.739137,-0.005482,1.038982,-0.359322,0.721573,-0.025085,0.808721,-0.268617,0.746353,0.065620,0.994452,-0.220249,0.741971,0.113988,1.013776
468,-0.899604,0.838117,-1.028521,0.768203,-0.146772,1.167278,-1.044081,0.786141,-0.162332,1.182898,-0.915092,0.807878,0.003296,0.906406,-0.740042,0.807536,0.178346,1.084049,-0.710570,0.763208,0.207818,1.081656
469,0.835592,1.277228,0.373010,1.438763,-0.679464,1.849146,0.447635,1.377519,-0.604840,1.786923,0.674752,1.310869,0.068943,1.065315,1.129043,1.041484,0.523234,1.529335,1.274550,0.954995,0.668741,1.588390
470,-0.113065,1.143420,-0.732824,0.917722,-0.831269,1.558956,-0.628948,0.978756,-0.727393,1.591152,-0.307926,1.107829,0.029215,0.929216,-0.234988,0.903021,0.102154,1.272098,-0.171764,0.830881,0.165378,1.311687
471,0.621004,0.969688,1.037199,0.790711,0.568962,1.296883,1.003826,0.939951,0.535589,1.373984,0.787616,0.982857,0.004799,0.917097,0.513116,0.842881,-0.269701,1.179872,0.454213,0.780597,-0.328604,1.186582
472,0.145348,0.735427,-0.005641,0.666118,-0.180650,0.942037,0.061619,0.689289,-0.113390,0.963284,0.162477,0.709262,0.048547,0.790802,0.155027,0.685942,0.041098,0.942590,0.093147,0.633136,-0.020782,0.935934
473,0.004430,0.898559,-0.076462,0.899680,-0.094279,1.314468,-0.132585,0.843920,-0.150402,1.251327,-0.049112,0.856767,-0.039357,0.922462,-0.131209,0.852190,-0.121454,1.161119,-0.117720,0.849538,-0.107965,1.200072
474,0.269910,0.971078,0.592481,0.845699,0.410205,1.282642,0.606914,0.823033,0.424638,1.301312,0.409155,0.926391,0.046403,0.928660,0.350327,0.771148,-0.012426,1.143849,0.250943,0.747223,-0.111809,1.179030
475,-0.415437,0.926105,-0.477651,1.013798,-0.151440,1.256853,-0.462781,0.984375,-0.136570,1.257258,-0.498011,0.908360,0.011933,0.870655,-0.095608,0.802635,0.414336,1.124462,-0.053044,0.730682,0.456901,1.128655
476,0.007536,0.839809,0.292289,0.791089,0.378671,1.156823,0.186581,0.794950,0.272963,1.157191,0.034872,0.809744,-0.072170,0.849285,-0.166183,0.720812,-0.273225,0.994529,-0.249826,0.676685,-0.356868,1.016894
477,0.137157,0.903670,0.385552,0.790570,0.323041,1.182349,0.231040,0.798775,0.168529,1.194315,0.098470,0.829109,-0.117801,0.875228,0.079133,0.776812,-0.137138,1.098482,-0.071777,0.741405,-0.288048,1.100435
478,0.552027,0.899260,0.785287,0.865032,0.289954,1.278592,0.691386,0.870245,0.196054,1.276922,0.559890,0.891472,-0.052096,0.879525,0.615610,0.853915,0.003625,1.147427,0.534001,0.847082,-0.077984,1.193868
479,0.280789,0.811350,0.424350,0.733231,0.179975,1.110626,0.342508,0.764069,0.098133,1.130719,0.287629,0.755809,-0.031693,0.803813,0.156545,0.701720,-0.162778,0.983399,0.130700,0.675295,-0.188622,0.998746
480,0.198739,0.786293,0.295449,0.707887,0.112034,1.036662,0.210857,0.739091,0.027442,1.056579,0.153852,0.780636,-0.061129,0.863786,-0.011860,0.766650,-0.226841,1.021892,-0.144050,0.787381,-0.359031,1.066176
481,-0.173891,0.738280,-0.064901,0.794679,0.145483,1.039501,-0.239688,0.782496,-0.029304,1.042683,-0.265604,0.748539,-0.130373,0.822744,-0.489725,0.740707,-0.354494,0.978951,-0.557344,0.730936,-0.422113,1.001236
482,-0.856836,1.082406,-1.376152,1.018982,-0.676718,1.474020,-1.220915,1.005064,-0.521481,1.444269,-0.924105,1.037204,0.099466,0.988209,-0.656234,0.869106,0.367337,1.273972,-0.590883,0.801744,0.432688,1.283258
483,-0.535740,1.002076,-0.485658,0.958672,0.022551,1.309201,-0.651565,0.998530,-0.143356,1.357864,-0.681774,0.990846,-0.116856,1.030636,-0.410687,1.075074,0.154231,1.373022,-0.518353,0.951364,0.046565,1.327216
484,0.159106,0.942174,0.418747,1.050983,0.364686,1.326928,0.360245,1.001403,0.306184,1.290871,0.221422,0.929484,-0.048970,0.914806,-0.118616,0.837489,-0.389008,1.207241,-0.171222,0.781647,-0.441615,1.210598
485,-0.733628,0.827193,-0.882932,0.864139,-0.232395,1.195267,-0.834851,0.844620,-0.184314,1.176545,-0.775329,0.828148,0.046396,0.834153,-0.770578,0.719095,0.051147,1.053132,-0.747992,0.733232,0.073733,1.089562
486,-0.310730,0.816405,-0.299979,0.947223,0.006136,1.213276,-0.444065,0.846088,-0.137949,1.127314,-0.381608,0.806318,-0.065956,0.852715,-0.149249,0.834569,0.166402,1.116387,-0.130842,0.831220,0.184810,1.158783
487,-0.151200,0.800941,-0.180557,0.778197,-0.049543,1.122123,-0.240635,0.843368,-0.109622,1.148296,-0.279937,0.871606,-0.107369,0.990553,-0.333886,0.930463,-0.161319,1.186362,-0.513260,0.898095,-0.340693,1.174670
488,-0.051544,0.688707,-0.068737,0.825065,-0.043357,1.044772,-0.051869,0.804407,-0.026488,1.013377,-0.048892,0.739809,0.030376,0.761862,0.091866,0.688441,0.171134,0.968317,0.210824,0.670666,0.290091,0.960883
489,-0.195256,0.968318,0.033048,1.095232,0.333738,1.361214,-0.042982,1.007955,0.257708,1.303315,-0.143711,0.964335,-0.060139,0.920684,-0.392945,0.840577,-0.309373,1.195345,-0.463731,0.819419,-0.380158,1.240619
490,-0.055034,0.875652,-0.015297,0.794344,0.078184,1.125138,0.027439,0.785234,0.120920,1.116841,0.020332,0.809873,0.034635,0.885093,-0.231610,0.785634,-0.217306,1.063936,-0.218355,0.766389,-0.204052,1.103772
491,0.529050,0.810256,0.463550,0.773345,-0.094150,1.096716,0.520053,0.765258,-0.037647,1.097638,0.543272,0.767210,0.044537,0.831140,0.647309,0.731733,0.148573,1.025401,0.711105,0.712741,0.212369,1.030781
492,-0.093473,0.959346,-0.268145,1.079346,-0.220925,1.366897,-0.290471,0.997011,-0.243251,1.323052,-0.168018,0.946480,-0.025549,0.952284,0.005177,0.910985,0.147645,1.277744,0.062172,0.880939,0.204641,1.306752
493,-0.175218,0.815471,-0.084809,0.970128,0.139609,1.275907,0.030278,0.904059,0.254697,1.221881,-0.063537,0.840734,0.059560,0.840084,-0.111430,0.730758,0.011666,1.072494,-0.141791,0.690037,-0.018695,1.081384
494,0.220954,0.825366,0.336849,0.881375,0.112841,1.137448,0.359517,0.797188,0.135509,1.098109,0.251641,0.792010,0.033936,0.830103,0.358494,0.713863,0.140789,1.021177,0.475772,0.710131,0.258067,1.058434
495,-0.074204,0.951297,-0.483005,0.825414,-0.541798,1.283420,-0.442301,0.853254,-0.501094,1.307723,-0.262531,0.918896,-0.047428,0.953883,-0.001309,0.899461,0.213793,1.216950,0.107091,0.860213,0.322194,1.238010
496,-0.238062,0.877476,-0.496107,0.799668,-0.346636,1.183202,-0.509398,0.832102,-0.359927,1.215025,-0.352968,0.861237,-0.021054,0.939415,-0.190225,0.892344,0.141689,1.188596,-0.231214,0.837304,0.100700,1.182440
497,-0.293613,0.781604,-0.388679,0.839416,-0.147919,1.103707,-0.248392,0.860085,-0.007632,1.127820,-0.191931,0.838930,0.157699,0.907298,0.131436,0.759788,0.481066,1.054218,0.248669,0.722041,0.598299,1.044613
498,0.271077,0.914690,0.169821,0.905881,-0.149459,1.277759,0.191024,0.849193,-0.128255,1.257800,0.298468,0.849793,0.078458,0.883079,0.378365,0.768560,0.158356,1.137425,0.481582,0.742843,0.261573,1.133724
499,-0.267831,0.801220,-0.389713,0.820956,-0.160394,1.121707,-0.416757,0.804066,-0.187438,1.128847,-0.310862,0.801295,-0.002215,0.877601,-0.118734,0.757512,0.189912,1.056399,-0.181322,0.731557,0.127325,1.057253
500,-0.288000,0.749819,-0.337076,0.742781,-0.048350,0.992771,-0.330257,0.728967,-0.041531,1.008196,-0.299555,0.733613,-0.012332,0.807813,-0.384382,0.671581,-0.097159,0.979103,-0.336062,0.688100,-0.048838,1.002195
501,-0.212413,0.706058,-0.219242,0.622801,0.000896,0.913283,-0.332797,0.706358,-0.112659,0.975894,-0.311796,0.716580,-0.107568,0.790053,-0.140679,0.712650,0.063549,0.943812,-0.139433,0.707149,0.064795,0.971775
502,-0.171478,0.793916,-0.108716,0.760118,0.089569,1.086730,-0.165909,0.770971,0.032376,1.105822,-0.242183,0.793045,-0.099102,0.897103,-0.401143,0.766303,-0.258062,1.044841,-0.540687,0.758805,-0.397606,1.052046
503,0.129430,1.082368,0.427821,1.232194,0.467290,1.470700,0.495692,1.178835,0.535161,1.425097,0.353896,1.102096,0.045546,0.924292,0.029590,0.888929,-0.278760,1.297886,-0.026083,0.807610,-0.334433,1.330943
504,0.151554,0.805050,-0.025299,0.769674,-0.226353,1.094098,0.162373,0.779082,-0.038682,1.073337,0.211919,0.784588,0.112804,0.897866,0.044669,0.768056,-0.054446,1.095707,0.029550,0.745707,-0.069565,1.082398
505,0.110240,0.943744,-0.078003,0.826121,-0.208923,1.162191,-0.052254,0.848706,-0.183175,1.188072,0.068744,0.879896,-0.019589,0.903462,-0.251124,0.856610,-0.339457,1.123134,-0.251828,0.844711,-0.340161,1.190097
506,-0.036418,0.838171,-0.245411,0.874706,-0.329859,1.075259,-0.117724,0.839722,-0.202172,1.070149,-0.083478,0.832586,0.080987,0.827298,0.045318,0.861089,0.209783,1.116909,0.082657,0.829899,0.247122,1.116619
507,0.406991,0.810645,0.539699,0.871289,0.191043,1.127303,0.521649,0.888786,0.172992,1.136194,0.445026,0.850374,-0.023765,0.841362,0.220525,0.755051,-0.248267,1.046239,0.084124,0.740746,-0.384668,1.073815
508,0.486973,0.820941,0.637020,0.800946,0.176997,1.105385,0.495588,0.853992,0.035564,1.172612,0.391875,0.808978,-0.123654,0.830492,0.337216,0.760055,-0.178312,1.015974,0.226502,0.746684,-0.289027,1.045486
509,-0.458628,0.828141,-0.462544,0.824196,0.016395,1.156274,-0.509939,0.770690,-0.031001,1.107917,-0.487856,0.795650,-0.050769,0.881962,-0.501913,0.767044,-0.064826,1.058004,-0.543120,0.763904,-0.106033,1.089689
510,0.627779,0.981144,1.047191,0.760551,0.545833,1.280596,1.037111,0.773747,0.535753,1.260260,0.812975,0.937887,0.051336,0.897859,1.062886,0.869452,0.301248,1.211939,1.108324,0.859527,0.346686,1.251999
511,-0.043635,0.809554,0.142996,0.781778,0.246118,1.122257,0.161263,0.798959,0.264385,1.153661,0.061331,0.794359,0.041943,0.868879,0.073834,0.728836,0.054446,1.019822,0.150771,0.741307,0.131383,1.064312
